,,,,,,,,,,
,,,,,,,,,,
,,,,,,,,,,
,ID,item,preço,quantidade,medida,Unidades,Quilos,Gramas,Litros,MLs
,5,Sacolas Plásticas P,0.05,1,Unidades,0.05,"=IFERROR(Embalagens[[#This Row],[preço]] / (Embalagens[quantidade] / IF(Embalagens[[#This Row],[medida]] = ""Gramas"", 1000, IF(Embalagens[[#This Row],[medida]] = ""Quilos"", 1, 0))), """")","=IFERROR(Embalagens[[#This Row],[preço]] / (Embalagens[quantidade] * IF(Embalagens[[#This Row],[medida]] = ""Gramas"", 1, IF(Embalagens[[#This Row],[medida]] = ""Quilos"", 1000, 0))), """")","=IFERROR(Embalagens[[#This Row],[preço]] / (Embalagens[quantidade] / IF(Embalagens[[#This Row],[medida]] = ""ML"", 1000, IF(Embalagens[[#This Row],[medida]] = ""Litros"", 1, 0))), """")","=IFERROR(Embalagens[[#This Row],[preço]] / (Embalagens[quantidade] * IF(Embalagens[[#This Row],[medida]] = ""ML"", 1, IF(Embalagens[[#This Row],[medida]] = ""Litros"", 1000, 0))), """")"
,11,Sacolas Plásticas M,0.1,1,Unidades,0.1,"=IFERROR(Embalagens[[#This Row],[preço]] / (Embalagens[quantidade] / IF(Embalagens[[#This Row],[medida]] = ""Gramas"", 1000, IF(Embalagens[[#This Row],[medida]] = ""Quilos"", 1, 0))), """")","=IFERROR(Embalagens[[#This Row],[preço]] / (Embalagens[quantidade] * IF(Embalagens[[#This Row],[medida]] = ""Gramas"", 1, IF(Embalagens[[#This Row],[medida]] = ""Quilos"", 1000, 0))), """")","=IFERROR(Embalagens[[#This Row],[preço]] / (Embalagens[quantidade] / IF(Embalagens[[#This Row],[medida]] = ""ML"", 1000, IF(Embalagens[[#This Row],[medida]] = ""Litros"", 1, 0))), """")","=IFERROR(Embalagens[[#This Row],[preço]] / (Embalagens[quantidade] * IF(Embalagens[[#This Row],[medida]] = ""ML"", 1, IF(Embalagens[[#This Row],[medida]] = ""Litros"", 1000, 0))), """")"
,6,Sacolas Plásticas G,0.15,1,Unidades,0.15,"=IFERROR(Embalagens[[#This Row],[preço]] / (Embalagens[quantidade] / IF(Embalagens[[#This Row],[medida]] = ""Gramas"", 1000, IF(Embalagens[[#This Row],[medida]] = ""Quilos"", 1, 0))), """")","=IFERROR(Embalagens[[#This Row],[preço]] / (Embalagens[quantidade] * IF(Embalagens[[#This Row],[medida]] = ""Gramas"", 1, IF(Embalagens[[#This Row],[medida]] = ""Quilos"", 1000, 0))), """")","=IFERROR(Embalagens[[#This Row],[preço]] / (Embalagens[quantidade] / IF(Embalagens[[#This Row],[medida]] = ""ML"", 1000, IF(Embalagens[[#This Row],[medida]] = ""Litros"", 1, 0))), """")","=IFERROR(Embalagens[[#This Row],[preço]] / (Embalagens[quantidade] * IF(Embalagens[[#This Row],[medida]] = ""ML"", 1, IF(Embalagens[[#This Row],[medida]] = ""Litros"", 1000, 0))), """")"
,45,Isopor Embalagem de Cachorro Quente Grande,1,1,Unidades,1,"=IFERROR(Embalagens[[#This Row],[preço]] / (Embalagens[quantidade] / IF(Embalagens[[#This Row],[medida]] = ""Gramas"", 1000, IF(Embalagens[[#This Row],[medida]] = ""Quilos"", 1, 0))), """")","=IFERROR(Embalagens[[#This Row],[preço]] / (Embalagens[quantidade] * IF(Embalagens[[#This Row],[medida]] = ""Gramas"", 1, IF(Embalagens[[#This Row],[medida]] = ""Quilos"", 1000, 0))), """")","=IFERROR(Embalagens[[#This Row],[preço]] / (Embalagens[quantidade] / IF(Embalagens[[#This Row],[medida]] = ""ML"", 1000, IF(Embalagens[[#This Row],[medida]] = ""Litros"", 1, 0))), """")","=IFERROR(Embalagens[[#This Row],[preço]] / (Embalagens[quantidade] * IF(Embalagens[[#This Row],[medida]] = ""ML"", 1, IF(Embalagens[[#This Row],[medida]] = ""Litros"", 1000, 0))), """")"
,35,Saco de Papel,0.3,1,Unidades,0.3,"=IFERROR(Embalagens[[#This Row],[preço]] / (Embalagens[quantidade] / IF(Embalagens[[#This Row],[medida]] = ""Gramas"", 1000, IF(Embalagens[[#This Row],[medida]] = ""Quilos"", 1, 0))), """")","=IFERROR(Embalagens[[#This Row],[preço]] / (Embalagens[quantidade] * IF(Embalagens[[#This Row],[medida]] = ""Gramas"", 1, IF(Embalagens[[#This Row],[medida]] = ""Quilos"", 1000, 0))), """")","=IFERROR(Embalagens[[#This Row],[preço]] / (Embalagens[quantidade] / IF(Embalagens[[#This Row],[medida]] = ""ML"", 1000, IF(Embalagens[[#This Row],[medida]] = ""Litros"", 1, 0))), """")","=IFERROR(Embalagens[[#This Row],[preço]] / (Embalagens[quantidade] * IF(Embalagens[[#This Row],[medida]] = ""ML"", 1, IF(Embalagens[[#This Row],[medida]] = ""Litros"", 1000, 0))), """")"
,44,Guardanapo,10,50,Unidades,0.2,"=IFERROR(Embalagens[[#This Row],[preço]] / (Embalagens[quantidade] / IF(Embalagens[[#This Row],[medida]] = ""Gramas"", 1000, IF(Embalagens[[#This Row],[medida]] = ""Quilos"", 1, 0))), """")","=IFERROR(Embalagens[[#This Row],[preço]] / (Embalagens[quantidade] * IF(Embalagens[[#This Row],[medida]] = ""Gramas"", 1, IF(Embalagens[[#This Row],[medida]] = ""Quilos"", 1000, 0))), """")","=IFERROR(Embalagens[[#This Row],[preço]] / (Embalagens[quantidade] / IF(Embalagens[[#This Row],[medida]] = ""ML"", 1000, IF(Embalagens[[#This Row],[medida]] = ""Litros"", 1, 0))), """")","=IFERROR(Embalagens[[#This Row],[preço]] / (Embalagens[quantidade] * IF(Embalagens[[#This Row],[medida]] = ""ML"", 1, IF(Embalagens[[#This Row],[medida]] = ""Litros"", 1000, 0))), """")"
,51,Papel Toalha,10,100,Metros,10,"=IFERROR(Embalagens[[#This Row],[preço]] / (Embalagens[quantidade] / IF(Embalagens[[#This Row],[medida]] = ""Gramas"", 1000, IF(Embalagens[[#This Row],[medida]] = ""Quilos"", 1, 0))), """")","=IFERROR(Embalagens[[#This Row],[preço]] / (Embalagens[quantidade] * IF(Embalagens[[#This Row],[medida]] = ""Gramas"", 1, IF(Embalagens[[#This Row],[medida]] = ""Quilos"", 1000, 0))), """")","=IFERROR(Embalagens[[#This Row],[preço]] / (Embalagens[quantidade] / IF(Embalagens[[#This Row],[medida]] = ""ML"", 1000, IF(Embalagens[[#This Row],[medida]] = ""Litros"", 1, 0))), """")","=IFERROR(Embalagens[[#This Row],[preço]] / (Embalagens[quantidade] * IF(Embalagens[[#This Row],[medida]] = ""ML"", 1, IF(Embalagens[[#This Row],[medida]] = ""Litros"", 1000, 0))), """")"
,10,Embalagem Alumínio Espeto,1,1,Unidades,1,"=IFERROR(Embalagens[[#This Row],[preço]] / (Embalagens[quantidade] / IF(Embalagens[[#This Row],[medida]] = ""Gramas"", 1000, IF(Embalagens[[#This Row],[medida]] = ""Quilos"", 1, 0))), """")","=IFERROR(Embalagens[[#This Row],[preço]] / (Embalagens[quantidade] * IF(Embalagens[[#This Row],[medida]] = ""Gramas"", 1, IF(Embalagens[[#This Row],[medida]] = ""Quilos"", 1000, 0))), """")","=IFERROR(Embalagens[[#This Row],[preço]] / (Embalagens[quantidade] / IF(Embalagens[[#This Row],[medida]] = ""ML"", 1000, IF(Embalagens[[#This Row],[medida]] = ""Litros"", 1, 0))), """")","=IFERROR(Embalagens[[#This Row],[preço]] / (Embalagens[quantidade] * IF(Embalagens[[#This Row],[medida]] = ""ML"", 1, IF(Embalagens[[#This Row],[medida]] = ""Litros"", 1000, 0))), """")"
,12,Canudos,10,100,Unidades,0.1,"=IFERROR(Embalagens[[#This Row],[preço]] / (Embalagens[quantidade] / IF(Embalagens[[#This Row],[medida]] = ""Gramas"", 1000, IF(Embalagens[[#This Row],[medida]] = ""Quilos"", 1, 0))), """")","=IFERROR(Embalagens[[#This Row],[preço]] / (Embalagens[quantidade] * IF(Embalagens[[#This Row],[medida]] = ""Gramas"", 1, IF(Embalagens[[#This Row],[medida]] = ""Quilos"", 1000, 0))), """")","=IFERROR(Embalagens[[#This Row],[preço]] / (Embalagens[quantidade] / IF(Embalagens[[#This Row],[medida]] = ""ML"", 1000, IF(Embalagens[[#This Row],[medida]] = ""Litros"", 1, 0))), """")","=IFERROR(Embalagens[[#This Row],[preço]] / (Embalagens[quantidade] * IF(Embalagens[[#This Row],[medida]] = ""ML"", 1, IF(Embalagens[[#This Row],[medida]] = ""Litros"", 1000, 0))), """")"
,21,Ketchup Sachê,0.05,1,Unidades,0.05,"=IFERROR(Embalagens[[#This Row],[preço]] / (Embalagens[quantidade] / IF(Embalagens[[#This Row],[medida]] = ""Gramas"", 1000, IF(Embalagens[[#This Row],[medida]] = ""Quilos"", 1, 0))), """")","=IFERROR(Embalagens[[#This Row],[preço]] / (Embalagens[quantidade] * IF(Embalagens[[#This Row],[medida]] = ""Gramas"", 1, IF(Embalagens[[#This Row],[medida]] = ""Quilos"", 1000, 0))), """")","=IFERROR(Embalagens[[#This Row],[preço]] / (Embalagens[quantidade] / IF(Embalagens[[#This Row],[medida]] = ""ML"", 1000, IF(Embalagens[[#This Row],[medida]] = ""Litros"", 1, 0))), """")","=IFERROR(Embalagens[[#This Row],[preço]] / (Embalagens[quantidade] * IF(Embalagens[[#This Row],[medida]] = ""ML"", 1, IF(Embalagens[[#This Row],[medida]] = ""Litros"", 1000, 0))), """")"
,34,,,,Unidades,"=IF(Embalagens[preço] <> """", Embalagens[[#This Row],[preço]] / IF(Embalagens[[#This Row],[medida]] = ""unidades"", Embalagens[[#This Row],[quantidade]], 1), """")","=IFERROR(Embalagens[[#This Row],[preço]] / (Embalagens[quantidade] / IF(Embalagens[[#This Row],[medida]] = ""Gramas"", 1000, IF(Embalagens[[#This Row],[medida]] = ""Quilos"", 1, 0))), """")","=IFERROR(Embalagens[[#This Row],[preço]] / (Embalagens[quantidade] * IF(Embalagens[[#This Row],[medida]] = ""Gramas"", 1, IF(Embalagens[[#This Row],[medida]] = ""Quilos"", 1000, 0))), """")","=IFERROR(Embalagens[[#This Row],[preço]] / (Embalagens[quantidade] / IF(Embalagens[[#This Row],[medida]] = ""ML"", 1000, IF(Embalagens[[#This Row],[medida]] = ""Litros"", 1, 0))), """")","=IFERROR(Embalagens[[#This Row],[preço]] / (Embalagens[quantidade] * IF(Embalagens[[#This Row],[medida]] = ""ML"", 1, IF(Embalagens[[#This Row],[medida]] = ""Litros"", 1000, 0))), """")"
,24,,,,Unidades,"=IF(Embalagens[preço] <> """", Embalagens[[#This Row],[preço]] / IF(Embalagens[[#This Row],[medida]] = ""unidades"", Embalagens[[#This Row],[quantidade]], 1), """")","=IFERROR(Embalagens[[#This Row],[preço]] / (Embalagens[quantidade] / IF(Embalagens[[#This Row],[medida]] = ""Gramas"", 1000, IF(Embalagens[[#This Row],[medida]] = ""Quilos"", 1, 0))), """")","=IFERROR(Embalagens[[#This Row],[preço]] / (Embalagens[quantidade] * IF(Embalagens[[#This Row],[medida]] = ""Gramas"", 1, IF(Embalagens[[#This Row],[medida]] = ""Quilos"", 1000, 0))), """")","=IFERROR(Embalagens[[#This Row],[preço]] / (Embalagens[quantidade] / IF(Embalagens[[#This Row],[medida]] = ""ML"", 1000, IF(Embalagens[[#This Row],[medida]] = ""Litros"", 1, 0))), """")","=IFERROR(Embalagens[[#This Row],[preço]] / (Embalagens[quantidade] * IF(Embalagens[[#This Row],[medida]] = ""ML"", 1, IF(Embalagens[[#This Row],[medida]] = ""Litros"", 1000, 0))), """")"
,1,,,,Unidades,"=IF(Embalagens[preço] <> """", Embalagens[[#This Row],[preço]] / IF(Embalagens[[#This Row],[medida]] = ""unidades"", Embalagens[[#This Row],[quantidade]], 1), """")","=IFERROR(Embalagens[[#This Row],[preço]] / (Embalagens[quantidade] / IF(Embalagens[[#This Row],[medida]] = ""Gramas"", 1000, IF(Embalagens[[#This Row],[medida]] = ""Quilos"", 1, 0))), """")","=IFERROR(Embalagens[[#This Row],[preço]] / (Embalagens[quantidade] * IF(Embalagens[[#This Row],[medida]] = ""Gramas"", 1, IF(Embalagens[[#This Row],[medida]] = ""Quilos"", 1000, 0))), """")","=IFERROR(Embalagens[[#This Row],[preço]] / (Embalagens[quantidade] / IF(Embalagens[[#This Row],[medida]] = ""ML"", 1000, IF(Embalagens[[#This Row],[medida]] = ""Litros"", 1, 0))), """")","=IFERROR(Embalagens[[#This Row],[preço]] / (Embalagens[quantidade] * IF(Embalagens[[#This Row],[medida]] = ""ML"", 1, IF(Embalagens[[#This Row],[medida]] = ""Litros"", 1000, 0))), """")"
,8,,,,Unidades,"=IF(Embalagens[preço] <> """", Embalagens[[#This Row],[preço]] / IF(Embalagens[[#This Row],[medida]] = ""unidades"", Embalagens[[#This Row],[quantidade]], 1), """")","=IFERROR(Embalagens[[#This Row],[preço]] / (Embalagens[quantidade] / IF(Embalagens[[#This Row],[medida]] = ""Gramas"", 1000, IF(Embalagens[[#This Row],[medida]] = ""Quilos"", 1, 0))), """")","=IFERROR(Embalagens[[#This Row],[preço]] / (Embalagens[quantidade] * IF(Embalagens[[#This Row],[medida]] = ""Gramas"", 1, IF(Embalagens[[#This Row],[medida]] = ""Quilos"", 1000, 0))), """")","=IFERROR(Embalagens[[#This Row],[preço]] / (Embalagens[quantidade] / IF(Embalagens[[#This Row],[medida]] = ""ML"", 1000, IF(Embalagens[[#This Row],[medida]] = ""Litros"", 1, 0))), """")","=IFERROR(Embalagens[[#This Row],[preço]] / (Embalagens[quantidade] * IF(Embalagens[[#This Row],[medida]] = ""ML"", 1, IF(Embalagens[[#This Row],[medida]] = ""Litros"", 1000, 0))), """")"
,47,,,,Unidades,"=IF(Embalagens[preço] <> """", Embalagens[[#This Row],[preço]] / IF(Embalagens[[#This Row],[medida]] = ""unidades"", Embalagens[[#This Row],[quantidade]], 1), """")","=IFERROR(Embalagens[[#This Row],[preço]] / (Embalagens[quantidade] / IF(Embalagens[[#This Row],[medida]] = ""Gramas"", 1000, IF(Embalagens[[#This Row],[medida]] = ""Quilos"", 1, 0))), """")","=IFERROR(Embalagens[[#This Row],[preço]] / (Embalagens[quantidade] * IF(Embalagens[[#This Row],[medida]] = ""Gramas"", 1, IF(Embalagens[[#This Row],[medida]] = ""Quilos"", 1000, 0))), """")","=IFERROR(Embalagens[[#This Row],[preço]] / (Embalagens[quantidade] / IF(Embalagens[[#This Row],[medida]] = ""ML"", 1000, IF(Embalagens[[#This Row],[medida]] = ""Litros"", 1, 0))), """")","=IFERROR(Embalagens[[#This Row],[preço]] / (Embalagens[quantidade] * IF(Embalagens[[#This Row],[medida]] = ""ML"", 1, IF(Embalagens[[#This Row],[medida]] = ""Litros"", 1000, 0))), """")"
,28,,,,Unidades,"=IF(Embalagens[preço] <> """", Embalagens[[#This Row],[preço]] / IF(Embalagens[[#This Row],[medida]] = ""unidades"", Embalagens[[#This Row],[quantidade]], 1), """")","=IFERROR(Embalagens[[#This Row],[preço]] / (Embalagens[quantidade] / IF(Embalagens[[#This Row],[medida]] = ""Gramas"", 1000, IF(Embalagens[[#This Row],[medida]] = ""Quilos"", 1, 0))), """")","=IFERROR(Embalagens[[#This Row],[preço]] / (Embalagens[quantidade] * IF(Embalagens[[#This Row],[medida]] = ""Gramas"", 1, IF(Embalagens[[#This Row],[medida]] = ""Quilos"", 1000, 0))), """")","=IFERROR(Embalagens[[#This Row],[preço]] / (Embalagens[quantidade] / IF(Embalagens[[#This Row],[medida]] = ""ML"", 1000, IF(Embalagens[[#This Row],[medida]] = ""Litros"", 1, 0))), """")","=IFERROR(Embalagens[[#This Row],[preço]] / (Embalagens[quantidade] * IF(Embalagens[[#This Row],[medida]] = ""ML"", 1, IF(Embalagens[[#This Row],[medida]] = ""Litros"", 1000, 0))), """")"
,29,,,,Unidades,"=IF(Embalagens[preço] <> """", Embalagens[[#This Row],[preço]] / IF(Embalagens[[#This Row],[medida]] = ""unidades"", Embalagens[[#This Row],[quantidade]], 1), """")","=IFERROR(Embalagens[[#This Row],[preço]] / (Embalagens[quantidade] / IF(Embalagens[[#This Row],[medida]] = ""Gramas"", 1000, IF(Embalagens[[#This Row],[medida]] = ""Quilos"", 1, 0))), """")","=IFERROR(Embalagens[[#This Row],[preço]] / (Embalagens[quantidade] * IF(Embalagens[[#This Row],[medida]] = ""Gramas"", 1, IF(Embalagens[[#This Row],[medida]] = ""Quilos"", 1000, 0))), """")","=IFERROR(Embalagens[[#This Row],[preço]] / (Embalagens[quantidade] / IF(Embalagens[[#This Row],[medida]] = ""ML"", 1000, IF(Embalagens[[#This Row],[medida]] = ""Litros"", 1, 0))), """")","=IFERROR(Embalagens[[#This Row],[preço]] / (Embalagens[quantidade] * IF(Embalagens[[#This Row],[medida]] = ""ML"", 1, IF(Embalagens[[#This Row],[medida]] = ""Litros"", 1000, 0))), """")"
,38,,,,Unidades,"=IF(Embalagens[preço] <> """", Embalagens[[#This Row],[preço]] / IF(Embalagens[[#This Row],[medida]] = ""unidades"", Embalagens[[#This Row],[quantidade]], 1), """")","=IFERROR(Embalagens[[#This Row],[preço]] / (Embalagens[quantidade] / IF(Embalagens[[#This Row],[medida]] = ""Gramas"", 1000, IF(Embalagens[[#This Row],[medida]] = ""Quilos"", 1, 0))), """")","=IFERROR(Embalagens[[#This Row],[preço]] / (Embalagens[quantidade] * IF(Embalagens[[#This Row],[medida]] = ""Gramas"", 1, IF(Embalagens[[#This Row],[medida]] = ""Quilos"", 1000, 0))), """")","=IFERROR(Embalagens[[#This Row],[preço]] / (Embalagens[quantidade] / IF(Embalagens[[#This Row],[medida]] = ""ML"", 1000, IF(Embalagens[[#This Row],[medida]] = ""Litros"", 1, 0))), """")","=IFERROR(Embalagens[[#This Row],[preço]] / (Embalagens[quantidade] * IF(Embalagens[[#This Row],[medida]] = ""ML"", 1, IF(Embalagens[[#This Row],[medida]] = ""Litros"", 1000, 0))), """")"
,30,,,,Unidades,"=IF(Embalagens[preço] <> """", Embalagens[[#This Row],[preço]] / IF(Embalagens[[#This Row],[medida]] = ""unidades"", Embalagens[[#This Row],[quantidade]], 1), """")","=IFERROR(Embalagens[[#This Row],[preço]] / (Embalagens[quantidade] / IF(Embalagens[[#This Row],[medida]] = ""Gramas"", 1000, IF(Embalagens[[#This Row],[medida]] = ""Quilos"", 1, 0))), """")","=IFERROR(Embalagens[[#This Row],[preço]] / (Embalagens[quantidade] * IF(Embalagens[[#This Row],[medida]] = ""Gramas"", 1, IF(Embalagens[[#This Row],[medida]] = ""Quilos"", 1000, 0))), """")","=IFERROR(Embalagens[[#This Row],[preço]] / (Embalagens[quantidade] / IF(Embalagens[[#This Row],[medida]] = ""ML"", 1000, IF(Embalagens[[#This Row],[medida]] = ""Litros"", 1, 0))), """")","=IFERROR(Embalagens[[#This Row],[preço]] / (Embalagens[quantidade] * IF(Embalagens[[#This Row],[medida]] = ""ML"", 1, IF(Embalagens[[#This Row],[medida]] = ""Litros"", 1000, 0))), """")"
,22,,,,Unidades,"=IF(Embalagens[preço] <> """", Embalagens[[#This Row],[preço]] / IF(Embalagens[[#This Row],[medida]] = ""unidades"", Embalagens[[#This Row],[quantidade]], 1), """")","=IFERROR(Embalagens[[#This Row],[preço]] / (Embalagens[quantidade] / IF(Embalagens[[#This Row],[medida]] = ""Gramas"", 1000, IF(Embalagens[[#This Row],[medida]] = ""Quilos"", 1, 0))), """")","=IFERROR(Embalagens[[#This Row],[preço]] / (Embalagens[quantidade] * IF(Embalagens[[#This Row],[medida]] = ""Gramas"", 1, IF(Embalagens[[#This Row],[medida]] = ""Quilos"", 1000, 0))), """")","=IFERROR(Embalagens[[#This Row],[preço]] / (Embalagens[quantidade] / IF(Embalagens[[#This Row],[medida]] = ""ML"", 1000, IF(Embalagens[[#This Row],[medida]] = ""Litros"", 1, 0))), """")","=IFERROR(Embalagens[[#This Row],[preço]] / (Embalagens[quantidade] * IF(Embalagens[[#This Row],[medida]] = ""ML"", 1, IF(Embalagens[[#This Row],[medida]] = ""Litros"", 1000, 0))), """")"
,41,,,,Unidades,"=IF(Embalagens[preço] <> """", Embalagens[[#This Row],[preço]] / IF(Embalagens[[#This Row],[medida]] = ""unidades"", Embalagens[[#This Row],[quantidade]], 1), """")","=IFERROR(Embalagens[[#This Row],[preço]] / (Embalagens[quantidade] / IF(Embalagens[[#This Row],[medida]] = ""Gramas"", 1000, IF(Embalagens[[#This Row],[medida]] = ""Quilos"", 1, 0))), """")","=IFERROR(Embalagens[[#This Row],[preço]] / (Embalagens[quantidade] * IF(Embalagens[[#This Row],[medida]] = ""Gramas"", 1, IF(Embalagens[[#This Row],[medida]] = ""Quilos"", 1000, 0))), """")","=IFERROR(Embalagens[[#This Row],[preço]] / (Embalagens[quantidade] / IF(Embalagens[[#This Row],[medida]] = ""ML"", 1000, IF(Embalagens[[#This Row],[medida]] = ""Litros"", 1, 0))), """")","=IFERROR(Embalagens[[#This Row],[preço]] / (Embalagens[quantidade] * IF(Embalagens[[#This Row],[medida]] = ""ML"", 1, IF(Embalagens[[#This Row],[medida]] = ""Litros"", 1000, 0))), """")"
,112,,,,Unidades,"=IF(Embalagens[preço] <> """", Embalagens[[#This Row],[preço]] / IF(Embalagens[[#This Row],[medida]] = ""unidades"", Embalagens[[#This Row],[quantidade]], 1), """")","=IFERROR(Embalagens[[#This Row],[preço]] / (Embalagens[quantidade] / IF(Embalagens[[#This Row],[medida]] = ""Gramas"", 1000, IF(Embalagens[[#This Row],[medida]] = ""Quilos"", 1, 0))), """")","=IFERROR(Embalagens[[#This Row],[preço]] / (Embalagens[quantidade] * IF(Embalagens[[#This Row],[medida]] = ""Gramas"", 1, IF(Embalagens[[#This Row],[medida]] = ""Quilos"", 1000, 0))), """")","=IFERROR(Embalagens[[#This Row],[preço]] / (Embalagens[quantidade] / IF(Embalagens[[#This Row],[medida]] = ""ML"", 1000, IF(Embalagens[[#This Row],[medida]] = ""Litros"", 1, 0))), """")","=IFERROR(Embalagens[[#This Row],[preço]] / (Embalagens[quantidade] * IF(Embalagens[[#This Row],[medida]] = ""ML"", 1, IF(Embalagens[[#This Row],[medida]] = ""Litros"", 1000, 0))), """")"
,117,,,,Unidades,"=IF(Embalagens[preço] <> """", Embalagens[[#This Row],[preço]] / IF(Embalagens[[#This Row],[medida]] = ""unidades"", Embalagens[[#This Row],[quantidade]], 1), """")","=IFERROR(Embalagens[[#This Row],[preço]] / (Embalagens[quantidade] / IF(Embalagens[[#This Row],[medida]] = ""Gramas"", 1000, IF(Embalagens[[#This Row],[medida]] = ""Quilos"", 1, 0))), """")","=IFERROR(Embalagens[[#This Row],[preço]] / (Embalagens[quantidade] * IF(Embalagens[[#This Row],[medida]] = ""Gramas"", 1, IF(Embalagens[[#This Row],[medida]] = ""Quilos"", 1000, 0))), """")","=IFERROR(Embalagens[[#This Row],[preço]] / (Embalagens[quantidade] / IF(Embalagens[[#This Row],[medida]] = ""ML"", 1000, IF(Embalagens[[#This Row],[medida]] = ""Litros"", 1, 0))), """")","=IFERROR(Embalagens[[#This Row],[preço]] / (Embalagens[quantidade] * IF(Embalagens[[#This Row],[medida]] = ""ML"", 1, IF(Embalagens[[#This Row],[medida]] = ""Litros"", 1000, 0))), """")"
,114,,,,Unidades,"=IF(Embalagens[preço] <> """", Embalagens[[#This Row],[preço]] / IF(Embalagens[[#This Row],[medida]] = ""unidades"", Embalagens[[#This Row],[quantidade]], 1), """")","=IFERROR(Embalagens[[#This Row],[preço]] / (Embalagens[quantidade] / IF(Embalagens[[#This Row],[medida]] = ""Gramas"", 1000, IF(Embalagens[[#This Row],[medida]] = ""Quilos"", 1, 0))), """")","=IFERROR(Embalagens[[#This Row],[preço]] / (Embalagens[quantidade] * IF(Embalagens[[#This Row],[medida]] = ""Gramas"", 1, IF(Embalagens[[#This Row],[medida]] = ""Quilos"", 1000, 0))), """")","=IFERROR(Embalagens[[#This Row],[preço]] / (Embalagens[quantidade] / IF(Embalagens[[#This Row],[medida]] = ""ML"", 1000, IF(Embalagens[[#This Row],[medida]] = ""Litros"", 1, 0))), """")","=IFERROR(Embalagens[[#This Row],[preço]] / (Embalagens[quantidade] * IF(Embalagens[[#This Row],[medida]] = ""ML"", 1, IF(Embalagens[[#This Row],[medida]] = ""Litros"", 1000, 0))), """")"
,108,,,,Unidades,"=IF(Embalagens[preço] <> """", Embalagens[[#This Row],[preço]] / IF(Embalagens[[#This Row],[medida]] = ""unidades"", Embalagens[[#This Row],[quantidade]], 1), """")","=IFERROR(Embalagens[[#This Row],[preço]] / (Embalagens[quantidade] / IF(Embalagens[[#This Row],[medida]] = ""Gramas"", 1000, IF(Embalagens[[#This Row],[medida]] = ""Quilos"", 1, 0))), """")","=IFERROR(Embalagens[[#This Row],[preço]] / (Embalagens[quantidade] * IF(Embalagens[[#This Row],[medida]] = ""Gramas"", 1, IF(Embalagens[[#This Row],[medida]] = ""Quilos"", 1000, 0))), """")","=IFERROR(Embalagens[[#This Row],[preço]] / (Embalagens[quantidade] / IF(Embalagens[[#This Row],[medida]] = ""ML"", 1000, IF(Embalagens[[#This Row],[medida]] = ""Litros"", 1, 0))), """")","=IFERROR(Embalagens[[#This Row],[preço]] / (Embalagens[quantidade] * IF(Embalagens[[#This Row],[medida]] = ""ML"", 1, IF(Embalagens[[#This Row],[medida]] = ""Litros"", 1000, 0))), """")"
,109,,,,Unidades,"=IF(Embalagens[preço] <> """", Embalagens[[#This Row],[preço]] / IF(Embalagens[[#This Row],[medida]] = ""unidades"", Embalagens[[#This Row],[quantidade]], 1), """")","=IFERROR(Embalagens[[#This Row],[preço]] / (Embalagens[quantidade] / IF(Embalagens[[#This Row],[medida]] = ""Gramas"", 1000, IF(Embalagens[[#This Row],[medida]] = ""Quilos"", 1, 0))), """")","=IFERROR(Embalagens[[#This Row],[preço]] / (Embalagens[quantidade] * IF(Embalagens[[#This Row],[medida]] = ""Gramas"", 1, IF(Embalagens[[#This Row],[medida]] = ""Quilos"", 1000, 0))), """")","=IFERROR(Embalagens[[#This Row],[preço]] / (Embalagens[quantidade] / IF(Embalagens[[#This Row],[medida]] = ""ML"", 1000, IF(Embalagens[[#This Row],[medida]] = ""Litros"", 1, 0))), """")","=IFERROR(Embalagens[[#This Row],[preço]] / (Embalagens[quantidade] * IF(Embalagens[[#This Row],[medida]] = ""ML"", 1, IF(Embalagens[[#This Row],[medida]] = ""Litros"", 1000, 0))), """")"
,113,,,,Unidades,"=IF(Embalagens[preço] <> """", Embalagens[[#This Row],[preço]] / IF(Embalagens[[#This Row],[medida]] = ""unidades"", Embalagens[[#This Row],[quantidade]], 1), """")","=IFERROR(Embalagens[[#This Row],[preço]] / (Embalagens[quantidade] / IF(Embalagens[[#This Row],[medida]] = ""Gramas"", 1000, IF(Embalagens[[#This Row],[medida]] = ""Quilos"", 1, 0))), """")","=IFERROR(Embalagens[[#This Row],[preço]] / (Embalagens[quantidade] * IF(Embalagens[[#This Row],[medida]] = ""Gramas"", 1, IF(Embalagens[[#This Row],[medida]] = ""Quilos"", 1000, 0))), """")","=IFERROR(Embalagens[[#This Row],[preço]] / (Embalagens[quantidade] / IF(Embalagens[[#This Row],[medida]] = ""ML"", 1000, IF(Embalagens[[#This Row],[medida]] = ""Litros"", 1, 0))), """")","=IFERROR(Embalagens[[#This Row],[preço]] / (Embalagens[quantidade] * IF(Embalagens[[#This Row],[medida]] = ""ML"", 1, IF(Embalagens[[#This Row],[medida]] = ""Litros"", 1000, 0))), """")"
,110,,,,Unidades,"=IF(Embalagens[preço] <> """", Embalagens[[#This Row],[preço]] / IF(Embalagens[[#This Row],[medida]] = ""unidades"", Embalagens[[#This Row],[quantidade]], 1), """")","=IFERROR(Embalagens[[#This Row],[preço]] / (Embalagens[quantidade] / IF(Embalagens[[#This Row],[medida]] = ""Gramas"", 1000, IF(Embalagens[[#This Row],[medida]] = ""Quilos"", 1, 0))), """")","=IFERROR(Embalagens[[#This Row],[preço]] / (Embalagens[quantidade] * IF(Embalagens[[#This Row],[medida]] = ""Gramas"", 1, IF(Embalagens[[#This Row],[medida]] = ""Quilos"", 1000, 0))), """")","=IFERROR(Embalagens[[#This Row],[preço]] / (Embalagens[quantidade] / IF(Embalagens[[#This Row],[medida]] = ""ML"", 1000, IF(Embalagens[[#This Row],[medida]] = ""Litros"", 1, 0))), """")","=IFERROR(Embalagens[[#This Row],[preço]] / (Embalagens[quantidade] * IF(Embalagens[[#This Row],[medida]] = ""ML"", 1, IF(Embalagens[[#This Row],[medida]] = ""Litros"", 1000, 0))), """")"
,115,,,,Unidades,"=IF(Embalagens[preço] <> """", Embalagens[[#This Row],[preço]] / IF(Embalagens[[#This Row],[medida]] = ""unidades"", Embalagens[[#This Row],[quantidade]], 1), """")","=IFERROR(Embalagens[[#This Row],[preço]] / (Embalagens[quantidade] / IF(Embalagens[[#This Row],[medida]] = ""Gramas"", 1000, IF(Embalagens[[#This Row],[medida]] = ""Quilos"", 1, 0))), """")","=IFERROR(Embalagens[[#This Row],[preço]] / (Embalagens[quantidade] * IF(Embalagens[[#This Row],[medida]] = ""Gramas"", 1, IF(Embalagens[[#This Row],[medida]] = ""Quilos"", 1000, 0))), """")","=IFERROR(Embalagens[[#This Row],[preço]] / (Embalagens[quantidade] / IF(Embalagens[[#This Row],[medida]] = ""ML"", 1000, IF(Embalagens[[#This Row],[medida]] = ""Litros"", 1, 0))), """")","=IFERROR(Embalagens[[#This Row],[preço]] / (Embalagens[quantidade] * IF(Embalagens[[#This Row],[medida]] = ""ML"", 1, IF(Embalagens[[#This Row],[medida]] = ""Litros"", 1000, 0))), """")"
,116,,,,Unidades,"=IF(Embalagens[preço] <> """", Embalagens[[#This Row],[preço]] / IF(Embalagens[[#This Row],[medida]] = ""unidades"", Embalagens[[#This Row],[quantidade]], 1), """")","=IFERROR(Embalagens[[#This Row],[preço]] / (Embalagens[quantidade] / IF(Embalagens[[#This Row],[medida]] = ""Gramas"", 1000, IF(Embalagens[[#This Row],[medida]] = ""Quilos"", 1, 0))), """")","=IFERROR(Embalagens[[#This Row],[preço]] / (Embalagens[quantidade] * IF(Embalagens[[#This Row],[medida]] = ""Gramas"", 1, IF(Embalagens[[#This Row],[medida]] = ""Quilos"", 1000, 0))), """")","=IFERROR(Embalagens[[#This Row],[preço]] / (Embalagens[quantidade] / IF(Embalagens[[#This Row],[medida]] = ""ML"", 1000, IF(Embalagens[[#This Row],[medida]] = ""Litros"", 1, 0))), """")","=IFERROR(Embalagens[[#This Row],[preço]] / (Embalagens[quantidade] * IF(Embalagens[[#This Row],[medida]] = ""ML"", 1, IF(Embalagens[[#This Row],[medida]] = ""Litros"", 1000, 0))), """")"
,111,,,,Unidades,"=IF(Embalagens[preço] <> """", Embalagens[[#This Row],[preço]] / IF(Embalagens[[#This Row],[medida]] = ""unidades"", Embalagens[[#This Row],[quantidade]], 1), """")","=IFERROR(Embalagens[[#This Row],[preço]] / (Embalagens[quantidade] / IF(Embalagens[[#This Row],[medida]] = ""Gramas"", 1000, IF(Embalagens[[#This Row],[medida]] = ""Quilos"", 1, 0))), """")","=IFERROR(Embalagens[[#This Row],[preço]] / (Embalagens[quantidade] * IF(Embalagens[[#This Row],[medida]] = ""Gramas"", 1, IF(Embalagens[[#This Row],[medida]] = ""Quilos"", 1000, 0))), """")","=IFERROR(Embalagens[[#This Row],[preço]] / (Embalagens[quantidade] / IF(Embalagens[[#This Row],[medida]] = ""ML"", 1000, IF(Embalagens[[#This Row],[medida]] = ""Litros"", 1, 0))), """")","=IFERROR(Embalagens[[#This Row],[preço]] / (Embalagens[quantidade] * IF(Embalagens[[#This Row],[medida]] = ""ML"", 1, IF(Embalagens[[#This Row],[medida]] = ""Litros"", 1000, 0))), """")"
,40,,,,Unidades,"=IF(Embalagens[preço] <> """", Embalagens[[#This Row],[preço]] / IF(Embalagens[[#This Row],[medida]] = ""unidades"", Embalagens[[#This Row],[quantidade]], 1), """")","=IFERROR(Embalagens[[#This Row],[preço]] / (Embalagens[quantidade] / IF(Embalagens[[#This Row],[medida]] = ""Gramas"", 1000, IF(Embalagens[[#This Row],[medida]] = ""Quilos"", 1, 0))), """")","=IFERROR(Embalagens[[#This Row],[preço]] / (Embalagens[quantidade] * IF(Embalagens[[#This Row],[medida]] = ""Gramas"", 1, IF(Embalagens[[#This Row],[medida]] = ""Quilos"", 1000, 0))), """")","=IFERROR(Embalagens[[#This Row],[preço]] / (Embalagens[quantidade] / IF(Embalagens[[#This Row],[medida]] = ""ML"", 1000, IF(Embalagens[[#This Row],[medida]] = ""Litros"", 1, 0))), """")","=IFERROR(Embalagens[[#This Row],[preço]] / (Embalagens[quantidade] * IF(Embalagens[[#This Row],[medida]] = ""ML"", 1, IF(Embalagens[[#This Row],[medida]] = ""Litros"", 1000, 0))), """")"
,39,,,,Unidades,"=IF(Embalagens[preço] <> """", Embalagens[[#This Row],[preço]] / IF(Embalagens[[#This Row],[medida]] = ""unidades"", Embalagens[[#This Row],[quantidade]], 1), """")","=IFERROR(Embalagens[[#This Row],[preço]] / (Embalagens[quantidade] / IF(Embalagens[[#This Row],[medida]] = ""Gramas"", 1000, IF(Embalagens[[#This Row],[medida]] = ""Quilos"", 1, 0))), """")","=IFERROR(Embalagens[[#This Row],[preço]] / (Embalagens[quantidade] * IF(Embalagens[[#This Row],[medida]] = ""Gramas"", 1, IF(Embalagens[[#This Row],[medida]] = ""Quilos"", 1000, 0))), """")","=IFERROR(Embalagens[[#This Row],[preço]] / (Embalagens[quantidade] / IF(Embalagens[[#This Row],[medida]] = ""ML"", 1000, IF(Embalagens[[#This Row],[medida]] = ""Litros"", 1, 0))), """")","=IFERROR(Embalagens[[#This Row],[preço]] / (Embalagens[quantidade] * IF(Embalagens[[#This Row],[medida]] = ""ML"", 1, IF(Embalagens[[#This Row],[medida]] = ""Litros"", 1000, 0))), """")"
,27,,,,Unidades,"=IF(Embalagens[preço] <> """", Embalagens[[#This Row],[preço]] / IF(Embalagens[[#This Row],[medida]] = ""unidades"", Embalagens[[#This Row],[quantidade]], 1), """")","=IFERROR(Embalagens[[#This Row],[preço]] / (Embalagens[quantidade] / IF(Embalagens[[#This Row],[medida]] = ""Gramas"", 1000, IF(Embalagens[[#This Row],[medida]] = ""Quilos"", 1, 0))), """")","=IFERROR(Embalagens[[#This Row],[preço]] / (Embalagens[quantidade] * IF(Embalagens[[#This Row],[medida]] = ""Gramas"", 1, IF(Embalagens[[#This Row],[medida]] = ""Quilos"", 1000, 0))), """")","=IFERROR(Embalagens[[#This Row],[preço]] / (Embalagens[quantidade] / IF(Embalagens[[#This Row],[medida]] = ""ML"", 1000, IF(Embalagens[[#This Row],[medida]] = ""Litros"", 1, 0))), """")","=IFERROR(Embalagens[[#This Row],[preço]] / (Embalagens[quantidade] * IF(Embalagens[[#This Row],[medida]] = ""ML"", 1, IF(Embalagens[[#This Row],[medida]] = ""Litros"", 1000, 0))), """")"
,32,,,,Unidades,"=IF(Embalagens[preço] <> """", Embalagens[[#This Row],[preço]] / IF(Embalagens[[#This Row],[medida]] = ""unidades"", Embalagens[[#This Row],[quantidade]], 1), """")","=IFERROR(Embalagens[[#This Row],[preço]] / (Embalagens[quantidade] / IF(Embalagens[[#This Row],[medida]] = ""Gramas"", 1000, IF(Embalagens[[#This Row],[medida]] = ""Quilos"", 1, 0))), """")","=IFERROR(Embalagens[[#This Row],[preço]] / (Embalagens[quantidade] * IF(Embalagens[[#This Row],[medida]] = ""Gramas"", 1, IF(Embalagens[[#This Row],[medida]] = ""Quilos"", 1000, 0))), """")","=IFERROR(Embalagens[[#This Row],[preço]] / (Embalagens[quantidade] / IF(Embalagens[[#This Row],[medida]] = ""ML"", 1000, IF(Embalagens[[#This Row],[medida]] = ""Litros"", 1, 0))), """")","=IFERROR(Embalagens[[#This Row],[preço]] / (Embalagens[quantidade] * IF(Embalagens[[#This Row],[medida]] = ""ML"", 1, IF(Embalagens[[#This Row],[medida]] = ""Litros"", 1000, 0))), """")"
,31,,,,Unidades,"=IF(Embalagens[preço] <> """", Embalagens[[#This Row],[preço]] / IF(Embalagens[[#This Row],[medida]] = ""unidades"", Embalagens[[#This Row],[quantidade]], 1), """")","=IFERROR(Embalagens[[#This Row],[preço]] / (Embalagens[quantidade] / IF(Embalagens[[#This Row],[medida]] = ""Gramas"", 1000, IF(Embalagens[[#This Row],[medida]] = ""Quilos"", 1, 0))), """")","=IFERROR(Embalagens[[#This Row],[preço]] / (Embalagens[quantidade] * IF(Embalagens[[#This Row],[medida]] = ""Gramas"", 1, IF(Embalagens[[#This Row],[medida]] = ""Quilos"", 1000, 0))), """")","=IFERROR(Embalagens[[#This Row],[preço]] / (Embalagens[quantidade] / IF(Embalagens[[#This Row],[medida]] = ""ML"", 1000, IF(Embalagens[[#This Row],[medida]] = ""Litros"", 1, 0))), """")","=IFERROR(Embalagens[[#This Row],[preço]] / (Embalagens[quantidade] * IF(Embalagens[[#This Row],[medida]] = ""ML"", 1, IF(Embalagens[[#This Row],[medida]] = ""Litros"", 1000, 0))), """")"
,36,,,,Unidades,"=IF(Embalagens[preço] <> """", Embalagens[[#This Row],[preço]] / IF(Embalagens[[#This Row],[medida]] = ""unidades"", Embalagens[[#This Row],[quantidade]], 1), """")","=IFERROR(Embalagens[[#This Row],[preço]] / (Embalagens[quantidade] / IF(Embalagens[[#This Row],[medida]] = ""Gramas"", 1000, IF(Embalagens[[#This Row],[medida]] = ""Quilos"", 1, 0))), """")","=IFERROR(Embalagens[[#This Row],[preço]] / (Embalagens[quantidade] * IF(Embalagens[[#This Row],[medida]] = ""Gramas"", 1, IF(Embalagens[[#This Row],[medida]] = ""Quilos"", 1000, 0))), """")","=IFERROR(Embalagens[[#This Row],[preço]] / (Embalagens[quantidade] / IF(Embalagens[[#This Row],[medida]] = ""ML"", 1000, IF(Embalagens[[#This Row],[medida]] = ""Litros"", 1, 0))), """")","=IFERROR(Embalagens[[#This Row],[preço]] / (Embalagens[quantidade] * IF(Embalagens[[#This Row],[medida]] = ""ML"", 1, IF(Embalagens[[#This Row],[medida]] = ""Litros"", 1000, 0))), """")"
,14,,,,Unidades,"=IF(Embalagens[preço] <> """", Embalagens[[#This Row],[preço]] / IF(Embalagens[[#This Row],[medida]] = ""unidades"", Embalagens[[#This Row],[quantidade]], 1), """")","=IFERROR(Embalagens[[#This Row],[preço]] / (Embalagens[quantidade] / IF(Embalagens[[#This Row],[medida]] = ""Gramas"", 1000, IF(Embalagens[[#This Row],[medida]] = ""Quilos"", 1, 0))), """")","=IFERROR(Embalagens[[#This Row],[preço]] / (Embalagens[quantidade] * IF(Embalagens[[#This Row],[medida]] = ""Gramas"", 1, IF(Embalagens[[#This Row],[medida]] = ""Quilos"", 1000, 0))), """")","=IFERROR(Embalagens[[#This Row],[preço]] / (Embalagens[quantidade] / IF(Embalagens[[#This Row],[medida]] = ""ML"", 1000, IF(Embalagens[[#This Row],[medida]] = ""Litros"", 1, 0))), """")","=IFERROR(Embalagens[[#This Row],[preço]] / (Embalagens[quantidade] * IF(Embalagens[[#This Row],[medida]] = ""ML"", 1, IF(Embalagens[[#This Row],[medida]] = ""Litros"", 1000, 0))), """")"
,15,,,,Unidades,"=IF(Embalagens[preço] <> """", Embalagens[[#This Row],[preço]] / IF(Embalagens[[#This Row],[medida]] = ""unidades"", Embalagens[[#This Row],[quantidade]], 1), """")","=IFERROR(Embalagens[[#This Row],[preço]] / (Embalagens[quantidade] / IF(Embalagens[[#This Row],[medida]] = ""Gramas"", 1000, IF(Embalagens[[#This Row],[medida]] = ""Quilos"", 1, 0))), """")","=IFERROR(Embalagens[[#This Row],[preço]] / (Embalagens[quantidade] * IF(Embalagens[[#This Row],[medida]] = ""Gramas"", 1, IF(Embalagens[[#This Row],[medida]] = ""Quilos"", 1000, 0))), """")","=IFERROR(Embalagens[[#This Row],[preço]] / (Embalagens[quantidade] / IF(Embalagens[[#This Row],[medida]] = ""ML"", 1000, IF(Embalagens[[#This Row],[medida]] = ""Litros"", 1, 0))), """")","=IFERROR(Embalagens[[#This Row],[preço]] / (Embalagens[quantidade] * IF(Embalagens[[#This Row],[medida]] = ""ML"", 1, IF(Embalagens[[#This Row],[medida]] = ""Litros"", 1000, 0))), """")"
,23,,,,Unidades,"=IF(Embalagens[preço] <> """", Embalagens[[#This Row],[preço]] / IF(Embalagens[[#This Row],[medida]] = ""unidades"", Embalagens[[#This Row],[quantidade]], 1), """")","=IFERROR(Embalagens[[#This Row],[preço]] / (Embalagens[quantidade] / IF(Embalagens[[#This Row],[medida]] = ""Gramas"", 1000, IF(Embalagens[[#This Row],[medida]] = ""Quilos"", 1, 0))), """")","=IFERROR(Embalagens[[#This Row],[preço]] / (Embalagens[quantidade] * IF(Embalagens[[#This Row],[medida]] = ""Gramas"", 1, IF(Embalagens[[#This Row],[medida]] = ""Quilos"", 1000, 0))), """")","=IFERROR(Embalagens[[#This Row],[preço]] / (Embalagens[quantidade] / IF(Embalagens[[#This Row],[medida]] = ""ML"", 1000, IF(Embalagens[[#This Row],[medida]] = ""Litros"", 1, 0))), """")","=IFERROR(Embalagens[[#This Row],[preço]] / (Embalagens[quantidade] * IF(Embalagens[[#This Row],[medida]] = ""ML"", 1, IF(Embalagens[[#This Row],[medida]] = ""Litros"", 1000, 0))), """")"
,20,,,,Unidades,"=IF(Embalagens[preço] <> """", Embalagens[[#This Row],[preço]] / IF(Embalagens[[#This Row],[medida]] = ""unidades"", Embalagens[[#This Row],[quantidade]], 1), """")","=IFERROR(Embalagens[[#This Row],[preço]] / (Embalagens[quantidade] / IF(Embalagens[[#This Row],[medida]] = ""Gramas"", 1000, IF(Embalagens[[#This Row],[medida]] = ""Quilos"", 1, 0))), """")","=IFERROR(Embalagens[[#This Row],[preço]] / (Embalagens[quantidade] * IF(Embalagens[[#This Row],[medida]] = ""Gramas"", 1, IF(Embalagens[[#This Row],[medida]] = ""Quilos"", 1000, 0))), """")","=IFERROR(Embalagens[[#This Row],[preço]] / (Embalagens[quantidade] / IF(Embalagens[[#This Row],[medida]] = ""ML"", 1000, IF(Embalagens[[#This Row],[medida]] = ""Litros"", 1, 0))), """")","=IFERROR(Embalagens[[#This Row],[preço]] / (Embalagens[quantidade] * IF(Embalagens[[#This Row],[medida]] = ""ML"", 1, IF(Embalagens[[#This Row],[medida]] = ""Litros"", 1000, 0))), """")"
,16,,,,Unidades,"=IF(Embalagens[preço] <> """", Embalagens[[#This Row],[preço]] / IF(Embalagens[[#This Row],[medida]] = ""unidades"", Embalagens[[#This Row],[quantidade]], 1), """")","=IFERROR(Embalagens[[#This Row],[preço]] / (Embalagens[quantidade] / IF(Embalagens[[#This Row],[medida]] = ""Gramas"", 1000, IF(Embalagens[[#This Row],[medida]] = ""Quilos"", 1, 0))), """")","=IFERROR(Embalagens[[#This Row],[preço]] / (Embalagens[quantidade] * IF(Embalagens[[#This Row],[medida]] = ""Gramas"", 1, IF(Embalagens[[#This Row],[medida]] = ""Quilos"", 1000, 0))), """")","=IFERROR(Embalagens[[#This Row],[preço]] / (Embalagens[quantidade] / IF(Embalagens[[#This Row],[medida]] = ""ML"", 1000, IF(Embalagens[[#This Row],[medida]] = ""Litros"", 1, 0))), """")","=IFERROR(Embalagens[[#This Row],[preço]] / (Embalagens[quantidade] * IF(Embalagens[[#This Row],[medida]] = ""ML"", 1, IF(Embalagens[[#This Row],[medida]] = ""Litros"", 1000, 0))), """")"
,7,,,,Unidades,"=IF(Embalagens[preço] <> """", Embalagens[[#This Row],[preço]] / IF(Embalagens[[#This Row],[medida]] = ""unidades"", Embalagens[[#This Row],[quantidade]], 1), """")","=IFERROR(Embalagens[[#This Row],[preço]] / (Embalagens[quantidade] / IF(Embalagens[[#This Row],[medida]] = ""Gramas"", 1000, IF(Embalagens[[#This Row],[medida]] = ""Quilos"", 1, 0))), """")","=IFERROR(Embalagens[[#This Row],[preço]] / (Embalagens[quantidade] * IF(Embalagens[[#This Row],[medida]] = ""Gramas"", 1, IF(Embalagens[[#This Row],[medida]] = ""Quilos"", 1000, 0))), """")","=IFERROR(Embalagens[[#This Row],[preço]] / (Embalagens[quantidade] / IF(Embalagens[[#This Row],[medida]] = ""ML"", 1000, IF(Embalagens[[#This Row],[medida]] = ""Litros"", 1, 0))), """")","=IFERROR(Embalagens[[#This Row],[preço]] / (Embalagens[quantidade] * IF(Embalagens[[#This Row],[medida]] = ""ML"", 1, IF(Embalagens[[#This Row],[medida]] = ""Litros"", 1000, 0))), """")"
,13,,,,Unidades,"=IF(Embalagens[preço] <> """", Embalagens[[#This Row],[preço]] / IF(Embalagens[[#This Row],[medida]] = ""unidades"", Embalagens[[#This Row],[quantidade]], 1), """")","=IFERROR(Embalagens[[#This Row],[preço]] / (Embalagens[quantidade] / IF(Embalagens[[#This Row],[medida]] = ""Gramas"", 1000, IF(Embalagens[[#This Row],[medida]] = ""Quilos"", 1, 0))), """")","=IFERROR(Embalagens[[#This Row],[preço]] / (Embalagens[quantidade] * IF(Embalagens[[#This Row],[medida]] = ""Gramas"", 1, IF(Embalagens[[#This Row],[medida]] = ""Quilos"", 1000, 0))), """")","=IFERROR(Embalagens[[#This Row],[preço]] / (Embalagens[quantidade] / IF(Embalagens[[#This Row],[medida]] = ""ML"", 1000, IF(Embalagens[[#This Row],[medida]] = ""Litros"", 1, 0))), """")","=IFERROR(Embalagens[[#This Row],[preço]] / (Embalagens[quantidade] * IF(Embalagens[[#This Row],[medida]] = ""ML"", 1, IF(Embalagens[[#This Row],[medida]] = ""Litros"", 1000, 0))), """")"
,17,,,,Unidades,"=IF(Embalagens[preço] <> """", Embalagens[[#This Row],[preço]] / IF(Embalagens[[#This Row],[medida]] = ""unidades"", Embalagens[[#This Row],[quantidade]], 1), """")","=IFERROR(Embalagens[[#This Row],[preço]] / (Embalagens[quantidade] / IF(Embalagens[[#This Row],[medida]] = ""Gramas"", 1000, IF(Embalagens[[#This Row],[medida]] = ""Quilos"", 1, 0))), """")","=IFERROR(Embalagens[[#This Row],[preço]] / (Embalagens[quantidade] * IF(Embalagens[[#This Row],[medida]] = ""Gramas"", 1, IF(Embalagens[[#This Row],[medida]] = ""Quilos"", 1000, 0))), """")","=IFERROR(Embalagens[[#This Row],[preço]] / (Embalagens[quantidade] / IF(Embalagens[[#This Row],[medida]] = ""ML"", 1000, IF(Embalagens[[#This Row],[medida]] = ""Litros"", 1, 0))), """")","=IFERROR(Embalagens[[#This Row],[preço]] / (Embalagens[quantidade] * IF(Embalagens[[#This Row],[medida]] = ""ML"", 1, IF(Embalagens[[#This Row],[medida]] = ""Litros"", 1000, 0))), """")"
,46,,,,Unidades,"=IF(Embalagens[preço] <> """", Embalagens[[#This Row],[preço]] / IF(Embalagens[[#This Row],[medida]] = ""unidades"", Embalagens[[#This Row],[quantidade]], 1), """")","=IFERROR(Embalagens[[#This Row],[preço]] / (Embalagens[quantidade] / IF(Embalagens[[#This Row],[medida]] = ""Gramas"", 1000, IF(Embalagens[[#This Row],[medida]] = ""Quilos"", 1, 0))), """")","=IFERROR(Embalagens[[#This Row],[preço]] / (Embalagens[quantidade] * IF(Embalagens[[#This Row],[medida]] = ""Gramas"", 1, IF(Embalagens[[#This Row],[medida]] = ""Quilos"", 1000, 0))), """")","=IFERROR(Embalagens[[#This Row],[preço]] / (Embalagens[quantidade] / IF(Embalagens[[#This Row],[medida]] = ""ML"", 1000, IF(Embalagens[[#This Row],[medida]] = ""Litros"", 1, 0))), """")","=IFERROR(Embalagens[[#This Row],[preço]] / (Embalagens[quantidade] * IF(Embalagens[[#This Row],[medida]] = ""ML"", 1, IF(Embalagens[[#This Row],[medida]] = ""Litros"", 1000, 0))), """")"
,33,,,,Unidades,"=IF(Embalagens[preço] <> """", Embalagens[[#This Row],[preço]] / IF(Embalagens[[#This Row],[medida]] = ""unidades"", Embalagens[[#This Row],[quantidade]], 1), """")","=IFERROR(Embalagens[[#This Row],[preço]] / (Embalagens[quantidade] / IF(Embalagens[[#This Row],[medida]] = ""Gramas"", 1000, IF(Embalagens[[#This Row],[medida]] = ""Quilos"", 1, 0))), """")","=IFERROR(Embalagens[[#This Row],[preço]] / (Embalagens[quantidade] * IF(Embalagens[[#This Row],[medida]] = ""Gramas"", 1, IF(Embalagens[[#This Row],[medida]] = ""Quilos"", 1000, 0))), """")","=IFERROR(Embalagens[[#This Row],[preço]] / (Embalagens[quantidade] / IF(Embalagens[[#This Row],[medida]] = ""ML"", 1000, IF(Embalagens[[#This Row],[medida]] = ""Litros"", 1, 0))), """")","=IFERROR(Embalagens[[#This Row],[preço]] / (Embalagens[quantidade] * IF(Embalagens[[#This Row],[medida]] = ""ML"", 1, IF(Embalagens[[#This Row],[medida]] = ""Litros"", 1000, 0))), """")"
,42,,,,Unidades,"=IF(Embalagens[preço] <> """", Embalagens[[#This Row],[preço]] / IF(Embalagens[[#This Row],[medida]] = ""unidades"", Embalagens[[#This Row],[quantidade]], 1), """")","=IFERROR(Embalagens[[#This Row],[preço]] / (Embalagens[quantidade] / IF(Embalagens[[#This Row],[medida]] = ""Gramas"", 1000, IF(Embalagens[[#This Row],[medida]] = ""Quilos"", 1, 0))), """")","=IFERROR(Embalagens[[#This Row],[preço]] / (Embalagens[quantidade] * IF(Embalagens[[#This Row],[medida]] = ""Gramas"", 1, IF(Embalagens[[#This Row],[medida]] = ""Quilos"", 1000, 0))), """")","=IFERROR(Embalagens[[#This Row],[preço]] / (Embalagens[quantidade] / IF(Embalagens[[#This Row],[medida]] = ""ML"", 1000, IF(Embalagens[[#This Row],[medida]] = ""Litros"", 1, 0))), """")","=IFERROR(Embalagens[[#This Row],[preço]] / (Embalagens[quantidade] * IF(Embalagens[[#This Row],[medida]] = ""ML"", 1, IF(Embalagens[[#This Row],[medida]] = ""Litros"", 1000, 0))), """")"
,43,,,,Unidades,"=IF(Embalagens[preço] <> """", Embalagens[[#This Row],[preço]] / IF(Embalagens[[#This Row],[medida]] = ""unidades"", Embalagens[[#This Row],[quantidade]], 1), """")","=IFERROR(Embalagens[[#This Row],[preço]] / (Embalagens[quantidade] / IF(Embalagens[[#This Row],[medida]] = ""Gramas"", 1000, IF(Embalagens[[#This Row],[medida]] = ""Quilos"", 1, 0))), """")","=IFERROR(Embalagens[[#This Row],[preço]] / (Embalagens[quantidade] * IF(Embalagens[[#This Row],[medida]] = ""Gramas"", 1, IF(Embalagens[[#This Row],[medida]] = ""Quilos"", 1000, 0))), """")","=IFERROR(Embalagens[[#This Row],[preço]] / (Embalagens[quantidade] / IF(Embalagens[[#This Row],[medida]] = ""ML"", 1000, IF(Embalagens[[#This Row],[medida]] = ""Litros"", 1, 0))), """")","=IFERROR(Embalagens[[#This Row],[preço]] / (Embalagens[quantidade] * IF(Embalagens[[#This Row],[medida]] = ""ML"", 1, IF(Embalagens[[#This Row],[medida]] = ""Litros"", 1000, 0))), """")"
,50,,,,Unidades,"=IF(Embalagens[preço] <> """", Embalagens[[#This Row],[preço]] / IF(Embalagens[[#This Row],[medida]] = ""unidades"", Embalagens[[#This Row],[quantidade]], 1), """")","=IFERROR(Embalagens[[#This Row],[preço]] / (Embalagens[quantidade] / IF(Embalagens[[#This Row],[medida]] = ""Gramas"", 1000, IF(Embalagens[[#This Row],[medida]] = ""Quilos"", 1, 0))), """")","=IFERROR(Embalagens[[#This Row],[preço]] / (Embalagens[quantidade] * IF(Embalagens[[#This Row],[medida]] = ""Gramas"", 1, IF(Embalagens[[#This Row],[medida]] = ""Quilos"", 1000, 0))), """")","=IFERROR(Embalagens[[#This Row],[preço]] / (Embalagens[quantidade] / IF(Embalagens[[#This Row],[medida]] = ""ML"", 1000, IF(Embalagens[[#This Row],[medida]] = ""Litros"", 1, 0))), """")","=IFERROR(Embalagens[[#This Row],[preço]] / (Embalagens[quantidade] * IF(Embalagens[[#This Row],[medida]] = ""ML"", 1, IF(Embalagens[[#This Row],[medida]] = ""Litros"", 1000, 0))), """")"
,18,,,,Unidades,"=IF(Embalagens[preço] <> """", Embalagens[[#This Row],[preço]] / IF(Embalagens[[#This Row],[medida]] = ""unidades"", Embalagens[[#This Row],[quantidade]], 1), """")","=IFERROR(Embalagens[[#This Row],[preço]] / (Embalagens[quantidade] / IF(Embalagens[[#This Row],[medida]] = ""Gramas"", 1000, IF(Embalagens[[#This Row],[medida]] = ""Quilos"", 1, 0))), """")","=IFERROR(Embalagens[[#This Row],[preço]] / (Embalagens[quantidade] * IF(Embalagens[[#This Row],[medida]] = ""Gramas"", 1, IF(Embalagens[[#This Row],[medida]] = ""Quilos"", 1000, 0))), """")","=IFERROR(Embalagens[[#This Row],[preço]] / (Embalagens[quantidade] / IF(Embalagens[[#This Row],[medida]] = ""ML"", 1000, IF(Embalagens[[#This Row],[medida]] = ""Litros"", 1, 0))), """")","=IFERROR(Embalagens[[#This Row],[preço]] / (Embalagens[quantidade] * IF(Embalagens[[#This Row],[medida]] = ""ML"", 1, IF(Embalagens[[#This Row],[medida]] = ""Litros"", 1000, 0))), """")"
,9,,,,Unidades,"=IF(Embalagens[preço] <> """", Embalagens[[#This Row],[preço]] / IF(Embalagens[[#This Row],[medida]] = ""unidades"", Embalagens[[#This Row],[quantidade]], 1), """")","=IFERROR(Embalagens[[#This Row],[preço]] / (Embalagens[quantidade] / IF(Embalagens[[#This Row],[medida]] = ""Gramas"", 1000, IF(Embalagens[[#This Row],[medida]] = ""Quilos"", 1, 0))), """")","=IFERROR(Embalagens[[#This Row],[preço]] / (Embalagens[quantidade] * IF(Embalagens[[#This Row],[medida]] = ""Gramas"", 1, IF(Embalagens[[#This Row],[medida]] = ""Quilos"", 1000, 0))), """")","=IFERROR(Embalagens[[#This Row],[preço]] / (Embalagens[quantidade] / IF(Embalagens[[#This Row],[medida]] = ""ML"", 1000, IF(Embalagens[[#This Row],[medida]] = ""Litros"", 1, 0))), """")","=IFERROR(Embalagens[[#This Row],[preço]] / (Embalagens[quantidade] * IF(Embalagens[[#This Row],[medida]] = ""ML"", 1, IF(Embalagens[[#This Row],[medida]] = ""Litros"", 1000, 0))), """")"
,2,,,,Unidades,"=IF(Embalagens[preço] <> """", Embalagens[[#This Row],[preço]] / IF(Embalagens[[#This Row],[medida]] = ""unidades"", Embalagens[[#This Row],[quantidade]], 1), """")","=IFERROR(Embalagens[[#This Row],[preço]] / (Embalagens[quantidade] / IF(Embalagens[[#This Row],[medida]] = ""Gramas"", 1000, IF(Embalagens[[#This Row],[medida]] = ""Quilos"", 1, 0))), """")","=IFERROR(Embalagens[[#This Row],[preço]] / (Embalagens[quantidade] * IF(Embalagens[[#This Row],[medida]] = ""Gramas"", 1, IF(Embalagens[[#This Row],[medida]] = ""Quilos"", 1000, 0))), """")","=IFERROR(Embalagens[[#This Row],[preço]] / (Embalagens[quantidade] / IF(Embalagens[[#This Row],[medida]] = ""ML"", 1000, IF(Embalagens[[#This Row],[medida]] = ""Litros"", 1, 0))), """")","=IFERROR(Embalagens[[#This Row],[preço]] / (Embalagens[quantidade] * IF(Embalagens[[#This Row],[medida]] = ""ML"", 1, IF(Embalagens[[#This Row],[medida]] = ""Litros"", 1000, 0))), """")"
,25,,,,Unidades,"=IF(Embalagens[preço] <> """", Embalagens[[#This Row],[preço]] / IF(Embalagens[[#This Row],[medida]] = ""unidades"", Embalagens[[#This Row],[quantidade]], 1), """")","=IFERROR(Embalagens[[#This Row],[preço]] / (Embalagens[quantidade] / IF(Embalagens[[#This Row],[medida]] = ""Gramas"", 1000, IF(Embalagens[[#This Row],[medida]] = ""Quilos"", 1, 0))), """")","=IFERROR(Embalagens[[#This Row],[preço]] / (Embalagens[quantidade] * IF(Embalagens[[#This Row],[medida]] = ""Gramas"", 1, IF(Embalagens[[#This Row],[medida]] = ""Quilos"", 1000, 0))), """")","=IFERROR(Embalagens[[#This Row],[preço]] / (Embalagens[quantidade] / IF(Embalagens[[#This Row],[medida]] = ""ML"", 1000, IF(Embalagens[[#This Row],[medida]] = ""Litros"", 1, 0))), """")","=IFERROR(Embalagens[[#This Row],[preço]] / (Embalagens[quantidade] * IF(Embalagens[[#This Row],[medida]] = ""ML"", 1, IF(Embalagens[[#This Row],[medida]] = ""Litros"", 1000, 0))), """")"
,48,,,,Unidades,"=IF(Embalagens[preço] <> """", Embalagens[[#This Row],[preço]] / IF(Embalagens[[#This Row],[medida]] = ""unidades"", Embalagens[[#This Row],[quantidade]], 1), """")","=IFERROR(Embalagens[[#This Row],[preço]] / (Embalagens[quantidade] / IF(Embalagens[[#This Row],[medida]] = ""Gramas"", 1000, IF(Embalagens[[#This Row],[medida]] = ""Quilos"", 1, 0))), """")","=IFERROR(Embalagens[[#This Row],[preço]] / (Embalagens[quantidade] * IF(Embalagens[[#This Row],[medida]] = ""Gramas"", 1, IF(Embalagens[[#This Row],[medida]] = ""Quilos"", 1000, 0))), """")","=IFERROR(Embalagens[[#This Row],[preço]] / (Embalagens[quantidade] / IF(Embalagens[[#This Row],[medida]] = ""ML"", 1000, IF(Embalagens[[#This Row],[medida]] = ""Litros"", 1, 0))), """")","=IFERROR(Embalagens[[#This Row],[preço]] / (Embalagens[quantidade] * IF(Embalagens[[#This Row],[medida]] = ""ML"", 1, IF(Embalagens[[#This Row],[medida]] = ""Litros"", 1000, 0))), """")"
,26,,,,Unidades,"=IF(Embalagens[preço] <> """", Embalagens[[#This Row],[preço]] / IF(Embalagens[[#This Row],[medida]] = ""unidades"", Embalagens[[#This Row],[quantidade]], 1), """")","=IFERROR(Embalagens[[#This Row],[preço]] / (Embalagens[quantidade] / IF(Embalagens[[#This Row],[medida]] = ""Gramas"", 1000, IF(Embalagens[[#This Row],[medida]] = ""Quilos"", 1, 0))), """")","=IFERROR(Embalagens[[#This Row],[preço]] / (Embalagens[quantidade] * IF(Embalagens[[#This Row],[medida]] = ""Gramas"", 1, IF(Embalagens[[#This Row],[medida]] = ""Quilos"", 1000, 0))), """")","=IFERROR(Embalagens[[#This Row],[preço]] / (Embalagens[quantidade] / IF(Embalagens[[#This Row],[medida]] = ""ML"", 1000, IF(Embalagens[[#This Row],[medida]] = ""Litros"", 1, 0))), """")","=IFERROR(Embalagens[[#This Row],[preço]] / (Embalagens[quantidade] * IF(Embalagens[[#This Row],[medida]] = ""ML"", 1, IF(Embalagens[[#This Row],[medida]] = ""Litros"", 1000, 0))), """")"
,49,,,,Unidades,"=IF(Embalagens[preço] <> """", Embalagens[[#This Row],[preço]] / IF(Embalagens[[#This Row],[medida]] = ""unidades"", Embalagens[[#This Row],[quantidade]], 1), """")","=IFERROR(Embalagens[[#This Row],[preço]] / (Embalagens[quantidade] / IF(Embalagens[[#This Row],[medida]] = ""Gramas"", 1000, IF(Embalagens[[#This Row],[medida]] = ""Quilos"", 1, 0))), """")","=IFERROR(Embalagens[[#This Row],[preço]] / (Embalagens[quantidade] * IF(Embalagens[[#This Row],[medida]] = ""Gramas"", 1, IF(Embalagens[[#This Row],[medida]] = ""Quilos"", 1000, 0))), """")","=IFERROR(Embalagens[[#This Row],[preço]] / (Embalagens[quantidade] / IF(Embalagens[[#This Row],[medida]] = ""ML"", 1000, IF(Embalagens[[#This Row],[medida]] = ""Litros"", 1, 0))), """")","=IFERROR(Embalagens[[#This Row],[preço]] / (Embalagens[quantidade] * IF(Embalagens[[#This Row],[medida]] = ""ML"", 1, IF(Embalagens[[#This Row],[medida]] = ""Litros"", 1000, 0))), """")"
,37,,,,Unidades,"=IF(Embalagens[preço] <> """", Embalagens[[#This Row],[preço]] / IF(Embalagens[[#This Row],[medida]] = ""unidades"", Embalagens[[#This Row],[quantidade]], 1), """")","=IFERROR(Embalagens[[#This Row],[preço]] / (Embalagens[quantidade] / IF(Embalagens[[#This Row],[medida]] = ""Gramas"", 1000, IF(Embalagens[[#This Row],[medida]] = ""Quilos"", 1, 0))), """")","=IFERROR(Embalagens[[#This Row],[preço]] / (Embalagens[quantidade] * IF(Embalagens[[#This Row],[medida]] = ""Gramas"", 1, IF(Embalagens[[#This Row],[medida]] = ""Quilos"", 1000, 0))), """")","=IFERROR(Embalagens[[#This Row],[preço]] / (Embalagens[quantidade] / IF(Embalagens[[#This Row],[medida]] = ""ML"", 1000, IF(Embalagens[[#This Row],[medida]] = ""Litros"", 1, 0))), """")","=IFERROR(Embalagens[[#This Row],[preço]] / (Embalagens[quantidade] * IF(Embalagens[[#This Row],[medida]] = ""ML"", 1, IF(Embalagens[[#This Row],[medida]] = ""Litros"", 1000, 0))), """")"
,4,,,,Unidades,"=IF(Embalagens[preço] <> """", Embalagens[[#This Row],[preço]] / IF(Embalagens[[#This Row],[medida]] = ""unidades"", Embalagens[[#This Row],[quantidade]], 1), """")","=IFERROR(Embalagens[[#This Row],[preço]] / (Embalagens[quantidade] / IF(Embalagens[[#This Row],[medida]] = ""Gramas"", 1000, IF(Embalagens[[#This Row],[medida]] = ""Quilos"", 1, 0))), """")","=IFERROR(Embalagens[[#This Row],[preço]] / (Embalagens[quantidade] * IF(Embalagens[[#This Row],[medida]] = ""Gramas"", 1, IF(Embalagens[[#This Row],[medida]] = ""Quilos"", 1000, 0))), """")","=IFERROR(Embalagens[[#This Row],[preço]] / (Embalagens[quantidade] / IF(Embalagens[[#This Row],[medida]] = ""ML"", 1000, IF(Embalagens[[#This Row],[medida]] = ""Litros"", 1, 0))), """")","=IFERROR(Embalagens[[#This Row],[preço]] / (Embalagens[quantidade] * IF(Embalagens[[#This Row],[medida]] = ""ML"", 1, IF(Embalagens[[#This Row],[medida]] = ""Litros"", 1000, 0))), """")"
,3,,,,Unidades,"=IF(Embalagens[preço] <> """", Embalagens[[#This Row],[preço]] / IF(Embalagens[[#This Row],[medida]] = ""unidades"", Embalagens[[#This Row],[quantidade]], 1), """")","=IFERROR(Embalagens[[#This Row],[preço]] / (Embalagens[quantidade] / IF(Embalagens[[#This Row],[medida]] = ""Gramas"", 1000, IF(Embalagens[[#This Row],[medida]] = ""Quilos"", 1, 0))), """")","=IFERROR(Embalagens[[#This Row],[preço]] / (Embalagens[quantidade] * IF(Embalagens[[#This Row],[medida]] = ""Gramas"", 1, IF(Embalagens[[#This Row],[medida]] = ""Quilos"", 1000, 0))), """")","=IFERROR(Embalagens[[#This Row],[preço]] / (Embalagens[quantidade] / IF(Embalagens[[#This Row],[medida]] = ""ML"", 1000, IF(Embalagens[[#This Row],[medida]] = ""Litros"", 1, 0))), """")","=IFERROR(Embalagens[[#This Row],[preço]] / (Embalagens[quantidade] * IF(Embalagens[[#This Row],[medida]] = ""ML"", 1, IF(Embalagens[[#This Row],[medida]] = ""Litros"", 1000, 0))), """")"
,19,,,,Unidades,"=IF(Embalagens[preço] <> """", Embalagens[[#This Row],[preço]] / IF(Embalagens[[#This Row],[medida]] = ""unidades"", Embalagens[[#This Row],[quantidade]], 1), """")","=IFERROR(Embalagens[[#This Row],[preço]] / (Embalagens[quantidade] / IF(Embalagens[[#This Row],[medida]] = ""Gramas"", 1000, IF(Embalagens[[#This Row],[medida]] = ""Quilos"", 1, 0))), """")","=IFERROR(Embalagens[[#This Row],[preço]] / (Embalagens[quantidade] * IF(Embalagens[[#This Row],[medida]] = ""Gramas"", 1, IF(Embalagens[[#This Row],[medida]] = ""Quilos"", 1000, 0))), """")","=IFERROR(Embalagens[[#This Row],[preço]] / (Embalagens[quantidade] / IF(Embalagens[[#This Row],[medida]] = ""ML"", 1000, IF(Embalagens[[#This Row],[medida]] = ""Litros"", 1, 0))), """")","=IFERROR(Embalagens[[#This Row],[preço]] / (Embalagens[quantidade] * IF(Embalagens[[#This Row],[medida]] = ""ML"", 1, IF(Embalagens[[#This Row],[medida]] = ""Litros"", 1000, 0))), """")"
,52,,,,,"=IF(Embalagens[preço] <> """", Embalagens[[#This Row],[preço]] / IF(Embalagens[[#This Row],[medida]] = ""unidades"", Embalagens[[#This Row],[quantidade]], 1), """")","=IFERROR(Embalagens[[#This Row],[preço]] / (Embalagens[quantidade] / IF(Embalagens[[#This Row],[medida]] = ""Gramas"", 1000, IF(Embalagens[[#This Row],[medida]] = ""Quilos"", 1, 0))), """")","=IFERROR(Embalagens[[#This Row],[preço]] / (Embalagens[quantidade] * IF(Embalagens[[#This Row],[medida]] = ""Gramas"", 1, IF(Embalagens[[#This Row],[medida]] = ""Quilos"", 1000, 0))), """")","=IFERROR(Embalagens[[#This Row],[preço]] / (Embalagens[quantidade] / IF(Embalagens[[#This Row],[medida]] = ""ML"", 1000, IF(Embalagens[[#This Row],[medida]] = ""Litros"", 1, 0))), """")","=IFERROR(Embalagens[[#This Row],[preço]] / (Embalagens[quantidade] * IF(Embalagens[[#This Row],[medida]] = ""ML"", 1, IF(Embalagens[[#This Row],[medida]] = ""Litros"", 1000, 0))), """")"
,53,,,,,"=IF(Embalagens[preço] <> """", Embalagens[[#This Row],[preço]] / IF(Embalagens[[#This Row],[medida]] = ""unidades"", Embalagens[[#This Row],[quantidade]], 1), """")","=IFERROR(Embalagens[[#This Row],[preço]] / (Embalagens[quantidade] / IF(Embalagens[[#This Row],[medida]] = ""Gramas"", 1000, IF(Embalagens[[#This Row],[medida]] = ""Quilos"", 1, 0))), """")","=IFERROR(Embalagens[[#This Row],[preço]] / (Embalagens[quantidade] * IF(Embalagens[[#This Row],[medida]] = ""Gramas"", 1, IF(Embalagens[[#This Row],[medida]] = ""Quilos"", 1000, 0))), """")","=IFERROR(Embalagens[[#This Row],[preço]] / (Embalagens[quantidade] / IF(Embalagens[[#This Row],[medida]] = ""ML"", 1000, IF(Embalagens[[#This Row],[medida]] = ""Litros"", 1, 0))), """")","=IFERROR(Embalagens[[#This Row],[preço]] / (Embalagens[quantidade] * IF(Embalagens[[#This Row],[medida]] = ""ML"", 1, IF(Embalagens[[#This Row],[medida]] = ""Litros"", 1000, 0))), """")"
,54,,,,,"=IF(Embalagens[preço] <> """", Embalagens[[#This Row],[preço]] / IF(Embalagens[[#This Row],[medida]] = ""unidades"", Embalagens[[#This Row],[quantidade]], 1), """")","=IFERROR(Embalagens[[#This Row],[preço]] / (Embalagens[quantidade] / IF(Embalagens[[#This Row],[medida]] = ""Gramas"", 1000, IF(Embalagens[[#This Row],[medida]] = ""Quilos"", 1, 0))), """")","=IFERROR(Embalagens[[#This Row],[preço]] / (Embalagens[quantidade] * IF(Embalagens[[#This Row],[medida]] = ""Gramas"", 1, IF(Embalagens[[#This Row],[medida]] = ""Quilos"", 1000, 0))), """")","=IFERROR(Embalagens[[#This Row],[preço]] / (Embalagens[quantidade] / IF(Embalagens[[#This Row],[medida]] = ""ML"", 1000, IF(Embalagens[[#This Row],[medida]] = ""Litros"", 1, 0))), """")","=IFERROR(Embalagens[[#This Row],[preço]] / (Embalagens[quantidade] * IF(Embalagens[[#This Row],[medida]] = ""ML"", 1, IF(Embalagens[[#This Row],[medida]] = ""Litros"", 1000, 0))), """")"
,55,,,,,"=IF(Embalagens[preço] <> """", Embalagens[[#This Row],[preço]] / IF(Embalagens[[#This Row],[medida]] = ""unidades"", Embalagens[[#This Row],[quantidade]], 1), """")","=IFERROR(Embalagens[[#This Row],[preço]] / (Embalagens[quantidade] / IF(Embalagens[[#This Row],[medida]] = ""Gramas"", 1000, IF(Embalagens[[#This Row],[medida]] = ""Quilos"", 1, 0))), """")","=IFERROR(Embalagens[[#This Row],[preço]] / (Embalagens[quantidade] * IF(Embalagens[[#This Row],[medida]] = ""Gramas"", 1, IF(Embalagens[[#This Row],[medida]] = ""Quilos"", 1000, 0))), """")","=IFERROR(Embalagens[[#This Row],[preço]] / (Embalagens[quantidade] / IF(Embalagens[[#This Row],[medida]] = ""ML"", 1000, IF(Embalagens[[#This Row],[medida]] = ""Litros"", 1, 0))), """")","=IFERROR(Embalagens[[#This Row],[preço]] / (Embalagens[quantidade] * IF(Embalagens[[#This Row],[medida]] = ""ML"", 1, IF(Embalagens[[#This Row],[medida]] = ""Litros"", 1000, 0))), """")"
,56,,,,,"=IF(Embalagens[preço] <> """", Embalagens[[#This Row],[preço]] / IF(Embalagens[[#This Row],[medida]] = ""unidades"", Embalagens[[#This Row],[quantidade]], 1), """")","=IFERROR(Embalagens[[#This Row],[preço]] / (Embalagens[quantidade] / IF(Embalagens[[#This Row],[medida]] = ""Gramas"", 1000, IF(Embalagens[[#This Row],[medida]] = ""Quilos"", 1, 0))), """")","=IFERROR(Embalagens[[#This Row],[preço]] / (Embalagens[quantidade] * IF(Embalagens[[#This Row],[medida]] = ""Gramas"", 1, IF(Embalagens[[#This Row],[medida]] = ""Quilos"", 1000, 0))), """")","=IFERROR(Embalagens[[#This Row],[preço]] / (Embalagens[quantidade] / IF(Embalagens[[#This Row],[medida]] = ""ML"", 1000, IF(Embalagens[[#This Row],[medida]] = ""Litros"", 1, 0))), """")","=IFERROR(Embalagens[[#This Row],[preço]] / (Embalagens[quantidade] * IF(Embalagens[[#This Row],[medida]] = ""ML"", 1, IF(Embalagens[[#This Row],[medida]] = ""Litros"", 1000, 0))), """")"
,57,,,,,"=IF(Embalagens[preço] <> """", Embalagens[[#This Row],[preço]] / IF(Embalagens[[#This Row],[medida]] = ""unidades"", Embalagens[[#This Row],[quantidade]], 1), """")","=IFERROR(Embalagens[[#This Row],[preço]] / (Embalagens[quantidade] / IF(Embalagens[[#This Row],[medida]] = ""Gramas"", 1000, IF(Embalagens[[#This Row],[medida]] = ""Quilos"", 1, 0))), """")","=IFERROR(Embalagens[[#This Row],[preço]] / (Embalagens[quantidade] * IF(Embalagens[[#This Row],[medida]] = ""Gramas"", 1, IF(Embalagens[[#This Row],[medida]] = ""Quilos"", 1000, 0))), """")","=IFERROR(Embalagens[[#This Row],[preço]] / (Embalagens[quantidade] / IF(Embalagens[[#This Row],[medida]] = ""ML"", 1000, IF(Embalagens[[#This Row],[medida]] = ""Litros"", 1, 0))), """")","=IFERROR(Embalagens[[#This Row],[preço]] / (Embalagens[quantidade] * IF(Embalagens[[#This Row],[medida]] = ""ML"", 1, IF(Embalagens[[#This Row],[medida]] = ""Litros"", 1000, 0))), """")"
,58,,,,,"=IF(Embalagens[preço] <> """", Embalagens[[#This Row],[preço]] / IF(Embalagens[[#This Row],[medida]] = ""unidades"", Embalagens[[#This Row],[quantidade]], 1), """")","=IFERROR(Embalagens[[#This Row],[preço]] / (Embalagens[quantidade] / IF(Embalagens[[#This Row],[medida]] = ""Gramas"", 1000, IF(Embalagens[[#This Row],[medida]] = ""Quilos"", 1, 0))), """")","=IFERROR(Embalagens[[#This Row],[preço]] / (Embalagens[quantidade] * IF(Embalagens[[#This Row],[medida]] = ""Gramas"", 1, IF(Embalagens[[#This Row],[medida]] = ""Quilos"", 1000, 0))), """")","=IFERROR(Embalagens[[#This Row],[preço]] / (Embalagens[quantidade] / IF(Embalagens[[#This Row],[medida]] = ""ML"", 1000, IF(Embalagens[[#This Row],[medida]] = ""Litros"", 1, 0))), """")","=IFERROR(Embalagens[[#This Row],[preço]] / (Embalagens[quantidade] * IF(Embalagens[[#This Row],[medida]] = ""ML"", 1, IF(Embalagens[[#This Row],[medida]] = ""Litros"", 1000, 0))), """")"
,59,,,,,"=IF(Embalagens[preço] <> """", Embalagens[[#This Row],[preço]] / IF(Embalagens[[#This Row],[medida]] = ""unidades"", Embalagens[[#This Row],[quantidade]], 1), """")","=IFERROR(Embalagens[[#This Row],[preço]] / (Embalagens[quantidade] / IF(Embalagens[[#This Row],[medida]] = ""Gramas"", 1000, IF(Embalagens[[#This Row],[medida]] = ""Quilos"", 1, 0))), """")","=IFERROR(Embalagens[[#This Row],[preço]] / (Embalagens[quantidade] * IF(Embalagens[[#This Row],[medida]] = ""Gramas"", 1, IF(Embalagens[[#This Row],[medida]] = ""Quilos"", 1000, 0))), """")","=IFERROR(Embalagens[[#This Row],[preço]] / (Embalagens[quantidade] / IF(Embalagens[[#This Row],[medida]] = ""ML"", 1000, IF(Embalagens[[#This Row],[medida]] = ""Litros"", 1, 0))), """")","=IFERROR(Embalagens[[#This Row],[preço]] / (Embalagens[quantidade] * IF(Embalagens[[#This Row],[medida]] = ""ML"", 1, IF(Embalagens[[#This Row],[medida]] = ""Litros"", 1000, 0))), """")"
,60,,,,,"=IF(Embalagens[preço] <> """", Embalagens[[#This Row],[preço]] / IF(Embalagens[[#This Row],[medida]] = ""unidades"", Embalagens[[#This Row],[quantidade]], 1), """")","=IFERROR(Embalagens[[#This Row],[preço]] / (Embalagens[quantidade] / IF(Embalagens[[#This Row],[medida]] = ""Gramas"", 1000, IF(Embalagens[[#This Row],[medida]] = ""Quilos"", 1, 0))), """")","=IFERROR(Embalagens[[#This Row],[preço]] / (Embalagens[quantidade] * IF(Embalagens[[#This Row],[medida]] = ""Gramas"", 1, IF(Embalagens[[#This Row],[medida]] = ""Quilos"", 1000, 0))), """")","=IFERROR(Embalagens[[#This Row],[preço]] / (Embalagens[quantidade] / IF(Embalagens[[#This Row],[medida]] = ""ML"", 1000, IF(Embalagens[[#This Row],[medida]] = ""Litros"", 1, 0))), """")","=IFERROR(Embalagens[[#This Row],[preço]] / (Embalagens[quantidade] * IF(Embalagens[[#This Row],[medida]] = ""ML"", 1, IF(Embalagens[[#This Row],[medida]] = ""Litros"", 1000, 0))), """")"
,61,,,,,"=IF(Embalagens[preço] <> """", Embalagens[[#This Row],[preço]] / IF(Embalagens[[#This Row],[medida]] = ""unidades"", Embalagens[[#This Row],[quantidade]], 1), """")","=IFERROR(Embalagens[[#This Row],[preço]] / (Embalagens[quantidade] / IF(Embalagens[[#This Row],[medida]] = ""Gramas"", 1000, IF(Embalagens[[#This Row],[medida]] = ""Quilos"", 1, 0))), """")","=IFERROR(Embalagens[[#This Row],[preço]] / (Embalagens[quantidade] * IF(Embalagens[[#This Row],[medida]] = ""Gramas"", 1, IF(Embalagens[[#This Row],[medida]] = ""Quilos"", 1000, 0))), """")","=IFERROR(Embalagens[[#This Row],[preço]] / (Embalagens[quantidade] / IF(Embalagens[[#This Row],[medida]] = ""ML"", 1000, IF(Embalagens[[#This Row],[medida]] = ""Litros"", 1, 0))), """")","=IFERROR(Embalagens[[#This Row],[preço]] / (Embalagens[quantidade] * IF(Embalagens[[#This Row],[medida]] = ""ML"", 1, IF(Embalagens[[#This Row],[medida]] = ""Litros"", 1000, 0))), """")"
,62,,,,,"=IF(Embalagens[preço] <> """", Embalagens[[#This Row],[preço]] / IF(Embalagens[[#This Row],[medida]] = ""unidades"", Embalagens[[#This Row],[quantidade]], 1), """")","=IFERROR(Embalagens[[#This Row],[preço]] / (Embalagens[quantidade] / IF(Embalagens[[#This Row],[medida]] = ""Gramas"", 1000, IF(Embalagens[[#This Row],[medida]] = ""Quilos"", 1, 0))), """")","=IFERROR(Embalagens[[#This Row],[preço]] / (Embalagens[quantidade] * IF(Embalagens[[#This Row],[medida]] = ""Gramas"", 1, IF(Embalagens[[#This Row],[medida]] = ""Quilos"", 1000, 0))), """")","=IFERROR(Embalagens[[#This Row],[preço]] / (Embalagens[quantidade] / IF(Embalagens[[#This Row],[medida]] = ""ML"", 1000, IF(Embalagens[[#This Row],[medida]] = ""Litros"", 1, 0))), """")","=IFERROR(Embalagens[[#This Row],[preço]] / (Embalagens[quantidade] * IF(Embalagens[[#This Row],[medida]] = ""ML"", 1, IF(Embalagens[[#This Row],[medida]] = ""Litros"", 1000, 0))), """")"
,63,,,,,"=IF(Embalagens[preço] <> """", Embalagens[[#This Row],[preço]] / IF(Embalagens[[#This Row],[medida]] = ""unidades"", Embalagens[[#This Row],[quantidade]], 1), """")","=IFERROR(Embalagens[[#This Row],[preço]] / (Embalagens[quantidade] / IF(Embalagens[[#This Row],[medida]] = ""Gramas"", 1000, IF(Embalagens[[#This Row],[medida]] = ""Quilos"", 1, 0))), """")","=IFERROR(Embalagens[[#This Row],[preço]] / (Embalagens[quantidade] * IF(Embalagens[[#This Row],[medida]] = ""Gramas"", 1, IF(Embalagens[[#This Row],[medida]] = ""Quilos"", 1000, 0))), """")","=IFERROR(Embalagens[[#This Row],[preço]] / (Embalagens[quantidade] / IF(Embalagens[[#This Row],[medida]] = ""ML"", 1000, IF(Embalagens[[#This Row],[medida]] = ""Litros"", 1, 0))), """")","=IFERROR(Embalagens[[#This Row],[preço]] / (Embalagens[quantidade] * IF(Embalagens[[#This Row],[medida]] = ""ML"", 1, IF(Embalagens[[#This Row],[medida]] = ""Litros"", 1000, 0))), """")"
,64,,,,,"=IF(Embalagens[preço] <> """", Embalagens[[#This Row],[preço]] / IF(Embalagens[[#This Row],[medida]] = ""unidades"", Embalagens[[#This Row],[quantidade]], 1), """")","=IFERROR(Embalagens[[#This Row],[preço]] / (Embalagens[quantidade] / IF(Embalagens[[#This Row],[medida]] = ""Gramas"", 1000, IF(Embalagens[[#This Row],[medida]] = ""Quilos"", 1, 0))), """")","=IFERROR(Embalagens[[#This Row],[preço]] / (Embalagens[quantidade] * IF(Embalagens[[#This Row],[medida]] = ""Gramas"", 1, IF(Embalagens[[#This Row],[medida]] = ""Quilos"", 1000, 0))), """")","=IFERROR(Embalagens[[#This Row],[preço]] / (Embalagens[quantidade] / IF(Embalagens[[#This Row],[medida]] = ""ML"", 1000, IF(Embalagens[[#This Row],[medida]] = ""Litros"", 1, 0))), """")","=IFERROR(Embalagens[[#This Row],[preço]] / (Embalagens[quantidade] * IF(Embalagens[[#This Row],[medida]] = ""ML"", 1, IF(Embalagens[[#This Row],[medida]] = ""Litros"", 1000, 0))), """")"
,65,,,,,"=IF(Embalagens[preço] <> """", Embalagens[[#This Row],[preço]] / IF(Embalagens[[#This Row],[medida]] = ""unidades"", Embalagens[[#This Row],[quantidade]], 1), """")","=IFERROR(Embalagens[[#This Row],[preço]] / (Embalagens[quantidade] / IF(Embalagens[[#This Row],[medida]] = ""Gramas"", 1000, IF(Embalagens[[#This Row],[medida]] = ""Quilos"", 1, 0))), """")","=IFERROR(Embalagens[[#This Row],[preço]] / (Embalagens[quantidade] * IF(Embalagens[[#This Row],[medida]] = ""Gramas"", 1, IF(Embalagens[[#This Row],[medida]] = ""Quilos"", 1000, 0))), """")","=IFERROR(Embalagens[[#This Row],[preço]] / (Embalagens[quantidade] / IF(Embalagens[[#This Row],[medida]] = ""ML"", 1000, IF(Embalagens[[#This Row],[medida]] = ""Litros"", 1, 0))), """")","=IFERROR(Embalagens[[#This Row],[preço]] / (Embalagens[quantidade] * IF(Embalagens[[#This Row],[medida]] = ""ML"", 1, IF(Embalagens[[#This Row],[medida]] = ""Litros"", 1000, 0))), """")"
,66,,,,,"=IF(Embalagens[preço] <> """", Embalagens[[#This Row],[preço]] / IF(Embalagens[[#This Row],[medida]] = ""unidades"", Embalagens[[#This Row],[quantidade]], 1), """")","=IFERROR(Embalagens[[#This Row],[preço]] / (Embalagens[quantidade] / IF(Embalagens[[#This Row],[medida]] = ""Gramas"", 1000, IF(Embalagens[[#This Row],[medida]] = ""Quilos"", 1, 0))), """")","=IFERROR(Embalagens[[#This Row],[preço]] / (Embalagens[quantidade] * IF(Embalagens[[#This Row],[medida]] = ""Gramas"", 1, IF(Embalagens[[#This Row],[medida]] = ""Quilos"", 1000, 0))), """")","=IFERROR(Embalagens[[#This Row],[preço]] / (Embalagens[quantidade] / IF(Embalagens[[#This Row],[medida]] = ""ML"", 1000, IF(Embalagens[[#This Row],[medida]] = ""Litros"", 1, 0))), """")","=IFERROR(Embalagens[[#This Row],[preço]] / (Embalagens[quantidade] * IF(Embalagens[[#This Row],[medida]] = ""ML"", 1, IF(Embalagens[[#This Row],[medida]] = ""Litros"", 1000, 0))), """")"
,67,,,,,"=IF(Embalagens[preço] <> """", Embalagens[[#This Row],[preço]] / IF(Embalagens[[#This Row],[medida]] = ""unidades"", Embalagens[[#This Row],[quantidade]], 1), """")","=IFERROR(Embalagens[[#This Row],[preço]] / (Embalagens[quantidade] / IF(Embalagens[[#This Row],[medida]] = ""Gramas"", 1000, IF(Embalagens[[#This Row],[medida]] = ""Quilos"", 1, 0))), """")","=IFERROR(Embalagens[[#This Row],[preço]] / (Embalagens[quantidade] * IF(Embalagens[[#This Row],[medida]] = ""Gramas"", 1, IF(Embalagens[[#This Row],[medida]] = ""Quilos"", 1000, 0))), """")","=IFERROR(Embalagens[[#This Row],[preço]] / (Embalagens[quantidade] / IF(Embalagens[[#This Row],[medida]] = ""ML"", 1000, IF(Embalagens[[#This Row],[medida]] = ""Litros"", 1, 0))), """")","=IFERROR(Embalagens[[#This Row],[preço]] / (Embalagens[quantidade] * IF(Embalagens[[#This Row],[medida]] = ""ML"", 1, IF(Embalagens[[#This Row],[medida]] = ""Litros"", 1000, 0))), """")"
,68,,,,,"=IF(Embalagens[preço] <> """", Embalagens[[#This Row],[preço]] / IF(Embalagens[[#This Row],[medida]] = ""unidades"", Embalagens[[#This Row],[quantidade]], 1), """")","=IFERROR(Embalagens[[#This Row],[preço]] / (Embalagens[quantidade] / IF(Embalagens[[#This Row],[medida]] = ""Gramas"", 1000, IF(Embalagens[[#This Row],[medida]] = ""Quilos"", 1, 0))), """")","=IFERROR(Embalagens[[#This Row],[preço]] / (Embalagens[quantidade] * IF(Embalagens[[#This Row],[medida]] = ""Gramas"", 1, IF(Embalagens[[#This Row],[medida]] = ""Quilos"", 1000, 0))), """")","=IFERROR(Embalagens[[#This Row],[preço]] / (Embalagens[quantidade] / IF(Embalagens[[#This Row],[medida]] = ""ML"", 1000, IF(Embalagens[[#This Row],[medida]] = ""Litros"", 1, 0))), """")","=IFERROR(Embalagens[[#This Row],[preço]] / (Embalagens[quantidade] * IF(Embalagens[[#This Row],[medida]] = ""ML"", 1, IF(Embalagens[[#This Row],[medida]] = ""Litros"", 1000, 0))), """")"
,69,,,,,"=IF(Embalagens[preço] <> """", Embalagens[[#This Row],[preço]] / IF(Embalagens[[#This Row],[medida]] = ""unidades"", Embalagens[[#This Row],[quantidade]], 1), """")","=IFERROR(Embalagens[[#This Row],[preço]] / (Embalagens[quantidade] / IF(Embalagens[[#This Row],[medida]] = ""Gramas"", 1000, IF(Embalagens[[#This Row],[medida]] = ""Quilos"", 1, 0))), """")","=IFERROR(Embalagens[[#This Row],[preço]] / (Embalagens[quantidade] * IF(Embalagens[[#This Row],[medida]] = ""Gramas"", 1, IF(Embalagens[[#This Row],[medida]] = ""Quilos"", 1000, 0))), """")","=IFERROR(Embalagens[[#This Row],[preço]] / (Embalagens[quantidade] / IF(Embalagens[[#This Row],[medida]] = ""ML"", 1000, IF(Embalagens[[#This Row],[medida]] = ""Litros"", 1, 0))), """")","=IFERROR(Embalagens[[#This Row],[preço]] / (Embalagens[quantidade] * IF(Embalagens[[#This Row],[medida]] = ""ML"", 1, IF(Embalagens[[#This Row],[medida]] = ""Litros"", 1000, 0))), """")"
,70,,,,,"=IF(Embalagens[preço] <> """", Embalagens[[#This Row],[preço]] / IF(Embalagens[[#This Row],[medida]] = ""unidades"", Embalagens[[#This Row],[quantidade]], 1), """")","=IFERROR(Embalagens[[#This Row],[preço]] / (Embalagens[quantidade] / IF(Embalagens[[#This Row],[medida]] = ""Gramas"", 1000, IF(Embalagens[[#This Row],[medida]] = ""Quilos"", 1, 0))), """")","=IFERROR(Embalagens[[#This Row],[preço]] / (Embalagens[quantidade] * IF(Embalagens[[#This Row],[medida]] = ""Gramas"", 1, IF(Embalagens[[#This Row],[medida]] = ""Quilos"", 1000, 0))), """")","=IFERROR(Embalagens[[#This Row],[preço]] / (Embalagens[quantidade] / IF(Embalagens[[#This Row],[medida]] = ""ML"", 1000, IF(Embalagens[[#This Row],[medida]] = ""Litros"", 1, 0))), """")","=IFERROR(Embalagens[[#This Row],[preço]] / (Embalagens[quantidade] * IF(Embalagens[[#This Row],[medida]] = ""ML"", 1, IF(Embalagens[[#This Row],[medida]] = ""Litros"", 1000, 0))), """")"
,71,,,,,"=IF(Embalagens[preço] <> """", Embalagens[[#This Row],[preço]] / IF(Embalagens[[#This Row],[medida]] = ""unidades"", Embalagens[[#This Row],[quantidade]], 1), """")","=IFERROR(Embalagens[[#This Row],[preço]] / (Embalagens[quantidade] / IF(Embalagens[[#This Row],[medida]] = ""Gramas"", 1000, IF(Embalagens[[#This Row],[medida]] = ""Quilos"", 1, 0))), """")","=IFERROR(Embalagens[[#This Row],[preço]] / (Embalagens[quantidade] * IF(Embalagens[[#This Row],[medida]] = ""Gramas"", 1, IF(Embalagens[[#This Row],[medida]] = ""Quilos"", 1000, 0))), """")","=IFERROR(Embalagens[[#This Row],[preço]] / (Embalagens[quantidade] / IF(Embalagens[[#This Row],[medida]] = ""ML"", 1000, IF(Embalagens[[#This Row],[medida]] = ""Litros"", 1, 0))), """")","=IFERROR(Embalagens[[#This Row],[preço]] / (Embalagens[quantidade] * IF(Embalagens[[#This Row],[medida]] = ""ML"", 1, IF(Embalagens[[#This Row],[medida]] = ""Litros"", 1000, 0))), """")"
,72,,,,,"=IF(Embalagens[preço] <> """", Embalagens[[#This Row],[preço]] / IF(Embalagens[[#This Row],[medida]] = ""unidades"", Embalagens[[#This Row],[quantidade]], 1), """")","=IFERROR(Embalagens[[#This Row],[preço]] / (Embalagens[quantidade] / IF(Embalagens[[#This Row],[medida]] = ""Gramas"", 1000, IF(Embalagens[[#This Row],[medida]] = ""Quilos"", 1, 0))), """")","=IFERROR(Embalagens[[#This Row],[preço]] / (Embalagens[quantidade] * IF(Embalagens[[#This Row],[medida]] = ""Gramas"", 1, IF(Embalagens[[#This Row],[medida]] = ""Quilos"", 1000, 0))), """")","=IFERROR(Embalagens[[#This Row],[preço]] / (Embalagens[quantidade] / IF(Embalagens[[#This Row],[medida]] = ""ML"", 1000, IF(Embalagens[[#This Row],[medida]] = ""Litros"", 1, 0))), """")","=IFERROR(Embalagens[[#This Row],[preço]] / (Embalagens[quantidade] * IF(Embalagens[[#This Row],[medida]] = ""ML"", 1, IF(Embalagens[[#This Row],[medida]] = ""Litros"", 1000, 0))), """")"
,73,,,,,"=IF(Embalagens[preço] <> """", Embalagens[[#This Row],[preço]] / IF(Embalagens[[#This Row],[medida]] = ""unidades"", Embalagens[[#This Row],[quantidade]], 1), """")","=IFERROR(Embalagens[[#This Row],[preço]] / (Embalagens[quantidade] / IF(Embalagens[[#This Row],[medida]] = ""Gramas"", 1000, IF(Embalagens[[#This Row],[medida]] = ""Quilos"", 1, 0))), """")","=IFERROR(Embalagens[[#This Row],[preço]] / (Embalagens[quantidade] * IF(Embalagens[[#This Row],[medida]] = ""Gramas"", 1, IF(Embalagens[[#This Row],[medida]] = ""Quilos"", 1000, 0))), """")","=IFERROR(Embalagens[[#This Row],[preço]] / (Embalagens[quantidade] / IF(Embalagens[[#This Row],[medida]] = ""ML"", 1000, IF(Embalagens[[#This Row],[medida]] = ""Litros"", 1, 0))), """")","=IFERROR(Embalagens[[#This Row],[preço]] / (Embalagens[quantidade] * IF(Embalagens[[#This Row],[medida]] = ""ML"", 1, IF(Embalagens[[#This Row],[medida]] = ""Litros"", 1000, 0))), """")"
,74,,,,,"=IF(Embalagens[preço] <> """", Embalagens[[#This Row],[preço]] / IF(Embalagens[[#This Row],[medida]] = ""unidades"", Embalagens[[#This Row],[quantidade]], 1), """")","=IFERROR(Embalagens[[#This Row],[preço]] / (Embalagens[quantidade] / IF(Embalagens[[#This Row],[medida]] = ""Gramas"", 1000, IF(Embalagens[[#This Row],[medida]] = ""Quilos"", 1, 0))), """")","=IFERROR(Embalagens[[#This Row],[preço]] / (Embalagens[quantidade] * IF(Embalagens[[#This Row],[medida]] = ""Gramas"", 1, IF(Embalagens[[#This Row],[medida]] = ""Quilos"", 1000, 0))), """")","=IFERROR(Embalagens[[#This Row],[preço]] / (Embalagens[quantidade] / IF(Embalagens[[#This Row],[medida]] = ""ML"", 1000, IF(Embalagens[[#This Row],[medida]] = ""Litros"", 1, 0))), """")","=IFERROR(Embalagens[[#This Row],[preço]] / (Embalagens[quantidade] * IF(Embalagens[[#This Row],[medida]] = ""ML"", 1, IF(Embalagens[[#This Row],[medida]] = ""Litros"", 1000, 0))), """")"
,75,,,,,"=IF(Embalagens[preço] <> """", Embalagens[[#This Row],[preço]] / IF(Embalagens[[#This Row],[medida]] = ""unidades"", Embalagens[[#This Row],[quantidade]], 1), """")","=IFERROR(Embalagens[[#This Row],[preço]] / (Embalagens[quantidade] / IF(Embalagens[[#This Row],[medida]] = ""Gramas"", 1000, IF(Embalagens[[#This Row],[medida]] = ""Quilos"", 1, 0))), """")","=IFERROR(Embalagens[[#This Row],[preço]] / (Embalagens[quantidade] * IF(Embalagens[[#This Row],[medida]] = ""Gramas"", 1, IF(Embalagens[[#This Row],[medida]] = ""Quilos"", 1000, 0))), """")","=IFERROR(Embalagens[[#This Row],[preço]] / (Embalagens[quantidade] / IF(Embalagens[[#This Row],[medida]] = ""ML"", 1000, IF(Embalagens[[#This Row],[medida]] = ""Litros"", 1, 0))), """")","=IFERROR(Embalagens[[#This Row],[preço]] / (Embalagens[quantidade] * IF(Embalagens[[#This Row],[medida]] = ""ML"", 1, IF(Embalagens[[#This Row],[medida]] = ""Litros"", 1000, 0))), """")"
,76,,,,,"=IF(Embalagens[preço] <> """", Embalagens[[#This Row],[preço]] / IF(Embalagens[[#This Row],[medida]] = ""unidades"", Embalagens[[#This Row],[quantidade]], 1), """")","=IFERROR(Embalagens[[#This Row],[preço]] / (Embalagens[quantidade] / IF(Embalagens[[#This Row],[medida]] = ""Gramas"", 1000, IF(Embalagens[[#This Row],[medida]] = ""Quilos"", 1, 0))), """")","=IFERROR(Embalagens[[#This Row],[preço]] / (Embalagens[quantidade] * IF(Embalagens[[#This Row],[medida]] = ""Gramas"", 1, IF(Embalagens[[#This Row],[medida]] = ""Quilos"", 1000, 0))), """")","=IFERROR(Embalagens[[#This Row],[preço]] / (Embalagens[quantidade] / IF(Embalagens[[#This Row],[medida]] = ""ML"", 1000, IF(Embalagens[[#This Row],[medida]] = ""Litros"", 1, 0))), """")","=IFERROR(Embalagens[[#This Row],[preço]] / (Embalagens[quantidade] * IF(Embalagens[[#This Row],[medida]] = ""ML"", 1, IF(Embalagens[[#This Row],[medida]] = ""Litros"", 1000, 0))), """")"
,77,,,,,"=IF(Embalagens[preço] <> """", Embalagens[[#This Row],[preço]] / IF(Embalagens[[#This Row],[medida]] = ""unidades"", Embalagens[[#This Row],[quantidade]], 1), """")","=IFERROR(Embalagens[[#This Row],[preço]] / (Embalagens[quantidade] / IF(Embalagens[[#This Row],[medida]] = ""Gramas"", 1000, IF(Embalagens[[#This Row],[medida]] = ""Quilos"", 1, 0))), """")","=IFERROR(Embalagens[[#This Row],[preço]] / (Embalagens[quantidade] * IF(Embalagens[[#This Row],[medida]] = ""Gramas"", 1, IF(Embalagens[[#This Row],[medida]] = ""Quilos"", 1000, 0))), """")","=IFERROR(Embalagens[[#This Row],[preço]] / (Embalagens[quantidade] / IF(Embalagens[[#This Row],[medida]] = ""ML"", 1000, IF(Embalagens[[#This Row],[medida]] = ""Litros"", 1, 0))), """")","=IFERROR(Embalagens[[#This Row],[preço]] / (Embalagens[quantidade] * IF(Embalagens[[#This Row],[medida]] = ""ML"", 1, IF(Embalagens[[#This Row],[medida]] = ""Litros"", 1000, 0))), """")"
,78,,,,,"=IF(Embalagens[preço] <> """", Embalagens[[#This Row],[preço]] / IF(Embalagens[[#This Row],[medida]] = ""unidades"", Embalagens[[#This Row],[quantidade]], 1), """")","=IFERROR(Embalagens[[#This Row],[preço]] / (Embalagens[quantidade] / IF(Embalagens[[#This Row],[medida]] = ""Gramas"", 1000, IF(Embalagens[[#This Row],[medida]] = ""Quilos"", 1, 0))), """")","=IFERROR(Embalagens[[#This Row],[preço]] / (Embalagens[quantidade] * IF(Embalagens[[#This Row],[medida]] = ""Gramas"", 1, IF(Embalagens[[#This Row],[medida]] = ""Quilos"", 1000, 0))), """")","=IFERROR(Embalagens[[#This Row],[preço]] / (Embalagens[quantidade] / IF(Embalagens[[#This Row],[medida]] = ""ML"", 1000, IF(Embalagens[[#This Row],[medida]] = ""Litros"", 1, 0))), """")","=IFERROR(Embalagens[[#This Row],[preço]] / (Embalagens[quantidade] * IF(Embalagens[[#This Row],[medida]] = ""ML"", 1, IF(Embalagens[[#This Row],[medida]] = ""Litros"", 1000, 0))), """")"
,79,,,,,"=IF(Embalagens[preço] <> """", Embalagens[[#This Row],[preço]] / IF(Embalagens[[#This Row],[medida]] = ""unidades"", Embalagens[[#This Row],[quantidade]], 1), """")","=IFERROR(Embalagens[[#This Row],[preço]] / (Embalagens[quantidade] / IF(Embalagens[[#This Row],[medida]] = ""Gramas"", 1000, IF(Embalagens[[#This Row],[medida]] = ""Quilos"", 1, 0))), """")","=IFERROR(Embalagens[[#This Row],[preço]] / (Embalagens[quantidade] * IF(Embalagens[[#This Row],[medida]] = ""Gramas"", 1, IF(Embalagens[[#This Row],[medida]] = ""Quilos"", 1000, 0))), """")","=IFERROR(Embalagens[[#This Row],[preço]] / (Embalagens[quantidade] / IF(Embalagens[[#This Row],[medida]] = ""ML"", 1000, IF(Embalagens[[#This Row],[medida]] = ""Litros"", 1, 0))), """")","=IFERROR(Embalagens[[#This Row],[preço]] / (Embalagens[quantidade] * IF(Embalagens[[#This Row],[medida]] = ""ML"", 1, IF(Embalagens[[#This Row],[medida]] = ""Litros"", 1000, 0))), """")"
,80,,,,,"=IF(Embalagens[preço] <> """", Embalagens[[#This Row],[preço]] / IF(Embalagens[[#This Row],[medida]] = ""unidades"", Embalagens[[#This Row],[quantidade]], 1), """")","=IFERROR(Embalagens[[#This Row],[preço]] / (Embalagens[quantidade] / IF(Embalagens[[#This Row],[medida]] = ""Gramas"", 1000, IF(Embalagens[[#This Row],[medida]] = ""Quilos"", 1, 0))), """")","=IFERROR(Embalagens[[#This Row],[preço]] / (Embalagens[quantidade] * IF(Embalagens[[#This Row],[medida]] = ""Gramas"", 1, IF(Embalagens[[#This Row],[medida]] = ""Quilos"", 1000, 0))), """")","=IFERROR(Embalagens[[#This Row],[preço]] / (Embalagens[quantidade] / IF(Embalagens[[#This Row],[medida]] = ""ML"", 1000, IF(Embalagens[[#This Row],[medida]] = ""Litros"", 1, 0))), """")","=IFERROR(Embalagens[[#This Row],[preço]] / (Embalagens[quantidade] * IF(Embalagens[[#This Row],[medida]] = ""ML"", 1, IF(Embalagens[[#This Row],[medida]] = ""Litros"", 1000, 0))), """")"
,81,,,,,"=IF(Embalagens[preço] <> """", Embalagens[[#This Row],[preço]] / IF(Embalagens[[#This Row],[medida]] = ""unidades"", Embalagens[[#This Row],[quantidade]], 1), """")","=IFERROR(Embalagens[[#This Row],[preço]] / (Embalagens[quantidade] / IF(Embalagens[[#This Row],[medida]] = ""Gramas"", 1000, IF(Embalagens[[#This Row],[medida]] = ""Quilos"", 1, 0))), """")","=IFERROR(Embalagens[[#This Row],[preço]] / (Embalagens[quantidade] * IF(Embalagens[[#This Row],[medida]] = ""Gramas"", 1, IF(Embalagens[[#This Row],[medida]] = ""Quilos"", 1000, 0))), """")","=IFERROR(Embalagens[[#This Row],[preço]] / (Embalagens[quantidade] / IF(Embalagens[[#This Row],[medida]] = ""ML"", 1000, IF(Embalagens[[#This Row],[medida]] = ""Litros"", 1, 0))), """")","=IFERROR(Embalagens[[#This Row],[preço]] / (Embalagens[quantidade] * IF(Embalagens[[#This Row],[medida]] = ""ML"", 1, IF(Embalagens[[#This Row],[medida]] = ""Litros"", 1000, 0))), """")"
,82,,,,,"=IF(Embalagens[preço] <> """", Embalagens[[#This Row],[preço]] / IF(Embalagens[[#This Row],[medida]] = ""unidades"", Embalagens[[#This Row],[quantidade]], 1), """")","=IFERROR(Embalagens[[#This Row],[preço]] / (Embalagens[quantidade] / IF(Embalagens[[#This Row],[medida]] = ""Gramas"", 1000, IF(Embalagens[[#This Row],[medida]] = ""Quilos"", 1, 0))), """")","=IFERROR(Embalagens[[#This Row],[preço]] / (Embalagens[quantidade] * IF(Embalagens[[#This Row],[medida]] = ""Gramas"", 1, IF(Embalagens[[#This Row],[medida]] = ""Quilos"", 1000, 0))), """")","=IFERROR(Embalagens[[#This Row],[preço]] / (Embalagens[quantidade] / IF(Embalagens[[#This Row],[medida]] = ""ML"", 1000, IF(Embalagens[[#This Row],[medida]] = ""Litros"", 1, 0))), """")","=IFERROR(Embalagens[[#This Row],[preço]] / (Embalagens[quantidade] * IF(Embalagens[[#This Row],[medida]] = ""ML"", 1, IF(Embalagens[[#This Row],[medida]] = ""Litros"", 1000, 0))), """")"
,83,,,,,"=IF(Embalagens[preço] <> """", Embalagens[[#This Row],[preço]] / IF(Embalagens[[#This Row],[medida]] = ""unidades"", Embalagens[[#This Row],[quantidade]], 1), """")","=IFERROR(Embalagens[[#This Row],[preço]] / (Embalagens[quantidade] / IF(Embalagens[[#This Row],[medida]] = ""Gramas"", 1000, IF(Embalagens[[#This Row],[medida]] = ""Quilos"", 1, 0))), """")","=IFERROR(Embalagens[[#This Row],[preço]] / (Embalagens[quantidade] * IF(Embalagens[[#This Row],[medida]] = ""Gramas"", 1, IF(Embalagens[[#This Row],[medida]] = ""Quilos"", 1000, 0))), """")","=IFERROR(Embalagens[[#This Row],[preço]] / (Embalagens[quantidade] / IF(Embalagens[[#This Row],[medida]] = ""ML"", 1000, IF(Embalagens[[#This Row],[medida]] = ""Litros"", 1, 0))), """")","=IFERROR(Embalagens[[#This Row],[preço]] / (Embalagens[quantidade] * IF(Embalagens[[#This Row],[medida]] = ""ML"", 1, IF(Embalagens[[#This Row],[medida]] = ""Litros"", 1000, 0))), """")"
,84,,,,,"=IF(Embalagens[preço] <> """", Embalagens[[#This Row],[preço]] / IF(Embalagens[[#This Row],[medida]] = ""unidades"", Embalagens[[#This Row],[quantidade]], 1), """")","=IFERROR(Embalagens[[#This Row],[preço]] / (Embalagens[quantidade] / IF(Embalagens[[#This Row],[medida]] = ""Gramas"", 1000, IF(Embalagens[[#This Row],[medida]] = ""Quilos"", 1, 0))), """")","=IFERROR(Embalagens[[#This Row],[preço]] / (Embalagens[quantidade] * IF(Embalagens[[#This Row],[medida]] = ""Gramas"", 1, IF(Embalagens[[#This Row],[medida]] = ""Quilos"", 1000, 0))), """")","=IFERROR(Embalagens[[#This Row],[preço]] / (Embalagens[quantidade] / IF(Embalagens[[#This Row],[medida]] = ""ML"", 1000, IF(Embalagens[[#This Row],[medida]] = ""Litros"", 1, 0))), """")","=IFERROR(Embalagens[[#This Row],[preço]] / (Embalagens[quantidade] * IF(Embalagens[[#This Row],[medida]] = ""ML"", 1, IF(Embalagens[[#This Row],[medida]] = ""Litros"", 1000, 0))), """")"
,85,,,,,"=IF(Embalagens[preço] <> """", Embalagens[[#This Row],[preço]] / IF(Embalagens[[#This Row],[medida]] = ""unidades"", Embalagens[[#This Row],[quantidade]], 1), """")","=IFERROR(Embalagens[[#This Row],[preço]] / (Embalagens[quantidade] / IF(Embalagens[[#This Row],[medida]] = ""Gramas"", 1000, IF(Embalagens[[#This Row],[medida]] = ""Quilos"", 1, 0))), """")","=IFERROR(Embalagens[[#This Row],[preço]] / (Embalagens[quantidade] * IF(Embalagens[[#This Row],[medida]] = ""Gramas"", 1, IF(Embalagens[[#This Row],[medida]] = ""Quilos"", 1000, 0))), """")","=IFERROR(Embalagens[[#This Row],[preço]] / (Embalagens[quantidade] / IF(Embalagens[[#This Row],[medida]] = ""ML"", 1000, IF(Embalagens[[#This Row],[medida]] = ""Litros"", 1, 0))), """")","=IFERROR(Embalagens[[#This Row],[preço]] / (Embalagens[quantidade] * IF(Embalagens[[#This Row],[medida]] = ""ML"", 1, IF(Embalagens[[#This Row],[medida]] = ""Litros"", 1000, 0))), """")"
,86,,,,,"=IF(Embalagens[preço] <> """", Embalagens[[#This Row],[preço]] / IF(Embalagens[[#This Row],[medida]] = ""unidades"", Embalagens[[#This Row],[quantidade]], 1), """")","=IFERROR(Embalagens[[#This Row],[preço]] / (Embalagens[quantidade] / IF(Embalagens[[#This Row],[medida]] = ""Gramas"", 1000, IF(Embalagens[[#This Row],[medida]] = ""Quilos"", 1, 0))), """")","=IFERROR(Embalagens[[#This Row],[preço]] / (Embalagens[quantidade] * IF(Embalagens[[#This Row],[medida]] = ""Gramas"", 1, IF(Embalagens[[#This Row],[medida]] = ""Quilos"", 1000, 0))), """")","=IFERROR(Embalagens[[#This Row],[preço]] / (Embalagens[quantidade] / IF(Embalagens[[#This Row],[medida]] = ""ML"", 1000, IF(Embalagens[[#This Row],[medida]] = ""Litros"", 1, 0))), """")","=IFERROR(Embalagens[[#This Row],[preço]] / (Embalagens[quantidade] * IF(Embalagens[[#This Row],[medida]] = ""ML"", 1, IF(Embalagens[[#This Row],[medida]] = ""Litros"", 1000, 0))), """")"
,87,,,,,"=IF(Embalagens[preço] <> """", Embalagens[[#This Row],[preço]] / IF(Embalagens[[#This Row],[medida]] = ""unidades"", Embalagens[[#This Row],[quantidade]], 1), """")","=IFERROR(Embalagens[[#This Row],[preço]] / (Embalagens[quantidade] / IF(Embalagens[[#This Row],[medida]] = ""Gramas"", 1000, IF(Embalagens[[#This Row],[medida]] = ""Quilos"", 1, 0))), """")","=IFERROR(Embalagens[[#This Row],[preço]] / (Embalagens[quantidade] * IF(Embalagens[[#This Row],[medida]] = ""Gramas"", 1, IF(Embalagens[[#This Row],[medida]] = ""Quilos"", 1000, 0))), """")","=IFERROR(Embalagens[[#This Row],[preço]] / (Embalagens[quantidade] / IF(Embalagens[[#This Row],[medida]] = ""ML"", 1000, IF(Embalagens[[#This Row],[medida]] = ""Litros"", 1, 0))), """")","=IFERROR(Embalagens[[#This Row],[preço]] / (Embalagens[quantidade] * IF(Embalagens[[#This Row],[medida]] = ""ML"", 1, IF(Embalagens[[#This Row],[medida]] = ""Litros"", 1000, 0))), """")"
,88,,,,,"=IF(Embalagens[preço] <> """", Embalagens[[#This Row],[preço]] / IF(Embalagens[[#This Row],[medida]] = ""unidades"", Embalagens[[#This Row],[quantidade]], 1), """")","=IFERROR(Embalagens[[#This Row],[preço]] / (Embalagens[quantidade] / IF(Embalagens[[#This Row],[medida]] = ""Gramas"", 1000, IF(Embalagens[[#This Row],[medida]] = ""Quilos"", 1, 0))), """")","=IFERROR(Embalagens[[#This Row],[preço]] / (Embalagens[quantidade] * IF(Embalagens[[#This Row],[medida]] = ""Gramas"", 1, IF(Embalagens[[#This Row],[medida]] = ""Quilos"", 1000, 0))), """")","=IFERROR(Embalagens[[#This Row],[preço]] / (Embalagens[quantidade] / IF(Embalagens[[#This Row],[medida]] = ""ML"", 1000, IF(Embalagens[[#This Row],[medida]] = ""Litros"", 1, 0))), """")","=IFERROR(Embalagens[[#This Row],[preço]] / (Embalagens[quantidade] * IF(Embalagens[[#This Row],[medida]] = ""ML"", 1, IF(Embalagens[[#This Row],[medida]] = ""Litros"", 1000, 0))), """")"
,89,,,,,"=IF(Embalagens[preço] <> """", Embalagens[[#This Row],[preço]] / IF(Embalagens[[#This Row],[medida]] = ""unidades"", Embalagens[[#This Row],[quantidade]], 1), """")","=IFERROR(Embalagens[[#This Row],[preço]] / (Embalagens[quantidade] / IF(Embalagens[[#This Row],[medida]] = ""Gramas"", 1000, IF(Embalagens[[#This Row],[medida]] = ""Quilos"", 1, 0))), """")","=IFERROR(Embalagens[[#This Row],[preço]] / (Embalagens[quantidade] * IF(Embalagens[[#This Row],[medida]] = ""Gramas"", 1, IF(Embalagens[[#This Row],[medida]] = ""Quilos"", 1000, 0))), """")","=IFERROR(Embalagens[[#This Row],[preço]] / (Embalagens[quantidade] / IF(Embalagens[[#This Row],[medida]] = ""ML"", 1000, IF(Embalagens[[#This Row],[medida]] = ""Litros"", 1, 0))), """")","=IFERROR(Embalagens[[#This Row],[preço]] / (Embalagens[quantidade] * IF(Embalagens[[#This Row],[medida]] = ""ML"", 1, IF(Embalagens[[#This Row],[medida]] = ""Litros"", 1000, 0))), """")"
,90,,,,,"=IF(Embalagens[preço] <> """", Embalagens[[#This Row],[preço]] / IF(Embalagens[[#This Row],[medida]] = ""unidades"", Embalagens[[#This Row],[quantidade]], 1), """")","=IFERROR(Embalagens[[#This Row],[preço]] / (Embalagens[quantidade] / IF(Embalagens[[#This Row],[medida]] = ""Gramas"", 1000, IF(Embalagens[[#This Row],[medida]] = ""Quilos"", 1, 0))), """")","=IFERROR(Embalagens[[#This Row],[preço]] / (Embalagens[quantidade] * IF(Embalagens[[#This Row],[medida]] = ""Gramas"", 1, IF(Embalagens[[#This Row],[medida]] = ""Quilos"", 1000, 0))), """")","=IFERROR(Embalagens[[#This Row],[preço]] / (Embalagens[quantidade] / IF(Embalagens[[#This Row],[medida]] = ""ML"", 1000, IF(Embalagens[[#This Row],[medida]] = ""Litros"", 1, 0))), """")","=IFERROR(Embalagens[[#This Row],[preço]] / (Embalagens[quantidade] * IF(Embalagens[[#This Row],[medida]] = ""ML"", 1, IF(Embalagens[[#This Row],[medida]] = ""Litros"", 1000, 0))), """")"
,91,,,,,"=IF(Embalagens[preço] <> """", Embalagens[[#This Row],[preço]] / IF(Embalagens[[#This Row],[medida]] = ""unidades"", Embalagens[[#This Row],[quantidade]], 1), """")","=IFERROR(Embalagens[[#This Row],[preço]] / (Embalagens[quantidade] / IF(Embalagens[[#This Row],[medida]] = ""Gramas"", 1000, IF(Embalagens[[#This Row],[medida]] = ""Quilos"", 1, 0))), """")","=IFERROR(Embalagens[[#This Row],[preço]] / (Embalagens[quantidade] * IF(Embalagens[[#This Row],[medida]] = ""Gramas"", 1, IF(Embalagens[[#This Row],[medida]] = ""Quilos"", 1000, 0))), """")","=IFERROR(Embalagens[[#This Row],[preço]] / (Embalagens[quantidade] / IF(Embalagens[[#This Row],[medida]] = ""ML"", 1000, IF(Embalagens[[#This Row],[medida]] = ""Litros"", 1, 0))), """")","=IFERROR(Embalagens[[#This Row],[preço]] / (Embalagens[quantidade] * IF(Embalagens[[#This Row],[medida]] = ""ML"", 1, IF(Embalagens[[#This Row],[medida]] = ""Litros"", 1000, 0))), """")"
,92,,,,,"=IF(Embalagens[preço] <> """", Embalagens[[#This Row],[preço]] / IF(Embalagens[[#This Row],[medida]] = ""unidades"", Embalagens[[#This Row],[quantidade]], 1), """")","=IFERROR(Embalagens[[#This Row],[preço]] / (Embalagens[quantidade] / IF(Embalagens[[#This Row],[medida]] = ""Gramas"", 1000, IF(Embalagens[[#This Row],[medida]] = ""Quilos"", 1, 0))), """")","=IFERROR(Embalagens[[#This Row],[preço]] / (Embalagens[quantidade] * IF(Embalagens[[#This Row],[medida]] = ""Gramas"", 1, IF(Embalagens[[#This Row],[medida]] = ""Quilos"", 1000, 0))), """")","=IFERROR(Embalagens[[#This Row],[preço]] / (Embalagens[quantidade] / IF(Embalagens[[#This Row],[medida]] = ""ML"", 1000, IF(Embalagens[[#This Row],[medida]] = ""Litros"", 1, 0))), """")","=IFERROR(Embalagens[[#This Row],[preço]] / (Embalagens[quantidade] * IF(Embalagens[[#This Row],[medida]] = ""ML"", 1, IF(Embalagens[[#This Row],[medida]] = ""Litros"", 1000, 0))), """")"
,93,,,,,"=IF(Embalagens[preço] <> """", Embalagens[[#This Row],[preço]] / IF(Embalagens[[#This Row],[medida]] = ""unidades"", Embalagens[[#This Row],[quantidade]], 1), """")","=IFERROR(Embalagens[[#This Row],[preço]] / (Embalagens[quantidade] / IF(Embalagens[[#This Row],[medida]] = ""Gramas"", 1000, IF(Embalagens[[#This Row],[medida]] = ""Quilos"", 1, 0))), """")","=IFERROR(Embalagens[[#This Row],[preço]] / (Embalagens[quantidade] * IF(Embalagens[[#This Row],[medida]] = ""Gramas"", 1, IF(Embalagens[[#This Row],[medida]] = ""Quilos"", 1000, 0))), """")","=IFERROR(Embalagens[[#This Row],[preço]] / (Embalagens[quantidade] / IF(Embalagens[[#This Row],[medida]] = ""ML"", 1000, IF(Embalagens[[#This Row],[medida]] = ""Litros"", 1, 0))), """")","=IFERROR(Embalagens[[#This Row],[preço]] / (Embalagens[quantidade] * IF(Embalagens[[#This Row],[medida]] = ""ML"", 1, IF(Embalagens[[#This Row],[medida]] = ""Litros"", 1000, 0))), """")"
,94,,,,,"=IF(Embalagens[preço] <> """", Embalagens[[#This Row],[preço]] / IF(Embalagens[[#This Row],[medida]] = ""unidades"", Embalagens[[#This Row],[quantidade]], 1), """")","=IFERROR(Embalagens[[#This Row],[preço]] / (Embalagens[quantidade] / IF(Embalagens[[#This Row],[medida]] = ""Gramas"", 1000, IF(Embalagens[[#This Row],[medida]] = ""Quilos"", 1, 0))), """")","=IFERROR(Embalagens[[#This Row],[preço]] / (Embalagens[quantidade] * IF(Embalagens[[#This Row],[medida]] = ""Gramas"", 1, IF(Embalagens[[#This Row],[medida]] = ""Quilos"", 1000, 0))), """")","=IFERROR(Embalagens[[#This Row],[preço]] / (Embalagens[quantidade] / IF(Embalagens[[#This Row],[medida]] = ""ML"", 1000, IF(Embalagens[[#This Row],[medida]] = ""Litros"", 1, 0))), """")","=IFERROR(Embalagens[[#This Row],[preço]] / (Embalagens[quantidade] * IF(Embalagens[[#This Row],[medida]] = ""ML"", 1, IF(Embalagens[[#This Row],[medida]] = ""Litros"", 1000, 0))), """")"
,95,,,,,"=IF(Embalagens[preço] <> """", Embalagens[[#This Row],[preço]] / IF(Embalagens[[#This Row],[medida]] = ""unidades"", Embalagens[[#This Row],[quantidade]], 1), """")","=IFERROR(Embalagens[[#This Row],[preço]] / (Embalagens[quantidade] / IF(Embalagens[[#This Row],[medida]] = ""Gramas"", 1000, IF(Embalagens[[#This Row],[medida]] = ""Quilos"", 1, 0))), """")","=IFERROR(Embalagens[[#This Row],[preço]] / (Embalagens[quantidade] * IF(Embalagens[[#This Row],[medida]] = ""Gramas"", 1, IF(Embalagens[[#This Row],[medida]] = ""Quilos"", 1000, 0))), """")","=IFERROR(Embalagens[[#This Row],[preço]] / (Embalagens[quantidade] / IF(Embalagens[[#This Row],[medida]] = ""ML"", 1000, IF(Embalagens[[#This Row],[medida]] = ""Litros"", 1, 0))), """")","=IFERROR(Embalagens[[#This Row],[preço]] / (Embalagens[quantidade] * IF(Embalagens[[#This Row],[medida]] = ""ML"", 1, IF(Embalagens[[#This Row],[medida]] = ""Litros"", 1000, 0))), """")"
,96,,,,,"=IF(Embalagens[preço] <> """", Embalagens[[#This Row],[preço]] / IF(Embalagens[[#This Row],[medida]] = ""unidades"", Embalagens[[#This Row],[quantidade]], 1), """")","=IFERROR(Embalagens[[#This Row],[preço]] / (Embalagens[quantidade] / IF(Embalagens[[#This Row],[medida]] = ""Gramas"", 1000, IF(Embalagens[[#This Row],[medida]] = ""Quilos"", 1, 0))), """")","=IFERROR(Embalagens[[#This Row],[preço]] / (Embalagens[quantidade] * IF(Embalagens[[#This Row],[medida]] = ""Gramas"", 1, IF(Embalagens[[#This Row],[medida]] = ""Quilos"", 1000, 0))), """")","=IFERROR(Embalagens[[#This Row],[preço]] / (Embalagens[quantidade] / IF(Embalagens[[#This Row],[medida]] = ""ML"", 1000, IF(Embalagens[[#This Row],[medida]] = ""Litros"", 1, 0))), """")","=IFERROR(Embalagens[[#This Row],[preço]] / (Embalagens[quantidade] * IF(Embalagens[[#This Row],[medida]] = ""ML"", 1, IF(Embalagens[[#This Row],[medida]] = ""Litros"", 1000, 0))), """")"
,97,,,,,"=IF(Embalagens[preço] <> """", Embalagens[[#This Row],[preço]] / IF(Embalagens[[#This Row],[medida]] = ""unidades"", Embalagens[[#This Row],[quantidade]], 1), """")","=IFERROR(Embalagens[[#This Row],[preço]] / (Embalagens[quantidade] / IF(Embalagens[[#This Row],[medida]] = ""Gramas"", 1000, IF(Embalagens[[#This Row],[medida]] = ""Quilos"", 1, 0))), """")","=IFERROR(Embalagens[[#This Row],[preço]] / (Embalagens[quantidade] * IF(Embalagens[[#This Row],[medida]] = ""Gramas"", 1, IF(Embalagens[[#This Row],[medida]] = ""Quilos"", 1000, 0))), """")","=IFERROR(Embalagens[[#This Row],[preço]] / (Embalagens[quantidade] / IF(Embalagens[[#This Row],[medida]] = ""ML"", 1000, IF(Embalagens[[#This Row],[medida]] = ""Litros"", 1, 0))), """")","=IFERROR(Embalagens[[#This Row],[preço]] / (Embalagens[quantidade] * IF(Embalagens[[#This Row],[medida]] = ""ML"", 1, IF(Embalagens[[#This Row],[medida]] = ""Litros"", 1000, 0))), """")"
,98,,,,,"=IF(Embalagens[preço] <> """", Embalagens[[#This Row],[preço]] / IF(Embalagens[[#This Row],[medida]] = ""unidades"", Embalagens[[#This Row],[quantidade]], 1), """")","=IFERROR(Embalagens[[#This Row],[preço]] / (Embalagens[quantidade] / IF(Embalagens[[#This Row],[medida]] = ""Gramas"", 1000, IF(Embalagens[[#This Row],[medida]] = ""Quilos"", 1, 0))), """")","=IFERROR(Embalagens[[#This Row],[preço]] / (Embalagens[quantidade] * IF(Embalagens[[#This Row],[medida]] = ""Gramas"", 1, IF(Embalagens[[#This Row],[medida]] = ""Quilos"", 1000, 0))), """")","=IFERROR(Embalagens[[#This Row],[preço]] / (Embalagens[quantidade] / IF(Embalagens[[#This Row],[medida]] = ""ML"", 1000, IF(Embalagens[[#This Row],[medida]] = ""Litros"", 1, 0))), """")","=IFERROR(Embalagens[[#This Row],[preço]] / (Embalagens[quantidade] * IF(Embalagens[[#This Row],[medida]] = ""ML"", 1, IF(Embalagens[[#This Row],[medida]] = ""Litros"", 1000, 0))), """")"
,99,,,,,"=IF(Embalagens[preço] <> """", Embalagens[[#This Row],[preço]] / IF(Embalagens[[#This Row],[medida]] = ""unidades"", Embalagens[[#This Row],[quantidade]], 1), """")","=IFERROR(Embalagens[[#This Row],[preço]] / (Embalagens[quantidade] / IF(Embalagens[[#This Row],[medida]] = ""Gramas"", 1000, IF(Embalagens[[#This Row],[medida]] = ""Quilos"", 1, 0))), """")","=IFERROR(Embalagens[[#This Row],[preço]] / (Embalagens[quantidade] * IF(Embalagens[[#This Row],[medida]] = ""Gramas"", 1, IF(Embalagens[[#This Row],[medida]] = ""Quilos"", 1000, 0))), """")","=IFERROR(Embalagens[[#This Row],[preço]] / (Embalagens[quantidade] / IF(Embalagens[[#This Row],[medida]] = ""ML"", 1000, IF(Embalagens[[#This Row],[medida]] = ""Litros"", 1, 0))), """")","=IFERROR(Embalagens[[#This Row],[preço]] / (Embalagens[quantidade] * IF(Embalagens[[#This Row],[medida]] = ""ML"", 1, IF(Embalagens[[#This Row],[medida]] = ""Litros"", 1000, 0))), """")"
,100,,,,,"=IF(Embalagens[preço] <> """", Embalagens[[#This Row],[preço]] / IF(Embalagens[[#This Row],[medida]] = ""unidades"", Embalagens[[#This Row],[quantidade]], 1), """")","=IFERROR(Embalagens[[#This Row],[preço]] / (Embalagens[quantidade] / IF(Embalagens[[#This Row],[medida]] = ""Gramas"", 1000, IF(Embalagens[[#This Row],[medida]] = ""Quilos"", 1, 0))), """")","=IFERROR(Embalagens[[#This Row],[preço]] / (Embalagens[quantidade] * IF(Embalagens[[#This Row],[medida]] = ""Gramas"", 1, IF(Embalagens[[#This Row],[medida]] = ""Quilos"", 1000, 0))), """")","=IFERROR(Embalagens[[#This Row],[preço]] / (Embalagens[quantidade] / IF(Embalagens[[#This Row],[medida]] = ""ML"", 1000, IF(Embalagens[[#This Row],[medida]] = ""Litros"", 1, 0))), """")","=IFERROR(Embalagens[[#This Row],[preço]] / (Embalagens[quantidade] * IF(Embalagens[[#This Row],[medida]] = ""ML"", 1, IF(Embalagens[[#This Row],[medida]] = ""Litros"", 1000, 0))), """")"
,101,,,,,"=IF(Embalagens[preço] <> """", Embalagens[[#This Row],[preço]] / IF(Embalagens[[#This Row],[medida]] = ""unidades"", Embalagens[[#This Row],[quantidade]], 1), """")","=IFERROR(Embalagens[[#This Row],[preço]] / (Embalagens[quantidade] / IF(Embalagens[[#This Row],[medida]] = ""Gramas"", 1000, IF(Embalagens[[#This Row],[medida]] = ""Quilos"", 1, 0))), """")","=IFERROR(Embalagens[[#This Row],[preço]] / (Embalagens[quantidade] * IF(Embalagens[[#This Row],[medida]] = ""Gramas"", 1, IF(Embalagens[[#This Row],[medida]] = ""Quilos"", 1000, 0))), """")","=IFERROR(Embalagens[[#This Row],[preço]] / (Embalagens[quantidade] / IF(Embalagens[[#This Row],[medida]] = ""ML"", 1000, IF(Embalagens[[#This Row],[medida]] = ""Litros"", 1, 0))), """")","=IFERROR(Embalagens[[#This Row],[preço]] / (Embalagens[quantidade] * IF(Embalagens[[#This Row],[medida]] = ""ML"", 1, IF(Embalagens[[#This Row],[medida]] = ""Litros"", 1000, 0))), """")"
,102,,,,,"=IF(Embalagens[preço] <> """", Embalagens[[#This Row],[preço]] / IF(Embalagens[[#This Row],[medida]] = ""unidades"", Embalagens[[#This Row],[quantidade]], 1), """")","=IFERROR(Embalagens[[#This Row],[preço]] / (Embalagens[quantidade] / IF(Embalagens[[#This Row],[medida]] = ""Gramas"", 1000, IF(Embalagens[[#This Row],[medida]] = ""Quilos"", 1, 0))), """")","=IFERROR(Embalagens[[#This Row],[preço]] / (Embalagens[quantidade] * IF(Embalagens[[#This Row],[medida]] = ""Gramas"", 1, IF(Embalagens[[#This Row],[medida]] = ""Quilos"", 1000, 0))), """")","=IFERROR(Embalagens[[#This Row],[preço]] / (Embalagens[quantidade] / IF(Embalagens[[#This Row],[medida]] = ""ML"", 1000, IF(Embalagens[[#This Row],[medida]] = ""Litros"", 1, 0))), """")","=IFERROR(Embalagens[[#This Row],[preço]] / (Embalagens[quantidade] * IF(Embalagens[[#This Row],[medida]] = ""ML"", 1, IF(Embalagens[[#This Row],[medida]] = ""Litros"", 1000, 0))), """")"
,103,,,,,"=IF(Embalagens[preço] <> """", Embalagens[[#This Row],[preço]] / IF(Embalagens[[#This Row],[medida]] = ""unidades"", Embalagens[[#This Row],[quantidade]], 1), """")","=IFERROR(Embalagens[[#This Row],[preço]] / (Embalagens[quantidade] / IF(Embalagens[[#This Row],[medida]] = ""Gramas"", 1000, IF(Embalagens[[#This Row],[medida]] = ""Quilos"", 1, 0))), """")","=IFERROR(Embalagens[[#This Row],[preço]] / (Embalagens[quantidade] * IF(Embalagens[[#This Row],[medida]] = ""Gramas"", 1, IF(Embalagens[[#This Row],[medida]] = ""Quilos"", 1000, 0))), """")","=IFERROR(Embalagens[[#This Row],[preço]] / (Embalagens[quantidade] / IF(Embalagens[[#This Row],[medida]] = ""ML"", 1000, IF(Embalagens[[#This Row],[medida]] = ""Litros"", 1, 0))), """")","=IFERROR(Embalagens[[#This Row],[preço]] / (Embalagens[quantidade] * IF(Embalagens[[#This Row],[medida]] = ""ML"", 1, IF(Embalagens[[#This Row],[medida]] = ""Litros"", 1000, 0))), """")"
,104,,,,,"=IF(Embalagens[preço] <> """", Embalagens[[#This Row],[preço]] / IF(Embalagens[[#This Row],[medida]] = ""unidades"", Embalagens[[#This Row],[quantidade]], 1), """")","=IFERROR(Embalagens[[#This Row],[preço]] / (Embalagens[quantidade] / IF(Embalagens[[#This Row],[medida]] = ""Gramas"", 1000, IF(Embalagens[[#This Row],[medida]] = ""Quilos"", 1, 0))), """")","=IFERROR(Embalagens[[#This Row],[preço]] / (Embalagens[quantidade] * IF(Embalagens[[#This Row],[medida]] = ""Gramas"", 1, IF(Embalagens[[#This Row],[medida]] = ""Quilos"", 1000, 0))), """")","=IFERROR(Embalagens[[#This Row],[preço]] / (Embalagens[quantidade] / IF(Embalagens[[#This Row],[medida]] = ""ML"", 1000, IF(Embalagens[[#This Row],[medida]] = ""Litros"", 1, 0))), """")","=IFERROR(Embalagens[[#This Row],[preço]] / (Embalagens[quantidade] * IF(Embalagens[[#This Row],[medida]] = ""ML"", 1, IF(Embalagens[[#This Row],[medida]] = ""Litros"", 1000, 0))), """")"
,105,,,,,"=IF(Embalagens[preço] <> """", Embalagens[[#This Row],[preço]] / IF(Embalagens[[#This Row],[medida]] = ""unidades"", Embalagens[[#This Row],[quantidade]], 1), """")","=IFERROR(Embalagens[[#This Row],[preço]] / (Embalagens[quantidade] / IF(Embalagens[[#This Row],[medida]] = ""Gramas"", 1000, IF(Embalagens[[#This Row],[medida]] = ""Quilos"", 1, 0))), """")","=IFERROR(Embalagens[[#This Row],[preço]] / (Embalagens[quantidade] * IF(Embalagens[[#This Row],[medida]] = ""Gramas"", 1, IF(Embalagens[[#This Row],[medida]] = ""Quilos"", 1000, 0))), """")","=IFERROR(Embalagens[[#This Row],[preço]] / (Embalagens[quantidade] / IF(Embalagens[[#This Row],[medida]] = ""ML"", 1000, IF(Embalagens[[#This Row],[medida]] = ""Litros"", 1, 0))), """")","=IFERROR(Embalagens[[#This Row],[preço]] / (Embalagens[quantidade] * IF(Embalagens[[#This Row],[medida]] = ""ML"", 1, IF(Embalagens[[#This Row],[medida]] = ""Litros"", 1000, 0))), """")"
,106,,,,,"=IF(Embalagens[preço] <> """", Embalagens[[#This Row],[preço]] / IF(Embalagens[[#This Row],[medida]] = ""unidades"", Embalagens[[#This Row],[quantidade]], 1), """")","=IFERROR(Embalagens[[#This Row],[preço]] / (Embalagens[quantidade] / IF(Embalagens[[#This Row],[medida]] = ""Gramas"", 1000, IF(Embalagens[[#This Row],[medida]] = ""Quilos"", 1, 0))), """")","=IFERROR(Embalagens[[#This Row],[preço]] / (Embalagens[quantidade] * IF(Embalagens[[#This Row],[medida]] = ""Gramas"", 1, IF(Embalagens[[#This Row],[medida]] = ""Quilos"", 1000, 0))), """")","=IFERROR(Embalagens[[#This Row],[preço]] / (Embalagens[quantidade] / IF(Embalagens[[#This Row],[medida]] = ""ML"", 1000, IF(Embalagens[[#This Row],[medida]] = ""Litros"", 1, 0))), """")","=IFERROR(Embalagens[[#This Row],[preço]] / (Embalagens[quantidade] * IF(Embalagens[[#This Row],[medida]] = ""ML"", 1, IF(Embalagens[[#This Row],[medida]] = ""Litros"", 1000, 0))), """")"
,107,,,,,"=IF(Embalagens[preço] <> """", Embalagens[[#This Row],[preço]] / IF(Embalagens[[#This Row],[medida]] = ""unidades"", Embalagens[[#This Row],[quantidade]], 1), """")","=IFERROR(Embalagens[[#This Row],[preço]] / (Embalagens[quantidade] / IF(Embalagens[[#This Row],[medida]] = ""Gramas"", 1000, IF(Embalagens[[#This Row],[medida]] = ""Quilos"", 1, 0))), """")","=IFERROR(Embalagens[[#This Row],[preço]] / (Embalagens[quantidade] * IF(Embalagens[[#This Row],[medida]] = ""Gramas"", 1, IF(Embalagens[[#This Row],[medida]] = ""Quilos"", 1000, 0))), """")","=IFERROR(Embalagens[[#This Row],[preço]] / (Embalagens[quantidade] / IF(Embalagens[[#This Row],[medida]] = ""ML"", 1000, IF(Embalagens[[#This Row],[medida]] = ""Litros"", 1, 0))), """")","=IFERROR(Embalagens[[#This Row],[preço]] / (Embalagens[quantidade] * IF(Embalagens[[#This Row],[medida]] = ""ML"", 1, IF(Embalagens[[#This Row],[medida]] = ""Litros"", 1000, 0))), """")"
,Total,,32.65,,,,,,,
