,,,,,,,,,,,,,,,,,,,,,,,,,
,,,,,,,,,,,,,,,,,,,,,,,,,
,,Ingredientes,,,,,,,,,,,,,,,,,,,,,,,
,,Produto,ID,item,qtd.,medida,Porções,preço,,,,,,,,,,,,,,,,,
,,Adc. Espeto Bovino,41,Espetos Bovinos,1,Unidades,1,4.4,,,,,,,,,,,,,,,,,
,,Adc. Espeto Medalhão de Frango ,115,Espetos Medalhão de Carne/Frango,1,Unidades,1,8.125,,,,,,,,,,,,,,,,,
,,Adc. Espeto de Frango,109,Espetos Frango,1,Unidades,1,3.8000000000000003,,,,,,,,,,,,,,,,,
,,Adc. Espeto Linguiça,110,Espetos Linguiça,1,Unidades,1,3.8,,,,,,,,,,,,,,,,,
,,Porç. Vinagrete,3,Tomate Salada,340,Gramas,15,1.5266,,,,,,,,,,,,,,,,,
,,Porç. Vinagrete,1,Cebola Nacional,150,Gramas,15,0.5685,,,,,,,,,,,,,,,,,
,,Porç. Vinagrete,9,Pimentão Verde,70,Gramas,15,0.8323,,,,,,,,,,,,,,,,,
,,Porç. Vinagrete,19,Vinagre Álcool,50,ML,15,0.17266666666666666,,,,,,,,,,,,,,,,,
,,Porç. Mandioca,7,Mandioca Descascada,1000,Gramas,8,10.99,,,,,,,,,,,,,,,,,
,,Porç. Arroz,45,Alho,10,Gramas,9,0.25,,,,,,,,,,,,,,,,,
,,Porç. Arroz,1,Cebola Nacional,75,Gramas,9,0.28425,,,,,,,,,,,,,,,,,
,,Porç. Arroz,46,Óleo de soja,60,ML,9,0.36,,,,,,,,,,,,,,,,,
,,Porç. Arroz,44,Arroz,480,Gramas,9,1.824,,,,,,,,,,,,,,,,,
,,Porç. Farofa,27,Farofa Temperada,80,Gramas,1,0.698,,,,,,,,,,,,,,,,,
,,Espeto Completo,21,Porç. Mandioca,1,Unidades,1,1.37375,,,,,,,,,,,,,,,,,
,,Espeto Completo,20,Porç. Arroz,1,Unidades,1,0.3020277777777778,,,,,,,,,,,,,,,,,
,,Espeto Completo,19,Porç. Vinagrete,1,Unidades,1,0.2066711111111111,,,,,,,,,,,,,,,,,
,,Espeto Completo,22,Porç. Farofa,1,Unidades,1,0.698,,,,,,,,,,,,,,,,,
,,Espeto Completo,18,Adc. Espeto Bovino,1,Unidades,1,4.4,,,,,,,,,,,,,,,,,
,,Espeto Simples,21,Porç. Mandioca,1,Unidades,1,1.37375,,,,,,,,,,,,,,,,,
,,Espeto Simples,41,Espetos Bovinos,1,Unidades,1,4.4,,,,,,,,,,,,,,,,,
,,Espeto Simples,20,Porç. Arroz,1,Unidades,1,0.3020277777777778,,,,,,,,,,,,,,,,,
,,Espeto Simples,22,Porç. Farofa,1,Unidades,1,0.698,,,,,,,,,,,,,,,,,
,,Adc. Espeto de Queijo Coalho,114,Espetos de Queijo,1,Unidades,1,5.5,,,,,,,,,,,,,,,,,
,,Adc. Espeto de Medalhão de Queijo,116,Espetos Medalhão de Queijo/Romeu e Julieta,1,Unidades,1,12,,,,,,,,,,,,,,,,,
,,Adc. Cheddar,47,Cheddar,200,Gramas,4,2.7960000000000003,,,,,,,,,,,,,,,,,
,,Adc. Cheddar,22,Creme de Leite,100,Gramas,4,1.7950000000000002,,,,,,,,,,,,,,,,,
,,Adc. Mussarela,48,Queijo Mussarela,50,Gramas,1,3.3333333333333335,,,,,,,,,,,,,,,,,
,,Adc. Batata Palha,21,Batata Palha,10,Gramas,1,0.37374999999999997,,,,,,,,,,,,,,,,,
,,Adc. Queijo Ralado,49,Queijo Ralado,50,Gramas,1,2.495,,,,,,,,,,,,,,,,,
,,Adc. Parmesão,26,Queijo Parmesão,50,Gramas,1,7.775,,,,,,,,,,,,,,,,,
,,Adc. Azeitona Preta,51,Azeitona Preta,30,Gramas,1,1.9565217391304348,,,,,,,,,,,,,,,,,
,,Adc. Picles,18,Picles Conserva,30,Gramas,1,1.165,,,,,,,,,,,,,,,,,
,,Carro Chefe Simples,20,Maionese,20,Gramas,1,0.25722772277227723,,,,,,,,,,,,,,,,,
,,Carro Chefe Simples,18,Adc. Espeto Bovino,1,Unidades,1,4.4,,,,,,,,,,,,,,,,,
,,Carro Chefe Simples,19,Porç. Vinagrete,1,Unidades,1,0.2066711111111111,,,,,,,,,,,,,,,,,
,,Chefão,1,Carro Chefe Simples,1,Unidades,1,4.863898833883389,,,,,,,,,,,,,,,,,
,,Chefão,6,Alface,2,Unidades,1,0.39866666666666667,,,,,,,,,,,,,,,,,
,,Chefão,15,Adc. Picles,1,Unidades,1,1.165,,,,,,,,,,,,,,,,,
,,Chefão,31,Adc. Azeitona Preta,1,Unidades,1,1.9565217391304348,,,,,,,,,,,,,,,,,
,,Chefão,10,Adc. Batata Palha,1,Unidades,1,0.37374999999999997,,,,,,,,,,,,,,,,,
,,Chefão,11,Adc. Cheddar,1,Unidades,1,1.14775,,,,,,,,,,,,,,,,,
,,"Coca-Cola Original PET 2,5 L","=IFERROR(
INDEX(insumos[ID],MATCH(Ingredientes[[#This Row],[item]],insumos[item],0)),
IFERROR(
INDEX(CaProdutos[ID],MATCH(Ingredientes[[#This Row],[item]],CaProdutos[Item],0)),
""""
))","Coca Cola 2,5",1,"=IFERROR(
INDEX(insumos[medida],MATCH(Ingredientes[[#This Row],[item]],insumos[item],0)),
IFERROR(
IF(MATCH(Ingredientes[[#This Row],[item]],CaProdutos[Item],0)>0,""Unidades"",""""),
""""
))","=IFERROR(INDEX(CaProdutos[Un. Por Lote], MATCH(Ingredientes[[#This Row],[Produto]], CaProdutos[Item], 0)), """")","=IFERROR(
    INDEX(insumos[preço],MATCH(Ingredientes[[#This Row],[item]],insumos[item],0))
    /INDEX(insumos[quantidade],MATCH(Ingredientes[[#This Row],[item]],insumos[item],0))
    *Ingredientes[[#This Row],[qtd.]],
    IFERROR(
        INDEX(CaProdutos[Custo de Produção (1 un.)],MATCH(Ingredientes[[#This Row],[item]],CaProdutos[Item],0))
        *Ingredientes[[#This Row],[qtd.]],
        """"
    )
)",,,,,,,,,,,,,,,,,
,,Coca-Cola Original Lata 310 ml,"=IFERROR(
INDEX(insumos[ID],MATCH(Ingredientes[[#This Row],[item]],insumos[item],0)),
IFERROR(
INDEX(CaProdutos[ID],MATCH(Ingredientes[[#This Row],[item]],CaProdutos[Item],0)),
""""
))",Coca Cola Lata 310,1,"=IFERROR(
INDEX(insumos[medida],MATCH(Ingredientes[[#This Row],[item]],insumos[item],0)),
IFERROR(
IF(MATCH(Ingredientes[[#This Row],[item]],CaProdutos[Item],0)>0,""Unidades"",""""),
""""
))","=IFERROR(INDEX(CaProdutos[Un. Por Lote], MATCH(Ingredientes[[#This Row],[Produto]], CaProdutos[Item], 0)), """")","=IFERROR(
    INDEX(insumos[preço],MATCH(Ingredientes[[#This Row],[item]],insumos[item],0))
    /INDEX(insumos[quantidade],MATCH(Ingredientes[[#This Row],[item]],insumos[item],0))
    *Ingredientes[[#This Row],[qtd.]],
    IFERROR(
        INDEX(CaProdutos[Custo de Produção (1 un.)],MATCH(Ingredientes[[#This Row],[item]],CaProdutos[Item],0))
        *Ingredientes[[#This Row],[qtd.]],
        """"
    )
)",,,,,,,,,,,,,,,,,
,,Coca-Cola Zero Lata 350 ml,"=IFERROR(
INDEX(insumos[ID],MATCH(Ingredientes[[#This Row],[item]],insumos[item],0)),
IFERROR(
INDEX(CaProdutos[ID],MATCH(Ingredientes[[#This Row],[item]],CaProdutos[Item],0)),
""""
))",Coca Cola Zero Lata 350,1,"=IFERROR(
INDEX(insumos[medida],MATCH(Ingredientes[[#This Row],[item]],insumos[item],0)),
IFERROR(
IF(MATCH(Ingredientes[[#This Row],[item]],CaProdutos[Item],0)>0,""Unidades"",""""),
""""
))","=IFERROR(INDEX(CaProdutos[Un. Por Lote], MATCH(Ingredientes[[#This Row],[Produto]], CaProdutos[Item], 0)), """")","=IFERROR(
    INDEX(insumos[preço],MATCH(Ingredientes[[#This Row],[item]],insumos[item],0))
    /INDEX(insumos[quantidade],MATCH(Ingredientes[[#This Row],[item]],insumos[item],0))
    *Ingredientes[[#This Row],[qtd.]],
    IFERROR(
        INDEX(CaProdutos[Custo de Produção (1 un.)],MATCH(Ingredientes[[#This Row],[item]],CaProdutos[Item],0))
        *Ingredientes[[#This Row],[qtd.]],
        """"
    )
)",,,,,,,,,,,,,,,,,
,,Guaraná Antarctica Lata 350 ml,"=IFERROR(
INDEX(insumos[ID],MATCH(Ingredientes[[#This Row],[item]],insumos[item],0)),
IFERROR(
INDEX(CaProdutos[ID],MATCH(Ingredientes[[#This Row],[item]],CaProdutos[Item],0)),
""""
))",Guaraná Lata 350,1,"=IFERROR(
INDEX(insumos[medida],MATCH(Ingredientes[[#This Row],[item]],insumos[item],0)),
IFERROR(
IF(MATCH(Ingredientes[[#This Row],[item]],CaProdutos[Item],0)>0,""Unidades"",""""),
""""
))","=IFERROR(INDEX(CaProdutos[Un. Por Lote], MATCH(Ingredientes[[#This Row],[Produto]], CaProdutos[Item], 0)), """")","=IFERROR(
    INDEX(insumos[preço],MATCH(Ingredientes[[#This Row],[item]],insumos[item],0))
    /INDEX(insumos[quantidade],MATCH(Ingredientes[[#This Row],[item]],insumos[item],0))
    *Ingredientes[[#This Row],[qtd.]],
    IFERROR(
        INDEX(CaProdutos[Custo de Produção (1 un.)],MATCH(Ingredientes[[#This Row],[item]],CaProdutos[Item],0))
        *Ingredientes[[#This Row],[qtd.]],
        """"
    )
)",,,,,,,,,,,,,,,,,
,,Guaraná Funada PET 2 L,"=IFERROR(
INDEX(insumos[ID],MATCH(Ingredientes[[#This Row],[item]],insumos[item],0)),
IFERROR(
INDEX(CaProdutos[ID],MATCH(Ingredientes[[#This Row],[item]],CaProdutos[Item],0)),
""""
))",Funada 2,1,"=IFERROR(
INDEX(insumos[medida],MATCH(Ingredientes[[#This Row],[item]],insumos[item],0)),
IFERROR(
IF(MATCH(Ingredientes[[#This Row],[item]],CaProdutos[Item],0)>0,""Unidades"",""""),
""""
))","=IFERROR(INDEX(CaProdutos[Un. Por Lote], MATCH(Ingredientes[[#This Row],[Produto]], CaProdutos[Item], 0)), """")","=IFERROR(
    INDEX(insumos[preço],MATCH(Ingredientes[[#This Row],[item]],insumos[item],0))
    /INDEX(insumos[quantidade],MATCH(Ingredientes[[#This Row],[item]],insumos[item],0))
    *Ingredientes[[#This Row],[qtd.]],
    IFERROR(
        INDEX(CaProdutos[Custo de Produção (1 un.)],MATCH(Ingredientes[[#This Row],[item]],CaProdutos[Item],0))
        *Ingredientes[[#This Row],[qtd.]],
        """"
    )
)",,,,,,,,,,,,,,,,,
,,Cerveja Original Pilsen Garrafa 300 ml,"=IFERROR(
INDEX(insumos[ID],MATCH(Ingredientes[[#This Row],[item]],insumos[item],0)),
IFERROR(
INDEX(CaProdutos[ID],MATCH(Ingredientes[[#This Row],[item]],CaProdutos[Item],0)),
""""
))",Original Garrafa 300,1,"=IFERROR(
INDEX(insumos[medida],MATCH(Ingredientes[[#This Row],[item]],insumos[item],0)),
IFERROR(
IF(MATCH(Ingredientes[[#This Row],[item]],CaProdutos[Item],0)>0,""Unidades"",""""),
""""
))","=IFERROR(INDEX(CaProdutos[Un. Por Lote], MATCH(Ingredientes[[#This Row],[Produto]], CaProdutos[Item], 0)), """")","=IFERROR(
    INDEX(insumos[preço],MATCH(Ingredientes[[#This Row],[item]],insumos[item],0))
    /INDEX(insumos[quantidade],MATCH(Ingredientes[[#This Row],[item]],insumos[item],0))
    *Ingredientes[[#This Row],[qtd.]],
    IFERROR(
        INDEX(CaProdutos[Custo de Produção (1 un.)],MATCH(Ingredientes[[#This Row],[item]],CaProdutos[Item],0))
        *Ingredientes[[#This Row],[qtd.]],
        """"
    )
)",,,,,,,,,,,,,,,,,
,,Cerveja Brahma Chopp Pilsen Lata 350 ml,"=IFERROR(
INDEX(insumos[ID],MATCH(Ingredientes[[#This Row],[item]],insumos[item],0)),
IFERROR(
INDEX(CaProdutos[ID],MATCH(Ingredientes[[#This Row],[item]],CaProdutos[Item],0)),
""""
))",Brahma Chopp 350,1,"=IFERROR(
INDEX(insumos[medida],MATCH(Ingredientes[[#This Row],[item]],insumos[item],0)),
IFERROR(
IF(MATCH(Ingredientes[[#This Row],[item]],CaProdutos[Item],0)>0,""Unidades"",""""),
""""
))","=IFERROR(INDEX(CaProdutos[Un. Por Lote], MATCH(Ingredientes[[#This Row],[Produto]], CaProdutos[Item], 0)), """")","=IFERROR(
    INDEX(insumos[preço],MATCH(Ingredientes[[#This Row],[item]],insumos[item],0))
    /INDEX(insumos[quantidade],MATCH(Ingredientes[[#This Row],[item]],insumos[item],0))
    *Ingredientes[[#This Row],[qtd.]],
    IFERROR(
        INDEX(CaProdutos[Custo de Produção (1 un.)],MATCH(Ingredientes[[#This Row],[item]],CaProdutos[Item],0))
        *Ingredientes[[#This Row],[qtd.]],
        """"
    )
)",,,,,,,,,,,,,,,,,
,,Cerveja Amstel Puro Malte Lata 350 ml,"=IFERROR(
INDEX(insumos[ID],MATCH(Ingredientes[[#This Row],[item]],insumos[item],0)),
IFERROR(
INDEX(CaProdutos[ID],MATCH(Ingredientes[[#This Row],[item]],CaProdutos[Item],0)),
""""
))",Amstel 350,1,"=IFERROR(
INDEX(insumos[medida],MATCH(Ingredientes[[#This Row],[item]],insumos[item],0)),
IFERROR(
IF(MATCH(Ingredientes[[#This Row],[item]],CaProdutos[Item],0)>0,""Unidades"",""""),
""""
))","=IFERROR(INDEX(CaProdutos[Un. Por Lote], MATCH(Ingredientes[[#This Row],[Produto]], CaProdutos[Item], 0)), """")","=IFERROR(
    INDEX(insumos[preço],MATCH(Ingredientes[[#This Row],[item]],insumos[item],0))
    /INDEX(insumos[quantidade],MATCH(Ingredientes[[#This Row],[item]],insumos[item],0))
    *Ingredientes[[#This Row],[qtd.]],
    IFERROR(
        INDEX(CaProdutos[Custo de Produção (1 un.)],MATCH(Ingredientes[[#This Row],[item]],CaProdutos[Item],0))
        *Ingredientes[[#This Row],[qtd.]],
        """"
    )
)",,,,,,,,,,,,,,,,,
,,Cerveja Heineken Long Neck 330 ml,"=IFERROR(
INDEX(insumos[ID],MATCH(Ingredientes[[#This Row],[item]],insumos[item],0)),
IFERROR(
INDEX(CaProdutos[ID],MATCH(Ingredientes[[#This Row],[item]],CaProdutos[Item],0)),
""""
))",Heineken L.N 330,1,"=IFERROR(
INDEX(insumos[medida],MATCH(Ingredientes[[#This Row],[item]],insumos[item],0)),
IFERROR(
IF(MATCH(Ingredientes[[#This Row],[item]],CaProdutos[Item],0)>0,""Unidades"",""""),
""""
))","=IFERROR(INDEX(CaProdutos[Un. Por Lote], MATCH(Ingredientes[[#This Row],[Produto]], CaProdutos[Item], 0)), """")","=IFERROR(
    INDEX(insumos[preço],MATCH(Ingredientes[[#This Row],[item]],insumos[item],0))
    /INDEX(insumos[quantidade],MATCH(Ingredientes[[#This Row],[item]],insumos[item],0))
    *Ingredientes[[#This Row],[qtd.]],
    IFERROR(
        INDEX(CaProdutos[Custo de Produção (1 un.)],MATCH(Ingredientes[[#This Row],[item]],CaProdutos[Item],0))
        *Ingredientes[[#This Row],[qtd.]],
        """"
    )
)",,,,,,,,,,,,,,,,,
,,Cerveja Skol Pilsen Lata 269 ml,"=IFERROR(
INDEX(insumos[ID],MATCH(Ingredientes[[#This Row],[item]],insumos[item],0)),
IFERROR(
INDEX(CaProdutos[ID],MATCH(Ingredientes[[#This Row],[item]],CaProdutos[Item],0)),
""""
))",Skol 269,1,"=IFERROR(
INDEX(insumos[medida],MATCH(Ingredientes[[#This Row],[item]],insumos[item],0)),
IFERROR(
IF(MATCH(Ingredientes[[#This Row],[item]],CaProdutos[Item],0)>0,""Unidades"",""""),
""""
))","=IFERROR(INDEX(CaProdutos[Un. Por Lote], MATCH(Ingredientes[[#This Row],[Produto]], CaProdutos[Item], 0)), """")","=IFERROR(
    INDEX(insumos[preço],MATCH(Ingredientes[[#This Row],[item]],insumos[item],0))
    /INDEX(insumos[quantidade],MATCH(Ingredientes[[#This Row],[item]],insumos[item],0))
    *Ingredientes[[#This Row],[qtd.]],
    IFERROR(
        INDEX(CaProdutos[Custo de Produção (1 un.)],MATCH(Ingredientes[[#This Row],[item]],CaProdutos[Item],0))
        *Ingredientes[[#This Row],[qtd.]],
        """"
    )
)",,,,,,,,,,,,,,,,,
,,Coca-Cola Zero PET 600 ml,"=IFERROR(
INDEX(insumos[ID],MATCH(Ingredientes[[#This Row],[item]],insumos[item],0)),
IFERROR(
INDEX(CaProdutos[ID],MATCH(Ingredientes[[#This Row],[item]],CaProdutos[Item],0)),
""""
))",Coca Cola Zero 600,1,"=IFERROR(
INDEX(insumos[medida],MATCH(Ingredientes[[#This Row],[item]],insumos[item],0)),
IFERROR(
IF(MATCH(Ingredientes[[#This Row],[item]],CaProdutos[Item],0)>0,""Unidades"",""""),
""""
))","=IFERROR(INDEX(CaProdutos[Un. Por Lote], MATCH(Ingredientes[[#This Row],[Produto]], CaProdutos[Item], 0)), """")","=IFERROR(
    INDEX(insumos[preço],MATCH(Ingredientes[[#This Row],[item]],insumos[item],0))
    /INDEX(insumos[quantidade],MATCH(Ingredientes[[#This Row],[item]],insumos[item],0))
    *Ingredientes[[#This Row],[qtd.]],
    IFERROR(
        INDEX(CaProdutos[Custo de Produção (1 un.)],MATCH(Ingredientes[[#This Row],[item]],CaProdutos[Item],0))
        *Ingredientes[[#This Row],[qtd.]],
        """"
    )
)",,,,,,,,,,,,,,,,,
,,Fanta Laranja PET 2 L,"=IFERROR(
INDEX(insumos[ID],MATCH(Ingredientes[[#This Row],[item]],insumos[item],0)),
IFERROR(
INDEX(CaProdutos[ID],MATCH(Ingredientes[[#This Row],[item]],CaProdutos[Item],0)),
""""
))",Fanta 2,1,"=IFERROR(
INDEX(insumos[medida],MATCH(Ingredientes[[#This Row],[item]],insumos[item],0)),
IFERROR(
IF(MATCH(Ingredientes[[#This Row],[item]],CaProdutos[Item],0)>0,""Unidades"",""""),
""""
))","=IFERROR(INDEX(CaProdutos[Un. Por Lote], MATCH(Ingredientes[[#This Row],[Produto]], CaProdutos[Item], 0)), """")","=IFERROR(
    INDEX(insumos[preço],MATCH(Ingredientes[[#This Row],[item]],insumos[item],0))
    /INDEX(insumos[quantidade],MATCH(Ingredientes[[#This Row],[item]],insumos[item],0))
    *Ingredientes[[#This Row],[qtd.]],
    IFERROR(
        INDEX(CaProdutos[Custo de Produção (1 un.)],MATCH(Ingredientes[[#This Row],[item]],CaProdutos[Item],0))
        *Ingredientes[[#This Row],[qtd.]],
        """"
    )
)",,,,,,,,,,,,,,,,,
,,,"=IFERROR(
INDEX(insumos[ID],MATCH(Ingredientes[[#This Row],[item]],insumos[item],0)),
IFERROR(
INDEX(CaProdutos[ID],MATCH(Ingredientes[[#This Row],[item]],CaProdutos[Item],0)),
""""
))",,,"=IFERROR(
INDEX(insumos[medida],MATCH(Ingredientes[[#This Row],[item]],insumos[item],0)),
IFERROR(
IF(MATCH(Ingredientes[[#This Row],[item]],CaProdutos[Item],0)>0,""Unidades"",""""),
""""
))","=IFERROR(INDEX(CaProdutos[Un. Por Lote], MATCH(Ingredientes[[#This Row],[Produto]], CaProdutos[Item], 0)), """")","=IFERROR(
    INDEX(insumos[preço],MATCH(Ingredientes[[#This Row],[item]],insumos[item],0))
    /INDEX(insumos[quantidade],MATCH(Ingredientes[[#This Row],[item]],insumos[item],0))
    *Ingredientes[[#This Row],[qtd.]],
    IFERROR(
        INDEX(CaProdutos[Custo de Produção (1 un.)],MATCH(Ingredientes[[#This Row],[item]],CaProdutos[Item],0))
        *Ingredientes[[#This Row],[qtd.]],
        """"
    )
)",,,,,,,,,,,,,,,,,
,,,"=IFERROR(
INDEX(insumos[ID],MATCH(Ingredientes[[#This Row],[item]],insumos[item],0)),
IFERROR(
INDEX(CaProdutos[ID],MATCH(Ingredientes[[#This Row],[item]],CaProdutos[Item],0)),
""""
))",,,"=IFERROR(
INDEX(insumos[medida],MATCH(Ingredientes[[#This Row],[item]],insumos[item],0)),
IFERROR(
IF(MATCH(Ingredientes[[#This Row],[item]],CaProdutos[Item],0)>0,""Unidades"",""""),
""""
))","=IFERROR(INDEX(CaProdutos[Un. Por Lote], MATCH(Ingredientes[[#This Row],[Produto]], CaProdutos[Item], 0)), """")","=IFERROR(
    INDEX(insumos[preço],MATCH(Ingredientes[[#This Row],[item]],insumos[item],0))
    /INDEX(insumos[quantidade],MATCH(Ingredientes[[#This Row],[item]],insumos[item],0))
    *Ingredientes[[#This Row],[qtd.]],
    IFERROR(
        INDEX(CaProdutos[Custo de Produção (1 un.)],MATCH(Ingredientes[[#This Row],[item]],CaProdutos[Item],0))
        *Ingredientes[[#This Row],[qtd.]],
        """"
    )
)",,,,,,,,,,,,,,,,,
,,,"=IFERROR(
INDEX(insumos[ID],MATCH(Ingredientes[[#This Row],[item]],insumos[item],0)),
IFERROR(
INDEX(CaProdutos[ID],MATCH(Ingredientes[[#This Row],[item]],CaProdutos[Item],0)),
""""
))",,,"=IFERROR(
INDEX(insumos[medida],MATCH(Ingredientes[[#This Row],[item]],insumos[item],0)),
IFERROR(
IF(MATCH(Ingredientes[[#This Row],[item]],CaProdutos[Item],0)>0,""Unidades"",""""),
""""
))","=IFERROR(INDEX(CaProdutos[Un. Por Lote], MATCH(Ingredientes[[#This Row],[Produto]], CaProdutos[Item], 0)), """")","=IFERROR(
    INDEX(insumos[preço],MATCH(Ingredientes[[#This Row],[item]],insumos[item],0))
    /INDEX(insumos[quantidade],MATCH(Ingredientes[[#This Row],[item]],insumos[item],0))
    *Ingredientes[[#This Row],[qtd.]],
    IFERROR(
        INDEX(CaProdutos[Custo de Produção (1 un.)],MATCH(Ingredientes[[#This Row],[item]],CaProdutos[Item],0))
        *Ingredientes[[#This Row],[qtd.]],
        """"
    )
)",,,,,,,,,,,,,,,,,
,,,"=IFERROR(
INDEX(insumos[ID],MATCH(Ingredientes[[#This Row],[item]],insumos[item],0)),
IFERROR(
INDEX(CaProdutos[ID],MATCH(Ingredientes[[#This Row],[item]],CaProdutos[Item],0)),
""""
))",,,"=IFERROR(
INDEX(insumos[medida],MATCH(Ingredientes[[#This Row],[item]],insumos[item],0)),
IFERROR(
IF(MATCH(Ingredientes[[#This Row],[item]],CaProdutos[Item],0)>0,""Unidades"",""""),
""""
))","=IFERROR(INDEX(CaProdutos[Un. Por Lote], MATCH(Ingredientes[[#This Row],[Produto]], CaProdutos[Item], 0)), """")","=IFERROR(
    INDEX(insumos[preço],MATCH(Ingredientes[[#This Row],[item]],insumos[item],0))
    /INDEX(insumos[quantidade],MATCH(Ingredientes[[#This Row],[item]],insumos[item],0))
    *Ingredientes[[#This Row],[qtd.]],
    IFERROR(
        INDEX(CaProdutos[Custo de Produção (1 un.)],MATCH(Ingredientes[[#This Row],[item]],CaProdutos[Item],0))
        *Ingredientes[[#This Row],[qtd.]],
        """"
    )
)",,,,,,,,,,,,,,,,,
,,,"=IFERROR(
INDEX(insumos[ID],MATCH(Ingredientes[[#This Row],[item]],insumos[item],0)),
IFERROR(
INDEX(CaProdutos[ID],MATCH(Ingredientes[[#This Row],[item]],CaProdutos[Item],0)),
""""
))",,,"=IFERROR(
INDEX(insumos[medida],MATCH(Ingredientes[[#This Row],[item]],insumos[item],0)),
IFERROR(
IF(MATCH(Ingredientes[[#This Row],[item]],CaProdutos[Item],0)>0,""Unidades"",""""),
""""
))","=IFERROR(INDEX(CaProdutos[Un. Por Lote], MATCH(Ingredientes[[#This Row],[Produto]], CaProdutos[Item], 0)), """")","=IFERROR(
    INDEX(insumos[preço],MATCH(Ingredientes[[#This Row],[item]],insumos[item],0))
    /INDEX(insumos[quantidade],MATCH(Ingredientes[[#This Row],[item]],insumos[item],0))
    *Ingredientes[[#This Row],[qtd.]],
    IFERROR(
        INDEX(CaProdutos[Custo de Produção (1 un.)],MATCH(Ingredientes[[#This Row],[item]],CaProdutos[Item],0))
        *Ingredientes[[#This Row],[qtd.]],
        """"
    )
)",,,,,,,,,,,,,,,,,
,,,"=IFERROR(
INDEX(insumos[ID],MATCH(Ingredientes[[#This Row],[item]],insumos[item],0)),
IFERROR(
INDEX(CaProdutos[ID],MATCH(Ingredientes[[#This Row],[item]],CaProdutos[Item],0)),
""""
))",,,"=IFERROR(
INDEX(insumos[medida],MATCH(Ingredientes[[#This Row],[item]],insumos[item],0)),
IFERROR(
IF(MATCH(Ingredientes[[#This Row],[item]],CaProdutos[Item],0)>0,""Unidades"",""""),
""""
))","=IFERROR(INDEX(CaProdutos[Un. Por Lote], MATCH(Ingredientes[[#This Row],[Produto]], CaProdutos[Item], 0)), """")","=IFERROR(
    INDEX(insumos[preço],MATCH(Ingredientes[[#This Row],[item]],insumos[item],0))
    /INDEX(insumos[quantidade],MATCH(Ingredientes[[#This Row],[item]],insumos[item],0))
    *Ingredientes[[#This Row],[qtd.]],
    IFERROR(
        INDEX(CaProdutos[Custo de Produção (1 un.)],MATCH(Ingredientes[[#This Row],[item]],CaProdutos[Item],0))
        *Ingredientes[[#This Row],[qtd.]],
        """"
    )
)",,,,,,,,,,,,,,,,,
,,,"=IFERROR(
INDEX(insumos[ID],MATCH(Ingredientes[[#This Row],[item]],insumos[item],0)),
IFERROR(
INDEX(CaProdutos[ID],MATCH(Ingredientes[[#This Row],[item]],CaProdutos[Item],0)),
""""
))",,,"=IFERROR(
INDEX(insumos[medida],MATCH(Ingredientes[[#This Row],[item]],insumos[item],0)),
IFERROR(
IF(MATCH(Ingredientes[[#This Row],[item]],CaProdutos[Item],0)>0,""Unidades"",""""),
""""
))","=IFERROR(INDEX(CaProdutos[Un. Por Lote], MATCH(Ingredientes[[#This Row],[Produto]], CaProdutos[Item], 0)), """")","=IFERROR(
    INDEX(insumos[preço],MATCH(Ingredientes[[#This Row],[item]],insumos[item],0))
    /INDEX(insumos[quantidade],MATCH(Ingredientes[[#This Row],[item]],insumos[item],0))
    *Ingredientes[[#This Row],[qtd.]],
    IFERROR(
        INDEX(CaProdutos[Custo de Produção (1 un.)],MATCH(Ingredientes[[#This Row],[item]],CaProdutos[Item],0))
        *Ingredientes[[#This Row],[qtd.]],
        """"
    )
)",,,,,,,,,,,,,,,,,
,,,"=IFERROR(
INDEX(insumos[ID],MATCH(Ingredientes[[#This Row],[item]],insumos[item],0)),
IFERROR(
INDEX(CaProdutos[ID],MATCH(Ingredientes[[#This Row],[item]],CaProdutos[Item],0)),
""""
))",,,"=IFERROR(
INDEX(insumos[medida],MATCH(Ingredientes[[#This Row],[item]],insumos[item],0)),
IFERROR(
IF(MATCH(Ingredientes[[#This Row],[item]],CaProdutos[Item],0)>0,""Unidades"",""""),
""""
))","=IFERROR(INDEX(CaProdutos[Un. Por Lote], MATCH(Ingredientes[[#This Row],[Produto]], CaProdutos[Item], 0)), """")","=IFERROR(
    INDEX(insumos[preço],MATCH(Ingredientes[[#This Row],[item]],insumos[item],0))
    /INDEX(insumos[quantidade],MATCH(Ingredientes[[#This Row],[item]],insumos[item],0))
    *Ingredientes[[#This Row],[qtd.]],
    IFERROR(
        INDEX(CaProdutos[Custo de Produção (1 un.)],MATCH(Ingredientes[[#This Row],[item]],CaProdutos[Item],0))
        *Ingredientes[[#This Row],[qtd.]],
        """"
    )
)",,,,,,,,,,,,,,,,,
,,,"=IFERROR(
INDEX(insumos[ID],MATCH(Ingredientes[[#This Row],[item]],insumos[item],0)),
IFERROR(
INDEX(CaProdutos[ID],MATCH(Ingredientes[[#This Row],[item]],CaProdutos[Item],0)),
""""
))",,,"=IFERROR(
INDEX(insumos[medida],MATCH(Ingredientes[[#This Row],[item]],insumos[item],0)),
IFERROR(
IF(MATCH(Ingredientes[[#This Row],[item]],CaProdutos[Item],0)>0,""Unidades"",""""),
""""
))","=IFERROR(INDEX(CaProdutos[Un. Por Lote], MATCH(Ingredientes[[#This Row],[Produto]], CaProdutos[Item], 0)), """")","=IFERROR(
    INDEX(insumos[preço],MATCH(Ingredientes[[#This Row],[item]],insumos[item],0))
    /INDEX(insumos[quantidade],MATCH(Ingredientes[[#This Row],[item]],insumos[item],0))
    *Ingredientes[[#This Row],[qtd.]],
    IFERROR(
        INDEX(CaProdutos[Custo de Produção (1 un.)],MATCH(Ingredientes[[#This Row],[item]],CaProdutos[Item],0))
        *Ingredientes[[#This Row],[qtd.]],
        """"
    )
)",,,,,,,,,,,,,,,,,
,,,"=IFERROR(
INDEX(insumos[ID],MATCH(Ingredientes[[#This Row],[item]],insumos[item],0)),
IFERROR(
INDEX(CaProdutos[ID],MATCH(Ingredientes[[#This Row],[item]],CaProdutos[Item],0)),
""""
))",,,"=IFERROR(
INDEX(insumos[medida],MATCH(Ingredientes[[#This Row],[item]],insumos[item],0)),
IFERROR(
IF(MATCH(Ingredientes[[#This Row],[item]],CaProdutos[Item],0)>0,""Unidades"",""""),
""""
))","=IFERROR(INDEX(CaProdutos[Un. Por Lote], MATCH(Ingredientes[[#This Row],[Produto]], CaProdutos[Item], 0)), """")","=IFERROR(
    INDEX(insumos[preço],MATCH(Ingredientes[[#This Row],[item]],insumos[item],0))
    /INDEX(insumos[quantidade],MATCH(Ingredientes[[#This Row],[item]],insumos[item],0))
    *Ingredientes[[#This Row],[qtd.]],
    IFERROR(
        INDEX(CaProdutos[Custo de Produção (1 un.)],MATCH(Ingredientes[[#This Row],[item]],CaProdutos[Item],0))
        *Ingredientes[[#This Row],[qtd.]],
        """"
    )
)",,,,,,,,,,,,,,,,,
,,,"=IFERROR(
INDEX(insumos[ID],MATCH(Ingredientes[[#This Row],[item]],insumos[item],0)),
IFERROR(
INDEX(CaProdutos[ID],MATCH(Ingredientes[[#This Row],[item]],CaProdutos[Item],0)),
""""
))",,,"=IFERROR(
INDEX(insumos[medida],MATCH(Ingredientes[[#This Row],[item]],insumos[item],0)),
IFERROR(
IF(MATCH(Ingredientes[[#This Row],[item]],CaProdutos[Item],0)>0,""Unidades"",""""),
""""
))","=IFERROR(INDEX(CaProdutos[Un. Por Lote], MATCH(Ingredientes[[#This Row],[Produto]], CaProdutos[Item], 0)), """")","=IFERROR(
    INDEX(insumos[preço],MATCH(Ingredientes[[#This Row],[item]],insumos[item],0))
    /INDEX(insumos[quantidade],MATCH(Ingredientes[[#This Row],[item]],insumos[item],0))
    *Ingredientes[[#This Row],[qtd.]],
    IFERROR(
        INDEX(CaProdutos[Custo de Produção (1 un.)],MATCH(Ingredientes[[#This Row],[item]],CaProdutos[Item],0))
        *Ingredientes[[#This Row],[qtd.]],
        """"
    )
)",,,,,,,,,,,,,,,,,
,,,"=IFERROR(
INDEX(insumos[ID],MATCH(Ingredientes[[#This Row],[item]],insumos[item],0)),
IFERROR(
INDEX(CaProdutos[ID],MATCH(Ingredientes[[#This Row],[item]],CaProdutos[Item],0)),
""""
))",,,"=IFERROR(
INDEX(insumos[medida],MATCH(Ingredientes[[#This Row],[item]],insumos[item],0)),
IFERROR(
IF(MATCH(Ingredientes[[#This Row],[item]],CaProdutos[Item],0)>0,""Unidades"",""""),
""""
))","=IFERROR(INDEX(CaProdutos[Un. Por Lote], MATCH(Ingredientes[[#This Row],[Produto]], CaProdutos[Item], 0)), """")","=IFERROR(
    INDEX(insumos[preço],MATCH(Ingredientes[[#This Row],[item]],insumos[item],0))
    /INDEX(insumos[quantidade],MATCH(Ingredientes[[#This Row],[item]],insumos[item],0))
    *Ingredientes[[#This Row],[qtd.]],
    IFERROR(
        INDEX(CaProdutos[Custo de Produção (1 un.)],MATCH(Ingredientes[[#This Row],[item]],CaProdutos[Item],0))
        *Ingredientes[[#This Row],[qtd.]],
        """"
    )
)",,,,,,,,,,,,,,,,,
,,,"=IFERROR(
INDEX(insumos[ID],MATCH(Ingredientes[[#This Row],[item]],insumos[item],0)),
IFERROR(
INDEX(CaProdutos[ID],MATCH(Ingredientes[[#This Row],[item]],CaProdutos[Item],0)),
""""
))",,,"=IFERROR(
INDEX(insumos[medida],MATCH(Ingredientes[[#This Row],[item]],insumos[item],0)),
IFERROR(
IF(MATCH(Ingredientes[[#This Row],[item]],CaProdutos[Item],0)>0,""Unidades"",""""),
""""
))","=IFERROR(INDEX(CaProdutos[Un. Por Lote], MATCH(Ingredientes[[#This Row],[Produto]], CaProdutos[Item], 0)), """")","=IFERROR(
    INDEX(insumos[preço],MATCH(Ingredientes[[#This Row],[item]],insumos[item],0))
    /INDEX(insumos[quantidade],MATCH(Ingredientes[[#This Row],[item]],insumos[item],0))
    *Ingredientes[[#This Row],[qtd.]],
    IFERROR(
        INDEX(CaProdutos[Custo de Produção (1 un.)],MATCH(Ingredientes[[#This Row],[item]],CaProdutos[Item],0))
        *Ingredientes[[#This Row],[qtd.]],
        """"
    )
)",,,,,,,,,,,,,,,,,
,,,"=IFERROR(
INDEX(insumos[ID],MATCH(Ingredientes[[#This Row],[item]],insumos[item],0)),
IFERROR(
INDEX(CaProdutos[ID],MATCH(Ingredientes[[#This Row],[item]],CaProdutos[Item],0)),
""""
))",,,"=IFERROR(
INDEX(insumos[medida],MATCH(Ingredientes[[#This Row],[item]],insumos[item],0)),
IFERROR(
IF(MATCH(Ingredientes[[#This Row],[item]],CaProdutos[Item],0)>0,""Unidades"",""""),
""""
))","=IFERROR(INDEX(CaProdutos[Un. Por Lote], MATCH(Ingredientes[[#This Row],[Produto]], CaProdutos[Item], 0)), """")","=IFERROR(
    INDEX(insumos[preço],MATCH(Ingredientes[[#This Row],[item]],insumos[item],0))
    /INDEX(insumos[quantidade],MATCH(Ingredientes[[#This Row],[item]],insumos[item],0))
    *Ingredientes[[#This Row],[qtd.]],
    IFERROR(
        INDEX(CaProdutos[Custo de Produção (1 un.)],MATCH(Ingredientes[[#This Row],[item]],CaProdutos[Item],0))
        *Ingredientes[[#This Row],[qtd.]],
        """"
    )
)",,,,,,,,,,,,,,,,,
,,,"=IFERROR(
INDEX(insumos[ID],MATCH(Ingredientes[[#This Row],[item]],insumos[item],0)),
IFERROR(
INDEX(CaProdutos[ID],MATCH(Ingredientes[[#This Row],[item]],CaProdutos[Item],0)),
""""
))",,,"=IFERROR(
INDEX(insumos[medida],MATCH(Ingredientes[[#This Row],[item]],insumos[item],0)),
IFERROR(
IF(MATCH(Ingredientes[[#This Row],[item]],CaProdutos[Item],0)>0,""Unidades"",""""),
""""
))","=IFERROR(INDEX(CaProdutos[Un. Por Lote], MATCH(Ingredientes[[#This Row],[Produto]], CaProdutos[Item], 0)), """")","=IFERROR(
    INDEX(insumos[preço],MATCH(Ingredientes[[#This Row],[item]],insumos[item],0))
    /INDEX(insumos[quantidade],MATCH(Ingredientes[[#This Row],[item]],insumos[item],0))
    *Ingredientes[[#This Row],[qtd.]],
    IFERROR(
        INDEX(CaProdutos[Custo de Produção (1 un.)],MATCH(Ingredientes[[#This Row],[item]],CaProdutos[Item],0))
        *Ingredientes[[#This Row],[qtd.]],
        """"
    )
)",,,,,,,,,,,,,,,,,
,,,"=IFERROR(
INDEX(insumos[ID],MATCH(Ingredientes[[#This Row],[item]],insumos[item],0)),
IFERROR(
INDEX(CaProdutos[ID],MATCH(Ingredientes[[#This Row],[item]],CaProdutos[Item],0)),
""""
))",,,"=IFERROR(
INDEX(insumos[medida],MATCH(Ingredientes[[#This Row],[item]],insumos[item],0)),
IFERROR(
IF(MATCH(Ingredientes[[#This Row],[item]],CaProdutos[Item],0)>0,""Unidades"",""""),
""""
))","=IFERROR(INDEX(CaProdutos[Un. Por Lote], MATCH(Ingredientes[[#This Row],[Produto]], CaProdutos[Item], 0)), """")","=IFERROR(
    INDEX(insumos[preço],MATCH(Ingredientes[[#This Row],[item]],insumos[item],0))
    /INDEX(insumos[quantidade],MATCH(Ingredientes[[#This Row],[item]],insumos[item],0))
    *Ingredientes[[#This Row],[qtd.]],
    IFERROR(
        INDEX(CaProdutos[Custo de Produção (1 un.)],MATCH(Ingredientes[[#This Row],[item]],CaProdutos[Item],0))
        *Ingredientes[[#This Row],[qtd.]],
        """"
    )
)",,,,,,,,,,,,,,,,,
,,,"=IFERROR(
INDEX(insumos[ID],MATCH(Ingredientes[[#This Row],[item]],insumos[item],0)),
IFERROR(
INDEX(CaProdutos[ID],MATCH(Ingredientes[[#This Row],[item]],CaProdutos[Item],0)),
""""
))",,,"=IFERROR(
INDEX(insumos[medida],MATCH(Ingredientes[[#This Row],[item]],insumos[item],0)),
IFERROR(
IF(MATCH(Ingredientes[[#This Row],[item]],CaProdutos[Item],0)>0,""Unidades"",""""),
""""
))","=IFERROR(INDEX(CaProdutos[Un. Por Lote], MATCH(Ingredientes[[#This Row],[Produto]], CaProdutos[Item], 0)), """")","=IFERROR(
    INDEX(insumos[preço],MATCH(Ingredientes[[#This Row],[item]],insumos[item],0))
    /INDEX(insumos[quantidade],MATCH(Ingredientes[[#This Row],[item]],insumos[item],0))
    *Ingredientes[[#This Row],[qtd.]],
    IFERROR(
        INDEX(CaProdutos[Custo de Produção (1 un.)],MATCH(Ingredientes[[#This Row],[item]],CaProdutos[Item],0))
        *Ingredientes[[#This Row],[qtd.]],
        """"
    )
)",,,,,,,,,,,,,,,,,
,,,"=IFERROR(
INDEX(insumos[ID],MATCH(Ingredientes[[#This Row],[item]],insumos[item],0)),
IFERROR(
INDEX(CaProdutos[ID],MATCH(Ingredientes[[#This Row],[item]],CaProdutos[Item],0)),
""""
))",,,"=IFERROR(
INDEX(insumos[medida],MATCH(Ingredientes[[#This Row],[item]],insumos[item],0)),
IFERROR(
IF(MATCH(Ingredientes[[#This Row],[item]],CaProdutos[Item],0)>0,""Unidades"",""""),
""""
))","=IFERROR(INDEX(CaProdutos[Un. Por Lote], MATCH(Ingredientes[[#This Row],[Produto]], CaProdutos[Item], 0)), """")","=IFERROR(
    INDEX(insumos[preço],MATCH(Ingredientes[[#This Row],[item]],insumos[item],0))
    /INDEX(insumos[quantidade],MATCH(Ingredientes[[#This Row],[item]],insumos[item],0))
    *Ingredientes[[#This Row],[qtd.]],
    IFERROR(
        INDEX(CaProdutos[Custo de Produção (1 un.)],MATCH(Ingredientes[[#This Row],[item]],CaProdutos[Item],0))
        *Ingredientes[[#This Row],[qtd.]],
        """"
    )
)",,,,,,,,,,,,,,,,,
,,,"=IFERROR(
INDEX(insumos[ID],MATCH(Ingredientes[[#This Row],[item]],insumos[item],0)),
IFERROR(
INDEX(CaProdutos[ID],MATCH(Ingredientes[[#This Row],[item]],CaProdutos[Item],0)),
""""
))",,,"=IFERROR(
INDEX(insumos[medida],MATCH(Ingredientes[[#This Row],[item]],insumos[item],0)),
IFERROR(
IF(MATCH(Ingredientes[[#This Row],[item]],CaProdutos[Item],0)>0,""Unidades"",""""),
""""
))","=IFERROR(INDEX(CaProdutos[Un. Por Lote], MATCH(Ingredientes[[#This Row],[Produto]], CaProdutos[Item], 0)), """")","=IFERROR(
    INDEX(insumos[preço],MATCH(Ingredientes[[#This Row],[item]],insumos[item],0))
    /INDEX(insumos[quantidade],MATCH(Ingredientes[[#This Row],[item]],insumos[item],0))
    *Ingredientes[[#This Row],[qtd.]],
    IFERROR(
        INDEX(CaProdutos[Custo de Produção (1 un.)],MATCH(Ingredientes[[#This Row],[item]],CaProdutos[Item],0))
        *Ingredientes[[#This Row],[qtd.]],
        """"
    )
)",,,,,,,,,,,,,,,,,
,,,"=IFERROR(
INDEX(insumos[ID],MATCH(Ingredientes[[#This Row],[item]],insumos[item],0)),
IFERROR(
INDEX(CaProdutos[ID],MATCH(Ingredientes[[#This Row],[item]],CaProdutos[Item],0)),
""""
))",,,"=IFERROR(
INDEX(insumos[medida],MATCH(Ingredientes[[#This Row],[item]],insumos[item],0)),
IFERROR(
IF(MATCH(Ingredientes[[#This Row],[item]],CaProdutos[Item],0)>0,""Unidades"",""""),
""""
))","=IFERROR(INDEX(CaProdutos[Un. Por Lote], MATCH(Ingredientes[[#This Row],[Produto]], CaProdutos[Item], 0)), """")","=IFERROR(
    INDEX(insumos[preço],MATCH(Ingredientes[[#This Row],[item]],insumos[item],0))
    /INDEX(insumos[quantidade],MATCH(Ingredientes[[#This Row],[item]],insumos[item],0))
    *Ingredientes[[#This Row],[qtd.]],
    IFERROR(
        INDEX(CaProdutos[Custo de Produção (1 un.)],MATCH(Ingredientes[[#This Row],[item]],CaProdutos[Item],0))
        *Ingredientes[[#This Row],[qtd.]],
        """"
    )
)",,,,,,,,,,,,,,,,,
,,,"=IFERROR(
INDEX(insumos[ID],MATCH(Ingredientes[[#This Row],[item]],insumos[item],0)),
IFERROR(
INDEX(CaProdutos[ID],MATCH(Ingredientes[[#This Row],[item]],CaProdutos[Item],0)),
""""
))",,,"=IFERROR(
INDEX(insumos[medida],MATCH(Ingredientes[[#This Row],[item]],insumos[item],0)),
IFERROR(
IF(MATCH(Ingredientes[[#This Row],[item]],CaProdutos[Item],0)>0,""Unidades"",""""),
""""
))","=IFERROR(INDEX(CaProdutos[Un. Por Lote], MATCH(Ingredientes[[#This Row],[Produto]], CaProdutos[Item], 0)), """")","=IFERROR(
    INDEX(insumos[preço],MATCH(Ingredientes[[#This Row],[item]],insumos[item],0))
    /INDEX(insumos[quantidade],MATCH(Ingredientes[[#This Row],[item]],insumos[item],0))
    *Ingredientes[[#This Row],[qtd.]],
    IFERROR(
        INDEX(CaProdutos[Custo de Produção (1 un.)],MATCH(Ingredientes[[#This Row],[item]],CaProdutos[Item],0))
        *Ingredientes[[#This Row],[qtd.]],
        """"
    )
)",,,,,,,,,,,,,,,,,
,,,"=IFERROR(
INDEX(insumos[ID],MATCH(Ingredientes[[#This Row],[item]],insumos[item],0)),
IFERROR(
INDEX(CaProdutos[ID],MATCH(Ingredientes[[#This Row],[item]],CaProdutos[Item],0)),
""""
))",,,"=IFERROR(
INDEX(insumos[medida],MATCH(Ingredientes[[#This Row],[item]],insumos[item],0)),
IFERROR(
IF(MATCH(Ingredientes[[#This Row],[item]],CaProdutos[Item],0)>0,""Unidades"",""""),
""""
))","=IFERROR(INDEX(CaProdutos[Un. Por Lote], MATCH(Ingredientes[[#This Row],[Produto]], CaProdutos[Item], 0)), """")","=IFERROR(
    INDEX(insumos[preço],MATCH(Ingredientes[[#This Row],[item]],insumos[item],0))
    /INDEX(insumos[quantidade],MATCH(Ingredientes[[#This Row],[item]],insumos[item],0))
    *Ingredientes[[#This Row],[qtd.]],
    IFERROR(
        INDEX(CaProdutos[Custo de Produção (1 un.)],MATCH(Ingredientes[[#This Row],[item]],CaProdutos[Item],0))
        *Ingredientes[[#This Row],[qtd.]],
        """"
    )
)",,,,,,,,,,,,,,,,,
,,,"=IFERROR(
INDEX(insumos[ID],MATCH(Ingredientes[[#This Row],[item]],insumos[item],0)),
IFERROR(
INDEX(CaProdutos[ID],MATCH(Ingredientes[[#This Row],[item]],CaProdutos[Item],0)),
""""
))",,,"=IFERROR(
INDEX(insumos[medida],MATCH(Ingredientes[[#This Row],[item]],insumos[item],0)),
IFERROR(
IF(MATCH(Ingredientes[[#This Row],[item]],CaProdutos[Item],0)>0,""Unidades"",""""),
""""
))","=IFERROR(INDEX(CaProdutos[Un. Por Lote], MATCH(Ingredientes[[#This Row],[Produto]], CaProdutos[Item], 0)), """")","=IFERROR(
    INDEX(insumos[preço],MATCH(Ingredientes[[#This Row],[item]],insumos[item],0))
    /INDEX(insumos[quantidade],MATCH(Ingredientes[[#This Row],[item]],insumos[item],0))
    *Ingredientes[[#This Row],[qtd.]],
    IFERROR(
        INDEX(CaProdutos[Custo de Produção (1 un.)],MATCH(Ingredientes[[#This Row],[item]],CaProdutos[Item],0))
        *Ingredientes[[#This Row],[qtd.]],
        """"
    )
)",,,,,,,,,,,,,,,,,
,,,"=IFERROR(
INDEX(insumos[ID],MATCH(Ingredientes[[#This Row],[item]],insumos[item],0)),
IFERROR(
INDEX(CaProdutos[ID],MATCH(Ingredientes[[#This Row],[item]],CaProdutos[Item],0)),
""""
))",,,"=IFERROR(
INDEX(insumos[medida],MATCH(Ingredientes[[#This Row],[item]],insumos[item],0)),
IFERROR(
IF(MATCH(Ingredientes[[#This Row],[item]],CaProdutos[Item],0)>0,""Unidades"",""""),
""""
))","=IFERROR(INDEX(CaProdutos[Un. Por Lote], MATCH(Ingredientes[[#This Row],[Produto]], CaProdutos[Item], 0)), """")","=IFERROR(
    INDEX(insumos[preço],MATCH(Ingredientes[[#This Row],[item]],insumos[item],0))
    /INDEX(insumos[quantidade],MATCH(Ingredientes[[#This Row],[item]],insumos[item],0))
    *Ingredientes[[#This Row],[qtd.]],
    IFERROR(
        INDEX(CaProdutos[Custo de Produção (1 un.)],MATCH(Ingredientes[[#This Row],[item]],CaProdutos[Item],0))
        *Ingredientes[[#This Row],[qtd.]],
        """"
    )
)",,,,,,,,,,,,,,,,,
,,,"=IFERROR(
INDEX(insumos[ID],MATCH(Ingredientes[[#This Row],[item]],insumos[item],0)),
IFERROR(
INDEX(CaProdutos[ID],MATCH(Ingredientes[[#This Row],[item]],CaProdutos[Item],0)),
""""
))",,,"=IFERROR(
INDEX(insumos[medida],MATCH(Ingredientes[[#This Row],[item]],insumos[item],0)),
IFERROR(
IF(MATCH(Ingredientes[[#This Row],[item]],CaProdutos[Item],0)>0,""Unidades"",""""),
""""
))","=IFERROR(INDEX(CaProdutos[Un. Por Lote], MATCH(Ingredientes[[#This Row],[Produto]], CaProdutos[Item], 0)), """")","=IFERROR(
    INDEX(insumos[preço],MATCH(Ingredientes[[#This Row],[item]],insumos[item],0))
    /INDEX(insumos[quantidade],MATCH(Ingredientes[[#This Row],[item]],insumos[item],0))
    *Ingredientes[[#This Row],[qtd.]],
    IFERROR(
        INDEX(CaProdutos[Custo de Produção (1 un.)],MATCH(Ingredientes[[#This Row],[item]],CaProdutos[Item],0))
        *Ingredientes[[#This Row],[qtd.]],
        """"
    )
)",,,,,,,,,,,,,,,,,
,,,"=IFERROR(
INDEX(insumos[ID],MATCH(Ingredientes[[#This Row],[item]],insumos[item],0)),
IFERROR(
INDEX(CaProdutos[ID],MATCH(Ingredientes[[#This Row],[item]],CaProdutos[Item],0)),
""""
))",,,"=IFERROR(
INDEX(insumos[medida],MATCH(Ingredientes[[#This Row],[item]],insumos[item],0)),
IFERROR(
IF(MATCH(Ingredientes[[#This Row],[item]],CaProdutos[Item],0)>0,""Unidades"",""""),
""""
))","=IFERROR(INDEX(CaProdutos[Un. Por Lote], MATCH(Ingredientes[[#This Row],[Produto]], CaProdutos[Item], 0)), """")","=IFERROR(
    INDEX(insumos[preço],MATCH(Ingredientes[[#This Row],[item]],insumos[item],0))
    /INDEX(insumos[quantidade],MATCH(Ingredientes[[#This Row],[item]],insumos[item],0))
    *Ingredientes[[#This Row],[qtd.]],
    IFERROR(
        INDEX(CaProdutos[Custo de Produção (1 un.)],MATCH(Ingredientes[[#This Row],[item]],CaProdutos[Item],0))
        *Ingredientes[[#This Row],[qtd.]],
        """"
    )
)",,,,,,,,,,,,,,,,,
,,,"=IFERROR(
INDEX(insumos[ID],MATCH(Ingredientes[[#This Row],[item]],insumos[item],0)),
IFERROR(
INDEX(CaProdutos[ID],MATCH(Ingredientes[[#This Row],[item]],CaProdutos[Item],0)),
""""
))",,,"=IFERROR(
INDEX(insumos[medida],MATCH(Ingredientes[[#This Row],[item]],insumos[item],0)),
IFERROR(
IF(MATCH(Ingredientes[[#This Row],[item]],CaProdutos[Item],0)>0,""Unidades"",""""),
""""
))","=IFERROR(INDEX(CaProdutos[Un. Por Lote], MATCH(Ingredientes[[#This Row],[Produto]], CaProdutos[Item], 0)), """")","=IFERROR(
    INDEX(insumos[preço],MATCH(Ingredientes[[#This Row],[item]],insumos[item],0))
    /INDEX(insumos[quantidade],MATCH(Ingredientes[[#This Row],[item]],insumos[item],0))
    *Ingredientes[[#This Row],[qtd.]],
    IFERROR(
        INDEX(CaProdutos[Custo de Produção (1 un.)],MATCH(Ingredientes[[#This Row],[item]],CaProdutos[Item],0))
        *Ingredientes[[#This Row],[qtd.]],
        """"
    )
)",,,,,,,,,,,,,,,,,
,,,"=IFERROR(
INDEX(insumos[ID],MATCH(Ingredientes[[#This Row],[item]],insumos[item],0)),
IFERROR(
INDEX(CaProdutos[ID],MATCH(Ingredientes[[#This Row],[item]],CaProdutos[Item],0)),
""""
))",,,"=IFERROR(
INDEX(insumos[medida],MATCH(Ingredientes[[#This Row],[item]],insumos[item],0)),
IFERROR(
IF(MATCH(Ingredientes[[#This Row],[item]],CaProdutos[Item],0)>0,""Unidades"",""""),
""""
))","=IFERROR(INDEX(CaProdutos[Un. Por Lote], MATCH(Ingredientes[[#This Row],[Produto]], CaProdutos[Item], 0)), """")","=IFERROR(
    INDEX(insumos[preço],MATCH(Ingredientes[[#This Row],[item]],insumos[item],0))
    /INDEX(insumos[quantidade],MATCH(Ingredientes[[#This Row],[item]],insumos[item],0))
    *Ingredientes[[#This Row],[qtd.]],
    IFERROR(
        INDEX(CaProdutos[Custo de Produção (1 un.)],MATCH(Ingredientes[[#This Row],[item]],CaProdutos[Item],0))
        *Ingredientes[[#This Row],[qtd.]],
        """"
    )
)",,,,,,,,,,,,,,,,,
,,,"=IFERROR(
INDEX(insumos[ID],MATCH(Ingredientes[[#This Row],[item]],insumos[item],0)),
IFERROR(
INDEX(CaProdutos[ID],MATCH(Ingredientes[[#This Row],[item]],CaProdutos[Item],0)),
""""
))",,,"=IFERROR(
INDEX(insumos[medida],MATCH(Ingredientes[[#This Row],[item]],insumos[item],0)),
IFERROR(
IF(MATCH(Ingredientes[[#This Row],[item]],CaProdutos[Item],0)>0,""Unidades"",""""),
""""
))","=IFERROR(INDEX(CaProdutos[Un. Por Lote], MATCH(Ingredientes[[#This Row],[Produto]], CaProdutos[Item], 0)), """")","=IFERROR(
    INDEX(insumos[preço],MATCH(Ingredientes[[#This Row],[item]],insumos[item],0))
    /INDEX(insumos[quantidade],MATCH(Ingredientes[[#This Row],[item]],insumos[item],0))
    *Ingredientes[[#This Row],[qtd.]],
    IFERROR(
        INDEX(CaProdutos[Custo de Produção (1 un.)],MATCH(Ingredientes[[#This Row],[item]],CaProdutos[Item],0))
        *Ingredientes[[#This Row],[qtd.]],
        """"
    )
)",,,,,,,,,,,,,,,,,
,,,"=IFERROR(
INDEX(insumos[ID],MATCH(Ingredientes[[#This Row],[item]],insumos[item],0)),
IFERROR(
INDEX(CaProdutos[ID],MATCH(Ingredientes[[#This Row],[item]],CaProdutos[Item],0)),
""""
))",,,"=IFERROR(
INDEX(insumos[medida],MATCH(Ingredientes[[#This Row],[item]],insumos[item],0)),
IFERROR(
IF(MATCH(Ingredientes[[#This Row],[item]],CaProdutos[Item],0)>0,""Unidades"",""""),
""""
))","=IFERROR(INDEX(CaProdutos[Un. Por Lote], MATCH(Ingredientes[[#This Row],[Produto]], CaProdutos[Item], 0)), """")","=IFERROR(
    INDEX(insumos[preço],MATCH(Ingredientes[[#This Row],[item]],insumos[item],0))
    /INDEX(insumos[quantidade],MATCH(Ingredientes[[#This Row],[item]],insumos[item],0))
    *Ingredientes[[#This Row],[qtd.]],
    IFERROR(
        INDEX(CaProdutos[Custo de Produção (1 un.)],MATCH(Ingredientes[[#This Row],[item]],CaProdutos[Item],0))
        *Ingredientes[[#This Row],[qtd.]],
        """"
    )
)",0,#N/A,,,,,,,,,,,,,,,
,,,"=IFERROR(
INDEX(insumos[ID],MATCH(Ingredientes[[#This Row],[item]],insumos[item],0)),
IFERROR(
INDEX(CaProdutos[ID],MATCH(Ingredientes[[#This Row],[item]],CaProdutos[Item],0)),
""""
))",,,"=IFERROR(
INDEX(insumos[medida],MATCH(Ingredientes[[#This Row],[item]],insumos[item],0)),
IFERROR(
IF(MATCH(Ingredientes[[#This Row],[item]],CaProdutos[Item],0)>0,""Unidades"",""""),
""""
))","=IFERROR(INDEX(CaProdutos[Un. Por Lote], MATCH(Ingredientes[[#This Row],[Produto]], CaProdutos[Item], 0)), """")","=IFERROR(
    INDEX(insumos[preço],MATCH(Ingredientes[[#This Row],[item]],insumos[item],0))
    /INDEX(insumos[quantidade],MATCH(Ingredientes[[#This Row],[item]],insumos[item],0))
    *Ingredientes[[#This Row],[qtd.]],
    IFERROR(
        INDEX(CaProdutos[Custo de Produção (1 un.)],MATCH(Ingredientes[[#This Row],[item]],CaProdutos[Item],0))
        *Ingredientes[[#This Row],[qtd.]],
        """"
    )
)",0,#N/A,,,,,,,,,,,,,,,
,,,"=IFERROR(
INDEX(insumos[ID],MATCH(Ingredientes[[#This Row],[item]],insumos[item],0)),
IFERROR(
INDEX(CaProdutos[ID],MATCH(Ingredientes[[#This Row],[item]],CaProdutos[Item],0)),
""""
))",,,"=IFERROR(
INDEX(insumos[medida],MATCH(Ingredientes[[#This Row],[item]],insumos[item],0)),
IFERROR(
IF(MATCH(Ingredientes[[#This Row],[item]],CaProdutos[Item],0)>0,""Unidades"",""""),
""""
))","=IFERROR(INDEX(CaProdutos[Un. Por Lote], MATCH(Ingredientes[[#This Row],[Produto]], CaProdutos[Item], 0)), """")","=IFERROR(
    INDEX(insumos[preço],MATCH(Ingredientes[[#This Row],[item]],insumos[item],0))
    /INDEX(insumos[quantidade],MATCH(Ingredientes[[#This Row],[item]],insumos[item],0))
    *Ingredientes[[#This Row],[qtd.]],
    IFERROR(
        INDEX(CaProdutos[Custo de Produção (1 un.)],MATCH(Ingredientes[[#This Row],[item]],CaProdutos[Item],0))
        *Ingredientes[[#This Row],[qtd.]],
        """"
    )
)",0,#N/A,,,,,,,,,,,,,,,
,,,"=IFERROR(
INDEX(insumos[ID],MATCH(Ingredientes[[#This Row],[item]],insumos[item],0)),
IFERROR(
INDEX(CaProdutos[ID],MATCH(Ingredientes[[#This Row],[item]],CaProdutos[Item],0)),
""""
))",,,"=IFERROR(
INDEX(insumos[medida],MATCH(Ingredientes[[#This Row],[item]],insumos[item],0)),
IFERROR(
IF(MATCH(Ingredientes[[#This Row],[item]],CaProdutos[Item],0)>0,""Unidades"",""""),
""""
))","=IFERROR(INDEX(CaProdutos[Un. Por Lote], MATCH(Ingredientes[[#This Row],[Produto]], CaProdutos[Item], 0)), """")","=IFERROR(
    INDEX(insumos[preço],MATCH(Ingredientes[[#This Row],[item]],insumos[item],0))
    /INDEX(insumos[quantidade],MATCH(Ingredientes[[#This Row],[item]],insumos[item],0))
    *Ingredientes[[#This Row],[qtd.]],
    IFERROR(
        INDEX(CaProdutos[Custo de Produção (1 un.)],MATCH(Ingredientes[[#This Row],[item]],CaProdutos[Item],0))
        *Ingredientes[[#This Row],[qtd.]],
        """"
    )
)",0,#N/A,,,,,,,,,,,,,,,
,,,"=IFERROR(
INDEX(insumos[ID],MATCH(Ingredientes[[#This Row],[item]],insumos[item],0)),
IFERROR(
INDEX(CaProdutos[ID],MATCH(Ingredientes[[#This Row],[item]],CaProdutos[Item],0)),
""""
))",,,"=IFERROR(
INDEX(insumos[medida],MATCH(Ingredientes[[#This Row],[item]],insumos[item],0)),
IFERROR(
IF(MATCH(Ingredientes[[#This Row],[item]],CaProdutos[Item],0)>0,""Unidades"",""""),
""""
))","=IFERROR(INDEX(CaProdutos[Un. Por Lote], MATCH(Ingredientes[[#This Row],[Produto]], CaProdutos[Item], 0)), """")","=IFERROR(
    INDEX(insumos[preço],MATCH(Ingredientes[[#This Row],[item]],insumos[item],0))
    /INDEX(insumos[quantidade],MATCH(Ingredientes[[#This Row],[item]],insumos[item],0))
    *Ingredientes[[#This Row],[qtd.]],
    IFERROR(
        INDEX(CaProdutos[Custo de Produção (1 un.)],MATCH(Ingredientes[[#This Row],[item]],CaProdutos[Item],0))
        *Ingredientes[[#This Row],[qtd.]],
        """"
    )
)",0,#N/A,,,,,,,,,,,,,,,
,,,"=IFERROR(
INDEX(insumos[ID],MATCH(Ingredientes[[#This Row],[item]],insumos[item],0)),
IFERROR(
INDEX(CaProdutos[ID],MATCH(Ingredientes[[#This Row],[item]],CaProdutos[Item],0)),
""""
))",,,"=IFERROR(
INDEX(insumos[medida],MATCH(Ingredientes[[#This Row],[item]],insumos[item],0)),
IFERROR(
IF(MATCH(Ingredientes[[#This Row],[item]],CaProdutos[Item],0)>0,""Unidades"",""""),
""""
))","=IFERROR(INDEX(CaProdutos[Un. Por Lote], MATCH(Ingredientes[[#This Row],[Produto]], CaProdutos[Item], 0)), """")","=IFERROR(
    INDEX(insumos[preço],MATCH(Ingredientes[[#This Row],[item]],insumos[item],0))
    /INDEX(insumos[quantidade],MATCH(Ingredientes[[#This Row],[item]],insumos[item],0))
    *Ingredientes[[#This Row],[qtd.]],
    IFERROR(
        INDEX(CaProdutos[Custo de Produção (1 un.)],MATCH(Ingredientes[[#This Row],[item]],CaProdutos[Item],0))
        *Ingredientes[[#This Row],[qtd.]],
        """"
    )
)",0,#N/A,,,,,,,,,,,,,,,
,,,"=IFERROR(
INDEX(insumos[ID],MATCH(Ingredientes[[#This Row],[item]],insumos[item],0)),
IFERROR(
INDEX(CaProdutos[ID],MATCH(Ingredientes[[#This Row],[item]],CaProdutos[Item],0)),
""""
))",,,"=IFERROR(
INDEX(insumos[medida],MATCH(Ingredientes[[#This Row],[item]],insumos[item],0)),
IFERROR(
IF(MATCH(Ingredientes[[#This Row],[item]],CaProdutos[Item],0)>0,""Unidades"",""""),
""""
))","=IFERROR(INDEX(CaProdutos[Un. Por Lote], MATCH(Ingredientes[[#This Row],[Produto]], CaProdutos[Item], 0)), """")","=IFERROR(
    INDEX(insumos[preço],MATCH(Ingredientes[[#This Row],[item]],insumos[item],0))
    /INDEX(insumos[quantidade],MATCH(Ingredientes[[#This Row],[item]],insumos[item],0))
    *Ingredientes[[#This Row],[qtd.]],
    IFERROR(
        INDEX(CaProdutos[Custo de Produção (1 un.)],MATCH(Ingredientes[[#This Row],[item]],CaProdutos[Item],0))
        *Ingredientes[[#This Row],[qtd.]],
        """"
    )
)",0,#N/A,,,,,,,,,,,,,,,
,,,"=IFERROR(
INDEX(insumos[ID],MATCH(Ingredientes[[#This Row],[item]],insumos[item],0)),
IFERROR(
INDEX(CaProdutos[ID],MATCH(Ingredientes[[#This Row],[item]],CaProdutos[Item],0)),
""""
))",,,"=IFERROR(
INDEX(insumos[medida],MATCH(Ingredientes[[#This Row],[item]],insumos[item],0)),
IFERROR(
IF(MATCH(Ingredientes[[#This Row],[item]],CaProdutos[Item],0)>0,""Unidades"",""""),
""""
))","=IFERROR(INDEX(CaProdutos[Un. Por Lote], MATCH(Ingredientes[[#This Row],[Produto]], CaProdutos[Item], 0)), """")","=IFERROR(
    INDEX(insumos[preço],MATCH(Ingredientes[[#This Row],[item]],insumos[item],0))
    /INDEX(insumos[quantidade],MATCH(Ingredientes[[#This Row],[item]],insumos[item],0))
    *Ingredientes[[#This Row],[qtd.]],
    IFERROR(
        INDEX(CaProdutos[Custo de Produção (1 un.)],MATCH(Ingredientes[[#This Row],[item]],CaProdutos[Item],0))
        *Ingredientes[[#This Row],[qtd.]],
        """"
    )
)",0,#N/A,,,,,,,,,,,,,,,
,,,"=IFERROR(
INDEX(insumos[ID],MATCH(Ingredientes[[#This Row],[item]],insumos[item],0)),
IFERROR(
INDEX(CaProdutos[ID],MATCH(Ingredientes[[#This Row],[item]],CaProdutos[Item],0)),
""""
))",,,"=IFERROR(
INDEX(insumos[medida],MATCH(Ingredientes[[#This Row],[item]],insumos[item],0)),
IFERROR(
IF(MATCH(Ingredientes[[#This Row],[item]],CaProdutos[Item],0)>0,""Unidades"",""""),
""""
))","=IFERROR(INDEX(CaProdutos[Un. Por Lote], MATCH(Ingredientes[[#This Row],[Produto]], CaProdutos[Item], 0)), """")","=IFERROR(
    INDEX(insumos[preço],MATCH(Ingredientes[[#This Row],[item]],insumos[item],0))
    /INDEX(insumos[quantidade],MATCH(Ingredientes[[#This Row],[item]],insumos[item],0))
    *Ingredientes[[#This Row],[qtd.]],
    IFERROR(
        INDEX(CaProdutos[Custo de Produção (1 un.)],MATCH(Ingredientes[[#This Row],[item]],CaProdutos[Item],0))
        *Ingredientes[[#This Row],[qtd.]],
        """"
    )
)",0,#N/A,,,,,,,,,,,,,,,
,,,"=IFERROR(
INDEX(insumos[ID],MATCH(Ingredientes[[#This Row],[item]],insumos[item],0)),
IFERROR(
INDEX(CaProdutos[ID],MATCH(Ingredientes[[#This Row],[item]],CaProdutos[Item],0)),
""""
))",,,"=IFERROR(
INDEX(insumos[medida],MATCH(Ingredientes[[#This Row],[item]],insumos[item],0)),
IFERROR(
IF(MATCH(Ingredientes[[#This Row],[item]],CaProdutos[Item],0)>0,""Unidades"",""""),
""""
))","=IFERROR(INDEX(CaProdutos[Un. Por Lote], MATCH(Ingredientes[[#This Row],[Produto]], CaProdutos[Item], 0)), """")","=IFERROR(
    INDEX(insumos[preço],MATCH(Ingredientes[[#This Row],[item]],insumos[item],0))
    /INDEX(insumos[quantidade],MATCH(Ingredientes[[#This Row],[item]],insumos[item],0))
    *Ingredientes[[#This Row],[qtd.]],
    IFERROR(
        INDEX(CaProdutos[Custo de Produção (1 un.)],MATCH(Ingredientes[[#This Row],[item]],CaProdutos[Item],0))
        *Ingredientes[[#This Row],[qtd.]],
        """"
    )
)",0,#N/A,,,,,,,,,,,,,,,
,,,"=IFERROR(
INDEX(insumos[ID],MATCH(Ingredientes[[#This Row],[item]],insumos[item],0)),
IFERROR(
INDEX(CaProdutos[ID],MATCH(Ingredientes[[#This Row],[item]],CaProdutos[Item],0)),
""""
))",,,"=IFERROR(
INDEX(insumos[medida],MATCH(Ingredientes[[#This Row],[item]],insumos[item],0)),
IFERROR(
IF(MATCH(Ingredientes[[#This Row],[item]],CaProdutos[Item],0)>0,""Unidades"",""""),
""""
))","=IFERROR(INDEX(CaProdutos[Un. Por Lote], MATCH(Ingredientes[[#This Row],[Produto]], CaProdutos[Item], 0)), """")","=IFERROR(
    INDEX(insumos[preço],MATCH(Ingredientes[[#This Row],[item]],insumos[item],0))
    /INDEX(insumos[quantidade],MATCH(Ingredientes[[#This Row],[item]],insumos[item],0))
    *Ingredientes[[#This Row],[qtd.]],
    IFERROR(
        INDEX(CaProdutos[Custo de Produção (1 un.)],MATCH(Ingredientes[[#This Row],[item]],CaProdutos[Item],0))
        *Ingredientes[[#This Row],[qtd.]],
        """"
    )
)",0,#N/A,,,,,,,,,,,,,,,
,,,"=IFERROR(
INDEX(insumos[ID],MATCH(Ingredientes[[#This Row],[item]],insumos[item],0)),
IFERROR(
INDEX(CaProdutos[ID],MATCH(Ingredientes[[#This Row],[item]],CaProdutos[Item],0)),
""""
))",,,"=IFERROR(
INDEX(insumos[medida],MATCH(Ingredientes[[#This Row],[item]],insumos[item],0)),
IFERROR(
IF(MATCH(Ingredientes[[#This Row],[item]],CaProdutos[Item],0)>0,""Unidades"",""""),
""""
))","=IFERROR(INDEX(CaProdutos[Un. Por Lote], MATCH(Ingredientes[[#This Row],[Produto]], CaProdutos[Item], 0)), """")","=IFERROR(
    INDEX(insumos[preço],MATCH(Ingredientes[[#This Row],[item]],insumos[item],0))
    /INDEX(insumos[quantidade],MATCH(Ingredientes[[#This Row],[item]],insumos[item],0))
    *Ingredientes[[#This Row],[qtd.]],
    IFERROR(
        INDEX(CaProdutos[Custo de Produção (1 un.)],MATCH(Ingredientes[[#This Row],[item]],CaProdutos[Item],0))
        *Ingredientes[[#This Row],[qtd.]],
        """"
    )
)",0,#N/A,,,,,,,,,,,,,,,
,,,"=IFERROR(
INDEX(insumos[ID],MATCH(Ingredientes[[#This Row],[item]],insumos[item],0)),
IFERROR(
INDEX(CaProdutos[ID],MATCH(Ingredientes[[#This Row],[item]],CaProdutos[Item],0)),
""""
))",,,"=IFERROR(
INDEX(insumos[medida],MATCH(Ingredientes[[#This Row],[item]],insumos[item],0)),
IFERROR(
IF(MATCH(Ingredientes[[#This Row],[item]],CaProdutos[Item],0)>0,""Unidades"",""""),
""""
))","=IFERROR(INDEX(CaProdutos[Un. Por Lote], MATCH(Ingredientes[[#This Row],[Produto]], CaProdutos[Item], 0)), """")","=IFERROR(
    INDEX(insumos[preço],MATCH(Ingredientes[[#This Row],[item]],insumos[item],0))
    /INDEX(insumos[quantidade],MATCH(Ingredientes[[#This Row],[item]],insumos[item],0))
    *Ingredientes[[#This Row],[qtd.]],
    IFERROR(
        INDEX(CaProdutos[Custo de Produção (1 un.)],MATCH(Ingredientes[[#This Row],[item]],CaProdutos[Item],0))
        *Ingredientes[[#This Row],[qtd.]],
        """"
    )
)",0,#N/A,,,,,,,,,,,,,,,
,,,"=IFERROR(
INDEX(insumos[ID],MATCH(Ingredientes[[#This Row],[item]],insumos[item],0)),
IFERROR(
INDEX(CaProdutos[ID],MATCH(Ingredientes[[#This Row],[item]],CaProdutos[Item],0)),
""""
))",,,"=IFERROR(
INDEX(insumos[medida],MATCH(Ingredientes[[#This Row],[item]],insumos[item],0)),
IFERROR(
IF(MATCH(Ingredientes[[#This Row],[item]],CaProdutos[Item],0)>0,""Unidades"",""""),
""""
))","=IFERROR(INDEX(CaProdutos[Un. Por Lote], MATCH(Ingredientes[[#This Row],[Produto]], CaProdutos[Item], 0)), """")","=IFERROR(
    INDEX(insumos[preço],MATCH(Ingredientes[[#This Row],[item]],insumos[item],0))
    /INDEX(insumos[quantidade],MATCH(Ingredientes[[#This Row],[item]],insumos[item],0))
    *Ingredientes[[#This Row],[qtd.]],
    IFERROR(
        INDEX(CaProdutos[Custo de Produção (1 un.)],MATCH(Ingredientes[[#This Row],[item]],CaProdutos[Item],0))
        *Ingredientes[[#This Row],[qtd.]],
        """"
    )
)",0,#N/A,,,,,,,,,,,,,,,
,,,"=IFERROR(
INDEX(insumos[ID],MATCH(Ingredientes[[#This Row],[item]],insumos[item],0)),
IFERROR(
INDEX(CaProdutos[ID],MATCH(Ingredientes[[#This Row],[item]],CaProdutos[Item],0)),
""""
))",,,"=IFERROR(
INDEX(insumos[medida],MATCH(Ingredientes[[#This Row],[item]],insumos[item],0)),
IFERROR(
IF(MATCH(Ingredientes[[#This Row],[item]],CaProdutos[Item],0)>0,""Unidades"",""""),
""""
))","=IFERROR(INDEX(CaProdutos[Un. Por Lote], MATCH(Ingredientes[[#This Row],[Produto]], CaProdutos[Item], 0)), """")","=IFERROR(
    INDEX(insumos[preço],MATCH(Ingredientes[[#This Row],[item]],insumos[item],0))
    /INDEX(insumos[quantidade],MATCH(Ingredientes[[#This Row],[item]],insumos[item],0))
    *Ingredientes[[#This Row],[qtd.]],
    IFERROR(
        INDEX(CaProdutos[Custo de Produção (1 un.)],MATCH(Ingredientes[[#This Row],[item]],CaProdutos[Item],0))
        *Ingredientes[[#This Row],[qtd.]],
        """"
    )
)",0,#N/A,,,,,,,,,,,,,,,
,,,"=IFERROR(
INDEX(insumos[ID],MATCH(Ingredientes[[#This Row],[item]],insumos[item],0)),
IFERROR(
INDEX(CaProdutos[ID],MATCH(Ingredientes[[#This Row],[item]],CaProdutos[Item],0)),
""""
))",,,"=IFERROR(
INDEX(insumos[medida],MATCH(Ingredientes[[#This Row],[item]],insumos[item],0)),
IFERROR(
IF(MATCH(Ingredientes[[#This Row],[item]],CaProdutos[Item],0)>0,""Unidades"",""""),
""""
))","=IFERROR(INDEX(CaProdutos[Un. Por Lote], MATCH(Ingredientes[[#This Row],[Produto]], CaProdutos[Item], 0)), """")","=IFERROR(
    INDEX(insumos[preço],MATCH(Ingredientes[[#This Row],[item]],insumos[item],0))
    /INDEX(insumos[quantidade],MATCH(Ingredientes[[#This Row],[item]],insumos[item],0))
    *Ingredientes[[#This Row],[qtd.]],
    IFERROR(
        INDEX(CaProdutos[Custo de Produção (1 un.)],MATCH(Ingredientes[[#This Row],[item]],CaProdutos[Item],0))
        *Ingredientes[[#This Row],[qtd.]],
        """"
    )
)",0,#N/A,,,,,,,,,,,,,,,
,,,"=IFERROR(
INDEX(insumos[ID],MATCH(Ingredientes[[#This Row],[item]],insumos[item],0)),
IFERROR(
INDEX(CaProdutos[ID],MATCH(Ingredientes[[#This Row],[item]],CaProdutos[Item],0)),
""""
))",,,"=IFERROR(
INDEX(insumos[medida],MATCH(Ingredientes[[#This Row],[item]],insumos[item],0)),
IFERROR(
IF(MATCH(Ingredientes[[#This Row],[item]],CaProdutos[Item],0)>0,""Unidades"",""""),
""""
))","=IFERROR(INDEX(CaProdutos[Un. Por Lote], MATCH(Ingredientes[[#This Row],[Produto]], CaProdutos[Item], 0)), """")","=IFERROR(
    INDEX(insumos[preço],MATCH(Ingredientes[[#This Row],[item]],insumos[item],0))
    /INDEX(insumos[quantidade],MATCH(Ingredientes[[#This Row],[item]],insumos[item],0))
    *Ingredientes[[#This Row],[qtd.]],
    IFERROR(
        INDEX(CaProdutos[Custo de Produção (1 un.)],MATCH(Ingredientes[[#This Row],[item]],CaProdutos[Item],0))
        *Ingredientes[[#This Row],[qtd.]],
        """"
    )
)",0,#N/A,,,,,,,,,,,,,,,
,,,"=IFERROR(
INDEX(insumos[ID],MATCH(Ingredientes[[#This Row],[item]],insumos[item],0)),
IFERROR(
INDEX(CaProdutos[ID],MATCH(Ingredientes[[#This Row],[item]],CaProdutos[Item],0)),
""""
))",,,"=IFERROR(
INDEX(insumos[medida],MATCH(Ingredientes[[#This Row],[item]],insumos[item],0)),
IFERROR(
IF(MATCH(Ingredientes[[#This Row],[item]],CaProdutos[Item],0)>0,""Unidades"",""""),
""""
))","=IFERROR(INDEX(CaProdutos[Un. Por Lote], MATCH(Ingredientes[[#This Row],[Produto]], CaProdutos[Item], 0)), """")","=IFERROR(
    INDEX(insumos[preço],MATCH(Ingredientes[[#This Row],[item]],insumos[item],0))
    /INDEX(insumos[quantidade],MATCH(Ingredientes[[#This Row],[item]],insumos[item],0))
    *Ingredientes[[#This Row],[qtd.]],
    IFERROR(
        INDEX(CaProdutos[Custo de Produção (1 un.)],MATCH(Ingredientes[[#This Row],[item]],CaProdutos[Item],0))
        *Ingredientes[[#This Row],[qtd.]],
        """"
    )
)",0,#N/A,,,,,,,,,,,,,,,
,,,"=IFERROR(
INDEX(insumos[ID],MATCH(Ingredientes[[#This Row],[item]],insumos[item],0)),
IFERROR(
INDEX(CaProdutos[ID],MATCH(Ingredientes[[#This Row],[item]],CaProdutos[Item],0)),
""""
))",,,"=IFERROR(
INDEX(insumos[medida],MATCH(Ingredientes[[#This Row],[item]],insumos[item],0)),
IFERROR(
IF(MATCH(Ingredientes[[#This Row],[item]],CaProdutos[Item],0)>0,""Unidades"",""""),
""""
))","=IFERROR(INDEX(CaProdutos[Un. Por Lote], MATCH(Ingredientes[[#This Row],[Produto]], CaProdutos[Item], 0)), """")","=IFERROR(
    INDEX(insumos[preço],MATCH(Ingredientes[[#This Row],[item]],insumos[item],0))
    /INDEX(insumos[quantidade],MATCH(Ingredientes[[#This Row],[item]],insumos[item],0))
    *Ingredientes[[#This Row],[qtd.]],
    IFERROR(
        INDEX(CaProdutos[Custo de Produção (1 un.)],MATCH(Ingredientes[[#This Row],[item]],CaProdutos[Item],0))
        *Ingredientes[[#This Row],[qtd.]],
        """"
    )
)",0,#N/A,,,,,,,,,,,,,,,
,,,"=IFERROR(
INDEX(insumos[ID],MATCH(Ingredientes[[#This Row],[item]],insumos[item],0)),
IFERROR(
INDEX(CaProdutos[ID],MATCH(Ingredientes[[#This Row],[item]],CaProdutos[Item],0)),
""""
))",,,"=IFERROR(
INDEX(insumos[medida],MATCH(Ingredientes[[#This Row],[item]],insumos[item],0)),
IFERROR(
IF(MATCH(Ingredientes[[#This Row],[item]],CaProdutos[Item],0)>0,""Unidades"",""""),
""""
))","=IFERROR(INDEX(CaProdutos[Un. Por Lote], MATCH(Ingredientes[[#This Row],[Produto]], CaProdutos[Item], 0)), """")","=IFERROR(
    INDEX(insumos[preço],MATCH(Ingredientes[[#This Row],[item]],insumos[item],0))
    /INDEX(insumos[quantidade],MATCH(Ingredientes[[#This Row],[item]],insumos[item],0))
    *Ingredientes[[#This Row],[qtd.]],
    IFERROR(
        INDEX(CaProdutos[Custo de Produção (1 un.)],MATCH(Ingredientes[[#This Row],[item]],CaProdutos[Item],0))
        *Ingredientes[[#This Row],[qtd.]],
        """"
    )
)",0,#N/A,,,,,,,,,,,,,,,
,,,"=IFERROR(
INDEX(insumos[ID],MATCH(Ingredientes[[#This Row],[item]],insumos[item],0)),
IFERROR(
INDEX(CaProdutos[ID],MATCH(Ingredientes[[#This Row],[item]],CaProdutos[Item],0)),
""""
))",,,"=IFERROR(
INDEX(insumos[medida],MATCH(Ingredientes[[#This Row],[item]],insumos[item],0)),
IFERROR(
IF(MATCH(Ingredientes[[#This Row],[item]],CaProdutos[Item],0)>0,""Unidades"",""""),
""""
))","=IFERROR(INDEX(CaProdutos[Un. Por Lote], MATCH(Ingredientes[[#This Row],[Produto]], CaProdutos[Item], 0)), """")","=IFERROR(
    INDEX(insumos[preço],MATCH(Ingredientes[[#This Row],[item]],insumos[item],0))
    /INDEX(insumos[quantidade],MATCH(Ingredientes[[#This Row],[item]],insumos[item],0))
    *Ingredientes[[#This Row],[qtd.]],
    IFERROR(
        INDEX(CaProdutos[Custo de Produção (1 un.)],MATCH(Ingredientes[[#This Row],[item]],CaProdutos[Item],0))
        *Ingredientes[[#This Row],[qtd.]],
        """"
    )
)",0,#N/A,,,,,,,,,,,,,,,
,,,"=IFERROR(
INDEX(insumos[ID],MATCH(Ingredientes[[#This Row],[item]],insumos[item],0)),
IFERROR(
INDEX(CaProdutos[ID],MATCH(Ingredientes[[#This Row],[item]],CaProdutos[Item],0)),
""""
))",,,"=IFERROR(
INDEX(insumos[medida],MATCH(Ingredientes[[#This Row],[item]],insumos[item],0)),
IFERROR(
IF(MATCH(Ingredientes[[#This Row],[item]],CaProdutos[Item],0)>0,""Unidades"",""""),
""""
))","=IFERROR(INDEX(CaProdutos[Un. Por Lote], MATCH(Ingredientes[[#This Row],[Produto]], CaProdutos[Item], 0)), """")","=IFERROR(
    INDEX(insumos[preço],MATCH(Ingredientes[[#This Row],[item]],insumos[item],0))
    /INDEX(insumos[quantidade],MATCH(Ingredientes[[#This Row],[item]],insumos[item],0))
    *Ingredientes[[#This Row],[qtd.]],
    IFERROR(
        INDEX(CaProdutos[Custo de Produção (1 un.)],MATCH(Ingredientes[[#This Row],[item]],CaProdutos[Item],0))
        *Ingredientes[[#This Row],[qtd.]],
        """"
    )
)",0,#N/A,,,,,,,,,,,,,,,
,,,"=IFERROR(
INDEX(insumos[ID],MATCH(Ingredientes[[#This Row],[item]],insumos[item],0)),
IFERROR(
INDEX(CaProdutos[ID],MATCH(Ingredientes[[#This Row],[item]],CaProdutos[Item],0)),
""""
))",,,"=IFERROR(
INDEX(insumos[medida],MATCH(Ingredientes[[#This Row],[item]],insumos[item],0)),
IFERROR(
IF(MATCH(Ingredientes[[#This Row],[item]],CaProdutos[Item],0)>0,""Unidades"",""""),
""""
))","=IFERROR(INDEX(CaProdutos[Un. Por Lote], MATCH(Ingredientes[[#This Row],[Produto]], CaProdutos[Item], 0)), """")","=IFERROR(
    INDEX(insumos[preço],MATCH(Ingredientes[[#This Row],[item]],insumos[item],0))
    /INDEX(insumos[quantidade],MATCH(Ingredientes[[#This Row],[item]],insumos[item],0))
    *Ingredientes[[#This Row],[qtd.]],
    IFERROR(
        INDEX(CaProdutos[Custo de Produção (1 un.)],MATCH(Ingredientes[[#This Row],[item]],CaProdutos[Item],0))
        *Ingredientes[[#This Row],[qtd.]],
        """"
    )
)",0,#N/A,,,,,,,,,,,,,,,
,,,"=IFERROR(
INDEX(insumos[ID],MATCH(Ingredientes[[#This Row],[item]],insumos[item],0)),
IFERROR(
INDEX(CaProdutos[ID],MATCH(Ingredientes[[#This Row],[item]],CaProdutos[Item],0)),
""""
))",,,"=IFERROR(
INDEX(insumos[medida],MATCH(Ingredientes[[#This Row],[item]],insumos[item],0)),
IFERROR(
IF(MATCH(Ingredientes[[#This Row],[item]],CaProdutos[Item],0)>0,""Unidades"",""""),
""""
))","=IFERROR(INDEX(CaProdutos[Un. Por Lote], MATCH(Ingredientes[[#This Row],[Produto]], CaProdutos[Item], 0)), """")","=IFERROR(
    INDEX(insumos[preço],MATCH(Ingredientes[[#This Row],[item]],insumos[item],0))
    /INDEX(insumos[quantidade],MATCH(Ingredientes[[#This Row],[item]],insumos[item],0))
    *Ingredientes[[#This Row],[qtd.]],
    IFERROR(
        INDEX(CaProdutos[Custo de Produção (1 un.)],MATCH(Ingredientes[[#This Row],[item]],CaProdutos[Item],0))
        *Ingredientes[[#This Row],[qtd.]],
        """"
    )
)",0,#N/A,,,,,,,,,,,,,,,
,,,"=IFERROR(
INDEX(insumos[ID],MATCH(Ingredientes[[#This Row],[item]],insumos[item],0)),
IFERROR(
INDEX(CaProdutos[ID],MATCH(Ingredientes[[#This Row],[item]],CaProdutos[Item],0)),
""""
))",,,"=IFERROR(
INDEX(insumos[medida],MATCH(Ingredientes[[#This Row],[item]],insumos[item],0)),
IFERROR(
IF(MATCH(Ingredientes[[#This Row],[item]],CaProdutos[Item],0)>0,""Unidades"",""""),
""""
))","=IFERROR(INDEX(CaProdutos[Un. Por Lote], MATCH(Ingredientes[[#This Row],[Produto]], CaProdutos[Item], 0)), """")","=IFERROR(
    INDEX(insumos[preço],MATCH(Ingredientes[[#This Row],[item]],insumos[item],0))
    /INDEX(insumos[quantidade],MATCH(Ingredientes[[#This Row],[item]],insumos[item],0))
    *Ingredientes[[#This Row],[qtd.]],
    IFERROR(
        INDEX(CaProdutos[Custo de Produção (1 un.)],MATCH(Ingredientes[[#This Row],[item]],CaProdutos[Item],0))
        *Ingredientes[[#This Row],[qtd.]],
        """"
    )
)",0,#N/A,,,,,,,,,,,,,,,
,,,"=IFERROR(
INDEX(insumos[ID],MATCH(Ingredientes[[#This Row],[item]],insumos[item],0)),
IFERROR(
INDEX(CaProdutos[ID],MATCH(Ingredientes[[#This Row],[item]],CaProdutos[Item],0)),
""""
))",,,"=IFERROR(
INDEX(insumos[medida],MATCH(Ingredientes[[#This Row],[item]],insumos[item],0)),
IFERROR(
IF(MATCH(Ingredientes[[#This Row],[item]],CaProdutos[Item],0)>0,""Unidades"",""""),
""""
))","=IFERROR(INDEX(CaProdutos[Un. Por Lote], MATCH(Ingredientes[[#This Row],[Produto]], CaProdutos[Item], 0)), """")","=IFERROR(
    INDEX(insumos[preço],MATCH(Ingredientes[[#This Row],[item]],insumos[item],0))
    /INDEX(insumos[quantidade],MATCH(Ingredientes[[#This Row],[item]],insumos[item],0))
    *Ingredientes[[#This Row],[qtd.]],
    IFERROR(
        INDEX(CaProdutos[Custo de Produção (1 un.)],MATCH(Ingredientes[[#This Row],[item]],CaProdutos[Item],0))
        *Ingredientes[[#This Row],[qtd.]],
        """"
    )
)",0,#N/A,,,,,,,,,,,,,,,
,,,"=IFERROR(
INDEX(insumos[ID],MATCH(Ingredientes[[#This Row],[item]],insumos[item],0)),
IFERROR(
INDEX(CaProdutos[ID],MATCH(Ingredientes[[#This Row],[item]],CaProdutos[Item],0)),
""""
))",,,"=IFERROR(
INDEX(insumos[medida],MATCH(Ingredientes[[#This Row],[item]],insumos[item],0)),
IFERROR(
IF(MATCH(Ingredientes[[#This Row],[item]],CaProdutos[Item],0)>0,""Unidades"",""""),
""""
))","=IFERROR(INDEX(CaProdutos[Un. Por Lote], MATCH(Ingredientes[[#This Row],[Produto]], CaProdutos[Item], 0)), """")","=IFERROR(
    INDEX(insumos[preço],MATCH(Ingredientes[[#This Row],[item]],insumos[item],0))
    /INDEX(insumos[quantidade],MATCH(Ingredientes[[#This Row],[item]],insumos[item],0))
    *Ingredientes[[#This Row],[qtd.]],
    IFERROR(
        INDEX(CaProdutos[Custo de Produção (1 un.)],MATCH(Ingredientes[[#This Row],[item]],CaProdutos[Item],0))
        *Ingredientes[[#This Row],[qtd.]],
        """"
    )
)",0,#N/A,,,,,,,,,,,,,,,
,,,"=IFERROR(
INDEX(insumos[ID],MATCH(Ingredientes[[#This Row],[item]],insumos[item],0)),
IFERROR(
INDEX(CaProdutos[ID],MATCH(Ingredientes[[#This Row],[item]],CaProdutos[Item],0)),
""""
))",,,"=IFERROR(
INDEX(insumos[medida],MATCH(Ingredientes[[#This Row],[item]],insumos[item],0)),
IFERROR(
IF(MATCH(Ingredientes[[#This Row],[item]],CaProdutos[Item],0)>0,""Unidades"",""""),
""""
))","=IFERROR(INDEX(CaProdutos[Un. Por Lote], MATCH(Ingredientes[[#This Row],[Produto]], CaProdutos[Item], 0)), """")","=IFERROR(
    INDEX(insumos[preço],MATCH(Ingredientes[[#This Row],[item]],insumos[item],0))
    /INDEX(insumos[quantidade],MATCH(Ingredientes[[#This Row],[item]],insumos[item],0))
    *Ingredientes[[#This Row],[qtd.]],
    IFERROR(
        INDEX(CaProdutos[Custo de Produção (1 un.)],MATCH(Ingredientes[[#This Row],[item]],CaProdutos[Item],0))
        *Ingredientes[[#This Row],[qtd.]],
        """"
    )
)",0,#N/A,,,,,,,,"3,5 unidades de 7cm",1 leite condensado pra 3 sabores,,,131 cada sabor,37,555,
,,,"=IFERROR(
INDEX(insumos[ID],MATCH(Ingredientes[[#This Row],[item]],insumos[item],0)),
IFERROR(
INDEX(CaProdutos[ID],MATCH(Ingredientes[[#This Row],[item]],CaProdutos[Item],0)),
""""
))",,,"=IFERROR(
INDEX(insumos[medida],MATCH(Ingredientes[[#This Row],[item]],insumos[item],0)),
IFERROR(
IF(MATCH(Ingredientes[[#This Row],[item]],CaProdutos[Item],0)>0,""Unidades"",""""),
""""
))","=IFERROR(INDEX(CaProdutos[Un. Por Lote], MATCH(Ingredientes[[#This Row],[Produto]], CaProdutos[Item], 0)), """")","=IFERROR(
    INDEX(insumos[preço],MATCH(Ingredientes[[#This Row],[item]],insumos[item],0))
    /INDEX(insumos[quantidade],MATCH(Ingredientes[[#This Row],[item]],insumos[item],0))
    *Ingredientes[[#This Row],[qtd.]],
    IFERROR(
        INDEX(CaProdutos[Custo de Produção (1 un.)],MATCH(Ingredientes[[#This Row],[item]],CaProdutos[Item],0))
        *Ingredientes[[#This Row],[qtd.]],
        """"
    )
)",0,#N/A,,,,,,,,,50 ml creme de leite pra 2 sabores,,,25 cada sabor,7.14,107.1,
,,,"=IFERROR(
INDEX(insumos[ID],MATCH(Ingredientes[[#This Row],[item]],insumos[item],0)),
IFERROR(
INDEX(CaProdutos[ID],MATCH(Ingredientes[[#This Row],[item]],CaProdutos[Item],0)),
""""
))",,,"=IFERROR(
INDEX(insumos[medida],MATCH(Ingredientes[[#This Row],[item]],insumos[item],0)),
IFERROR(
IF(MATCH(Ingredientes[[#This Row],[item]],CaProdutos[Item],0)>0,""Unidades"",""""),
""""
))","=IFERROR(INDEX(CaProdutos[Un. Por Lote], MATCH(Ingredientes[[#This Row],[Produto]], CaProdutos[Item], 0)), """")","=IFERROR(
    INDEX(insumos[preço],MATCH(Ingredientes[[#This Row],[item]],insumos[item],0))
    /INDEX(insumos[quantidade],MATCH(Ingredientes[[#This Row],[item]],insumos[item],0))
    *Ingredientes[[#This Row],[qtd.]],
    IFERROR(
        INDEX(CaProdutos[Custo de Produção (1 un.)],MATCH(Ingredientes[[#This Row],[item]],CaProdutos[Item],0))
        *Ingredientes[[#This Row],[qtd.]],
        """"
    )
)",0,#N/A,,,,,,,,,45 margarina gramas pra 3 sabores,,,15 cada sabor,4.28,64.2,
,,,"=IFERROR(
INDEX(insumos[ID],MATCH(Ingredientes[[#This Row],[item]],insumos[item],0)),
IFERROR(
INDEX(CaProdutos[ID],MATCH(Ingredientes[[#This Row],[item]],CaProdutos[Item],0)),
""""
))",,,"=IFERROR(
INDEX(insumos[medida],MATCH(Ingredientes[[#This Row],[item]],insumos[item],0)),
IFERROR(
IF(MATCH(Ingredientes[[#This Row],[item]],CaProdutos[Item],0)>0,""Unidades"",""""),
""""
))","=IFERROR(INDEX(CaProdutos[Un. Por Lote], MATCH(Ingredientes[[#This Row],[Produto]], CaProdutos[Item], 0)), """")","=IFERROR(
    INDEX(insumos[preço],MATCH(Ingredientes[[#This Row],[item]],insumos[item],0))
    /INDEX(insumos[quantidade],MATCH(Ingredientes[[#This Row],[item]],insumos[item],0))
    *Ingredientes[[#This Row],[qtd.]],
    IFERROR(
        INDEX(CaProdutos[Custo de Produção (1 un.)],MATCH(Ingredientes[[#This Row],[item]],CaProdutos[Item],0))
        *Ingredientes[[#This Row],[qtd.]],
        """"
    )
)",0,#N/A,,,,,,,,,3 oreo triturados para 1 sabor,,,3,0.86,12.9,42.9
,,,"=IFERROR(
INDEX(insumos[ID],MATCH(Ingredientes[[#This Row],[item]],insumos[item],0)),
IFERROR(
INDEX(CaProdutos[ID],MATCH(Ingredientes[[#This Row],[item]],CaProdutos[Item],0)),
""""
))",,,"=IFERROR(
INDEX(insumos[medida],MATCH(Ingredientes[[#This Row],[item]],insumos[item],0)),
IFERROR(
IF(MATCH(Ingredientes[[#This Row],[item]],CaProdutos[Item],0)>0,""Unidades"",""""),
""""
))","=IFERROR(INDEX(CaProdutos[Un. Por Lote], MATCH(Ingredientes[[#This Row],[Produto]], CaProdutos[Item], 0)), """")","=IFERROR(
    INDEX(insumos[preço],MATCH(Ingredientes[[#This Row],[item]],insumos[item],0))
    /INDEX(insumos[quantidade],MATCH(Ingredientes[[#This Row],[item]],insumos[item],0))
    *Ingredientes[[#This Row],[qtd.]],
    IFERROR(
        INDEX(CaProdutos[Custo de Produção (1 un.)],MATCH(Ingredientes[[#This Row],[item]],CaProdutos[Item],0))
        *Ingredientes[[#This Row],[qtd.]],
        """"
    )
)",0,#N/A,,,,,,,,,1 oreo triturado para 1 brownie,,,,1,15,
,,,"=IFERROR(
INDEX(insumos[ID],MATCH(Ingredientes[[#This Row],[item]],insumos[item],0)),
IFERROR(
INDEX(CaProdutos[ID],MATCH(Ingredientes[[#This Row],[item]],CaProdutos[Item],0)),
""""
))",,,"=IFERROR(
INDEX(insumos[medida],MATCH(Ingredientes[[#This Row],[item]],insumos[item],0)),
IFERROR(
IF(MATCH(Ingredientes[[#This Row],[item]],CaProdutos[Item],0)>0,""Unidades"",""""),
""""
))","=IFERROR(INDEX(CaProdutos[Un. Por Lote], MATCH(Ingredientes[[#This Row],[Produto]], CaProdutos[Item], 0)), """")","=IFERROR(
    INDEX(insumos[preço],MATCH(Ingredientes[[#This Row],[item]],insumos[item],0))
    /INDEX(insumos[quantidade],MATCH(Ingredientes[[#This Row],[item]],insumos[item],0))
    *Ingredientes[[#This Row],[qtd.]],
    IFERROR(
        INDEX(CaProdutos[Custo de Produção (1 un.)],MATCH(Ingredientes[[#This Row],[item]],CaProdutos[Item],0))
        *Ingredientes[[#This Row],[qtd.]],
        """"
    )
)",0,#N/A,,,,,,,,,1 oreo inteiro para 1 brownie,,,,1,15,
,,,"=IFERROR(
INDEX(insumos[ID],MATCH(Ingredientes[[#This Row],[item]],insumos[item],0)),
IFERROR(
INDEX(CaProdutos[ID],MATCH(Ingredientes[[#This Row],[item]],CaProdutos[Item],0)),
""""
))",,,"=IFERROR(
INDEX(insumos[medida],MATCH(Ingredientes[[#This Row],[item]],insumos[item],0)),
IFERROR(
IF(MATCH(Ingredientes[[#This Row],[item]],CaProdutos[Item],0)>0,""Unidades"",""""),
""""
))","=IFERROR(INDEX(CaProdutos[Un. Por Lote], MATCH(Ingredientes[[#This Row],[Produto]], CaProdutos[Item], 0)), """")","=IFERROR(
    INDEX(insumos[preço],MATCH(Ingredientes[[#This Row],[item]],insumos[item],0))
    /INDEX(insumos[quantidade],MATCH(Ingredientes[[#This Row],[item]],insumos[item],0))
    *Ingredientes[[#This Row],[qtd.]],
    IFERROR(
        INDEX(CaProdutos[Custo de Produção (1 un.)],MATCH(Ingredientes[[#This Row],[item]],CaProdutos[Item],0))
        *Ingredientes[[#This Row],[qtd.]],
        """"
    )
)",0,#N/A,,,,,,,,,3 paçoca para 1 sabor,,,3,0.86,12.9,17.85
,,,"=IFERROR(
INDEX(insumos[ID],MATCH(Ingredientes[[#This Row],[item]],insumos[item],0)),
IFERROR(
INDEX(CaProdutos[ID],MATCH(Ingredientes[[#This Row],[item]],CaProdutos[Item],0)),
""""
))",,,"=IFERROR(
INDEX(insumos[medida],MATCH(Ingredientes[[#This Row],[item]],insumos[item],0)),
IFERROR(
IF(MATCH(Ingredientes[[#This Row],[item]],CaProdutos[Item],0)>0,""Unidades"",""""),
""""
))","=IFERROR(INDEX(CaProdutos[Un. Por Lote], MATCH(Ingredientes[[#This Row],[Produto]], CaProdutos[Item], 0)), """")","=IFERROR(
    INDEX(insumos[preço],MATCH(Ingredientes[[#This Row],[item]],insumos[item],0))
    /INDEX(insumos[quantidade],MATCH(Ingredientes[[#This Row],[item]],insumos[item],0))
    *Ingredientes[[#This Row],[qtd.]],
    IFERROR(
        INDEX(CaProdutos[Custo de Produção (1 un.)],MATCH(Ingredientes[[#This Row],[item]],CaProdutos[Item],0))
        *Ingredientes[[#This Row],[qtd.]],
        """"
    )
)",0,#N/A,,,,,,,,,1 paçoca triturada para 3 brownie,,,,0.33,4.95,
,,,"=IFERROR(
INDEX(insumos[ID],MATCH(Ingredientes[[#This Row],[item]],insumos[item],0)),
IFERROR(
INDEX(CaProdutos[ID],MATCH(Ingredientes[[#This Row],[item]],CaProdutos[Item],0)),
""""
))",,,"=IFERROR(
INDEX(insumos[medida],MATCH(Ingredientes[[#This Row],[item]],insumos[item],0)),
IFERROR(
IF(MATCH(Ingredientes[[#This Row],[item]],CaProdutos[Item],0)>0,""Unidades"",""""),
""""
))","=IFERROR(INDEX(CaProdutos[Un. Por Lote], MATCH(Ingredientes[[#This Row],[Produto]], CaProdutos[Item], 0)), """")","=IFERROR(
    INDEX(insumos[preço],MATCH(Ingredientes[[#This Row],[item]],insumos[item],0))
    /INDEX(insumos[quantidade],MATCH(Ingredientes[[#This Row],[item]],insumos[item],0))
    *Ingredientes[[#This Row],[qtd.]],
    IFERROR(
        INDEX(CaProdutos[Custo de Produção (1 un.)],MATCH(Ingredientes[[#This Row],[item]],CaProdutos[Item],0))
        *Ingredientes[[#This Row],[qtd.]],
        """"
    )
)",0,#N/A,,,,,,,,,60 gramas de doce de leite 1 sabor,,,,17.14,257.1,
,,,"=IFERROR(
INDEX(insumos[ID],MATCH(Ingredientes[[#This Row],[item]],insumos[item],0)),
IFERROR(
INDEX(CaProdutos[ID],MATCH(Ingredientes[[#This Row],[item]],CaProdutos[Item],0)),
""""
))",,,"=IFERROR(
INDEX(insumos[medida],MATCH(Ingredientes[[#This Row],[item]],insumos[item],0)),
IFERROR(
IF(MATCH(Ingredientes[[#This Row],[item]],CaProdutos[Item],0)>0,""Unidades"",""""),
""""
))","=IFERROR(INDEX(CaProdutos[Un. Por Lote], MATCH(Ingredientes[[#This Row],[Produto]], CaProdutos[Item], 0)), """")","=IFERROR(
    INDEX(insumos[preço],MATCH(Ingredientes[[#This Row],[item]],insumos[item],0))
    /INDEX(insumos[quantidade],MATCH(Ingredientes[[#This Row],[item]],insumos[item],0))
    *Ingredientes[[#This Row],[qtd.]],
    IFERROR(
        INDEX(CaProdutos[Custo de Produção (1 un.)],MATCH(Ingredientes[[#This Row],[item]],CaProdutos[Item],0))
        *Ingredientes[[#This Row],[qtd.]],
        """"
    )
)",0,#N/A,,,,,,,,,1 xunxada de nutella da 4 brownie de coração,,,,0.25,3.75,
,,,"=IFERROR(
INDEX(insumos[ID],MATCH(Ingredientes[[#This Row],[item]],insumos[item],0)),
IFERROR(
INDEX(CaProdutos[ID],MATCH(Ingredientes[[#This Row],[item]],CaProdutos[Item],0)),
""""
))",,,"=IFERROR(
INDEX(insumos[medida],MATCH(Ingredientes[[#This Row],[item]],insumos[item],0)),
IFERROR(
IF(MATCH(Ingredientes[[#This Row],[item]],CaProdutos[Item],0)>0,""Unidades"",""""),
""""
))","=IFERROR(INDEX(CaProdutos[Un. Por Lote], MATCH(Ingredientes[[#This Row],[Produto]], CaProdutos[Item], 0)), """")","=IFERROR(
    INDEX(insumos[preço],MATCH(Ingredientes[[#This Row],[item]],insumos[item],0))
    /INDEX(insumos[quantidade],MATCH(Ingredientes[[#This Row],[item]],insumos[item],0))
    *Ingredientes[[#This Row],[qtd.]],
    IFERROR(
        INDEX(CaProdutos[Custo de Produção (1 un.)],MATCH(Ingredientes[[#This Row],[item]],CaProdutos[Item],0))
        *Ingredientes[[#This Row],[qtd.]],
        """"
    )
)",0,#N/A,,,,,,,,,60 gramas de leite ninho para 1 sabor,,,,17.14,257.1,
,,,"=IFERROR(
INDEX(insumos[ID],MATCH(Ingredientes[[#This Row],[item]],insumos[item],0)),
IFERROR(
INDEX(CaProdutos[ID],MATCH(Ingredientes[[#This Row],[item]],CaProdutos[Item],0)),
""""
))",,,"=IFERROR(
INDEX(insumos[medida],MATCH(Ingredientes[[#This Row],[item]],insumos[item],0)),
IFERROR(
IF(MATCH(Ingredientes[[#This Row],[item]],CaProdutos[Item],0)>0,""Unidades"",""""),
""""
))","=IFERROR(INDEX(CaProdutos[Un. Por Lote], MATCH(Ingredientes[[#This Row],[Produto]], CaProdutos[Item], 0)), """")","=IFERROR(
    INDEX(insumos[preço],MATCH(Ingredientes[[#This Row],[item]],insumos[item],0))
    /INDEX(insumos[quantidade],MATCH(Ingredientes[[#This Row],[item]],insumos[item],0))
    *Ingredientes[[#This Row],[qtd.]],
    IFERROR(
        INDEX(CaProdutos[Custo de Produção (1 un.)],MATCH(Ingredientes[[#This Row],[item]],CaProdutos[Item],0))
        *Ingredientes[[#This Row],[qtd.]],
        """"
    )
)",0,#N/A,,,,,,,,,,,,,,,
,,,"=IFERROR(
INDEX(insumos[ID],MATCH(Ingredientes[[#This Row],[item]],insumos[item],0)),
IFERROR(
INDEX(CaProdutos[ID],MATCH(Ingredientes[[#This Row],[item]],CaProdutos[Item],0)),
""""
))",,,"=IFERROR(
INDEX(insumos[medida],MATCH(Ingredientes[[#This Row],[item]],insumos[item],0)),
IFERROR(
IF(MATCH(Ingredientes[[#This Row],[item]],CaProdutos[Item],0)>0,""Unidades"",""""),
""""
))","=IFERROR(INDEX(CaProdutos[Un. Por Lote], MATCH(Ingredientes[[#This Row],[Produto]], CaProdutos[Item], 0)), """")","=IFERROR(
    INDEX(insumos[preço],MATCH(Ingredientes[[#This Row],[item]],insumos[item],0))
    /INDEX(insumos[quantidade],MATCH(Ingredientes[[#This Row],[item]],insumos[item],0))
    *Ingredientes[[#This Row],[qtd.]],
    IFERROR(
        INDEX(CaProdutos[Custo de Produção (1 un.)],MATCH(Ingredientes[[#This Row],[item]],CaProdutos[Item],0))
        *Ingredientes[[#This Row],[qtd.]],
        """"
    )
)",0,#N/A,,,,,,,,,,,,,,,
,,,"=IFERROR(
INDEX(insumos[ID],MATCH(Ingredientes[[#This Row],[item]],insumos[item],0)),
IFERROR(
INDEX(CaProdutos[ID],MATCH(Ingredientes[[#This Row],[item]],CaProdutos[Item],0)),
""""
))",,,"=IFERROR(
INDEX(insumos[medida],MATCH(Ingredientes[[#This Row],[item]],insumos[item],0)),
IFERROR(
IF(MATCH(Ingredientes[[#This Row],[item]],CaProdutos[Item],0)>0,""Unidades"",""""),
""""
))","=IFERROR(INDEX(CaProdutos[Un. Por Lote], MATCH(Ingredientes[[#This Row],[Produto]], CaProdutos[Item], 0)), """")","=IFERROR(
    INDEX(insumos[preço],MATCH(Ingredientes[[#This Row],[item]],insumos[item],0))
    /INDEX(insumos[quantidade],MATCH(Ingredientes[[#This Row],[item]],insumos[item],0))
    *Ingredientes[[#This Row],[qtd.]],
    IFERROR(
        INDEX(CaProdutos[Custo de Produção (1 un.)],MATCH(Ingredientes[[#This Row],[item]],CaProdutos[Item],0))
        *Ingredientes[[#This Row],[qtd.]],
        """"
    )
)",0,#N/A,,,,,,,,,,,,,,,
,,,"=IFERROR(
INDEX(insumos[ID],MATCH(Ingredientes[[#This Row],[item]],insumos[item],0)),
IFERROR(
INDEX(CaProdutos[ID],MATCH(Ingredientes[[#This Row],[item]],CaProdutos[Item],0)),
""""
))",,,"=IFERROR(
INDEX(insumos[medida],MATCH(Ingredientes[[#This Row],[item]],insumos[item],0)),
IFERROR(
IF(MATCH(Ingredientes[[#This Row],[item]],CaProdutos[Item],0)>0,""Unidades"",""""),
""""
))","=IFERROR(INDEX(CaProdutos[Un. Por Lote], MATCH(Ingredientes[[#This Row],[Produto]], CaProdutos[Item], 0)), """")","=IFERROR(
    INDEX(insumos[preço],MATCH(Ingredientes[[#This Row],[item]],insumos[item],0))
    /INDEX(insumos[quantidade],MATCH(Ingredientes[[#This Row],[item]],insumos[item],0))
    *Ingredientes[[#This Row],[qtd.]],
    IFERROR(
        INDEX(CaProdutos[Custo de Produção (1 un.)],MATCH(Ingredientes[[#This Row],[item]],CaProdutos[Item],0))
        *Ingredientes[[#This Row],[qtd.]],
        """"
    )
)",0,#N/A,,,,,,,,,,,,,,,
,,,"=IFERROR(
INDEX(insumos[ID],MATCH(Ingredientes[[#This Row],[item]],insumos[item],0)),
IFERROR(
INDEX(CaProdutos[ID],MATCH(Ingredientes[[#This Row],[item]],CaProdutos[Item],0)),
""""
))",,,"=IFERROR(
INDEX(insumos[medida],MATCH(Ingredientes[[#This Row],[item]],insumos[item],0)),
IFERROR(
IF(MATCH(Ingredientes[[#This Row],[item]],CaProdutos[Item],0)>0,""Unidades"",""""),
""""
))","=IFERROR(INDEX(CaProdutos[Un. Por Lote], MATCH(Ingredientes[[#This Row],[Produto]], CaProdutos[Item], 0)), """")","=IFERROR(
    INDEX(insumos[preço],MATCH(Ingredientes[[#This Row],[item]],insumos[item],0))
    /INDEX(insumos[quantidade],MATCH(Ingredientes[[#This Row],[item]],insumos[item],0))
    *Ingredientes[[#This Row],[qtd.]],
    IFERROR(
        INDEX(CaProdutos[Custo de Produção (1 un.)],MATCH(Ingredientes[[#This Row],[item]],CaProdutos[Item],0))
        *Ingredientes[[#This Row],[qtd.]],
        """"
    )
)",,,,,,,,,,,,,,,,,
,,,"=IFERROR(
INDEX(insumos[ID],MATCH(Ingredientes[[#This Row],[item]],insumos[item],0)),
IFERROR(
INDEX(CaProdutos[ID],MATCH(Ingredientes[[#This Row],[item]],CaProdutos[Item],0)),
""""
))",,,"=IFERROR(
INDEX(insumos[medida],MATCH(Ingredientes[[#This Row],[item]],insumos[item],0)),
IFERROR(
IF(MATCH(Ingredientes[[#This Row],[item]],CaProdutos[Item],0)>0,""Unidades"",""""),
""""
))","=IFERROR(INDEX(CaProdutos[Un. Por Lote], MATCH(Ingredientes[[#This Row],[Produto]], CaProdutos[Item], 0)), """")","=IFERROR(
    INDEX(insumos[preço],MATCH(Ingredientes[[#This Row],[item]],insumos[item],0))
    /INDEX(insumos[quantidade],MATCH(Ingredientes[[#This Row],[item]],insumos[item],0))
    *Ingredientes[[#This Row],[qtd.]],
    IFERROR(
        INDEX(CaProdutos[Custo de Produção (1 un.)],MATCH(Ingredientes[[#This Row],[item]],CaProdutos[Item],0))
        *Ingredientes[[#This Row],[qtd.]],
        """"
    )
)",,,,,,,,,,,,,,,,,
,,,"=IFERROR(
INDEX(insumos[ID],MATCH(Ingredientes[[#This Row],[item]],insumos[item],0)),
IFERROR(
INDEX(CaProdutos[ID],MATCH(Ingredientes[[#This Row],[item]],CaProdutos[Item],0)),
""""
))",,,"=IFERROR(
INDEX(insumos[medida],MATCH(Ingredientes[[#This Row],[item]],insumos[item],0)),
IFERROR(
IF(MATCH(Ingredientes[[#This Row],[item]],CaProdutos[Item],0)>0,""Unidades"",""""),
""""
))","=IFERROR(INDEX(CaProdutos[Un. Por Lote], MATCH(Ingredientes[[#This Row],[Produto]], CaProdutos[Item], 0)), """")","=IFERROR(
    INDEX(insumos[preço],MATCH(Ingredientes[[#This Row],[item]],insumos[item],0))
    /INDEX(insumos[quantidade],MATCH(Ingredientes[[#This Row],[item]],insumos[item],0))
    *Ingredientes[[#This Row],[qtd.]],
    IFERROR(
        INDEX(CaProdutos[Custo de Produção (1 un.)],MATCH(Ingredientes[[#This Row],[item]],CaProdutos[Item],0))
        *Ingredientes[[#This Row],[qtd.]],
        """"
    )
)",,,,,,,,,,,,,,,,,
,,,"=IFERROR(
INDEX(insumos[ID],MATCH(Ingredientes[[#This Row],[item]],insumos[item],0)),
IFERROR(
INDEX(CaProdutos[ID],MATCH(Ingredientes[[#This Row],[item]],CaProdutos[Item],0)),
""""
))",,,"=IFERROR(
INDEX(insumos[medida],MATCH(Ingredientes[[#This Row],[item]],insumos[item],0)),
IFERROR(
IF(MATCH(Ingredientes[[#This Row],[item]],CaProdutos[Item],0)>0,""Unidades"",""""),
""""
))","=IFERROR(INDEX(CaProdutos[Un. Por Lote], MATCH(Ingredientes[[#This Row],[Produto]], CaProdutos[Item], 0)), """")","=IFERROR(
    INDEX(insumos[preço],MATCH(Ingredientes[[#This Row],[item]],insumos[item],0))
    /INDEX(insumos[quantidade],MATCH(Ingredientes[[#This Row],[item]],insumos[item],0))
    *Ingredientes[[#This Row],[qtd.]],
    IFERROR(
        INDEX(CaProdutos[Custo de Produção (1 un.)],MATCH(Ingredientes[[#This Row],[item]],CaProdutos[Item],0))
        *Ingredientes[[#This Row],[qtd.]],
        """"
    )
)",,,,,,,,,,,,,,,,,
,,,"=IFERROR(
INDEX(insumos[ID],MATCH(Ingredientes[[#This Row],[item]],insumos[item],0)),
IFERROR(
INDEX(CaProdutos[ID],MATCH(Ingredientes[[#This Row],[item]],CaProdutos[Item],0)),
""""
))",,,"=IFERROR(
INDEX(insumos[medida],MATCH(Ingredientes[[#This Row],[item]],insumos[item],0)),
IFERROR(
IF(MATCH(Ingredientes[[#This Row],[item]],CaProdutos[Item],0)>0,""Unidades"",""""),
""""
))","=IFERROR(INDEX(CaProdutos[Un. Por Lote], MATCH(Ingredientes[[#This Row],[Produto]], CaProdutos[Item], 0)), """")","=IFERROR(
    INDEX(insumos[preço],MATCH(Ingredientes[[#This Row],[item]],insumos[item],0))
    /INDEX(insumos[quantidade],MATCH(Ingredientes[[#This Row],[item]],insumos[item],0))
    *Ingredientes[[#This Row],[qtd.]],
    IFERROR(
        INDEX(CaProdutos[Custo de Produção (1 un.)],MATCH(Ingredientes[[#This Row],[item]],CaProdutos[Item],0))
        *Ingredientes[[#This Row],[qtd.]],
        """"
    )
)",,,,,,,,,,,,,,,,,
,,,"=IFERROR(
INDEX(insumos[ID],MATCH(Ingredientes[[#This Row],[item]],insumos[item],0)),
IFERROR(
INDEX(CaProdutos[ID],MATCH(Ingredientes[[#This Row],[item]],CaProdutos[Item],0)),
""""
))",,,"=IFERROR(
INDEX(insumos[medida],MATCH(Ingredientes[[#This Row],[item]],insumos[item],0)),
IFERROR(
IF(MATCH(Ingredientes[[#This Row],[item]],CaProdutos[Item],0)>0,""Unidades"",""""),
""""
))","=IFERROR(INDEX(CaProdutos[Un. Por Lote], MATCH(Ingredientes[[#This Row],[Produto]], CaProdutos[Item], 0)), """")","=IFERROR(
    INDEX(insumos[preço],MATCH(Ingredientes[[#This Row],[item]],insumos[item],0))
    /INDEX(insumos[quantidade],MATCH(Ingredientes[[#This Row],[item]],insumos[item],0))
    *Ingredientes[[#This Row],[qtd.]],
    IFERROR(
        INDEX(CaProdutos[Custo de Produção (1 un.)],MATCH(Ingredientes[[#This Row],[item]],CaProdutos[Item],0))
        *Ingredientes[[#This Row],[qtd.]],
        """"
    )
)",,,,,,,,,,,,,,,,,
,,,"=IFERROR(
INDEX(insumos[ID],MATCH(Ingredientes[[#This Row],[item]],insumos[item],0)),
IFERROR(
INDEX(CaProdutos[ID],MATCH(Ingredientes[[#This Row],[item]],CaProdutos[Item],0)),
""""
))",,,"=IFERROR(
INDEX(insumos[medida],MATCH(Ingredientes[[#This Row],[item]],insumos[item],0)),
IFERROR(
IF(MATCH(Ingredientes[[#This Row],[item]],CaProdutos[Item],0)>0,""Unidades"",""""),
""""
))","=IFERROR(INDEX(CaProdutos[Un. Por Lote], MATCH(Ingredientes[[#This Row],[Produto]], CaProdutos[Item], 0)), """")","=IFERROR(
    INDEX(insumos[preço],MATCH(Ingredientes[[#This Row],[item]],insumos[item],0))
    /INDEX(insumos[quantidade],MATCH(Ingredientes[[#This Row],[item]],insumos[item],0))
    *Ingredientes[[#This Row],[qtd.]],
    IFERROR(
        INDEX(CaProdutos[Custo de Produção (1 un.)],MATCH(Ingredientes[[#This Row],[item]],CaProdutos[Item],0))
        *Ingredientes[[#This Row],[qtd.]],
        """"
    )
)",,,,,,,,,,,,,,,,,
,,,"=IFERROR(
INDEX(insumos[ID],MATCH(Ingredientes[[#This Row],[item]],insumos[item],0)),
IFERROR(
INDEX(CaProdutos[ID],MATCH(Ingredientes[[#This Row],[item]],CaProdutos[Item],0)),
""""
))",,,"=IFERROR(
INDEX(insumos[medida],MATCH(Ingredientes[[#This Row],[item]],insumos[item],0)),
IFERROR(
IF(MATCH(Ingredientes[[#This Row],[item]],CaProdutos[Item],0)>0,""Unidades"",""""),
""""
))","=IFERROR(INDEX(CaProdutos[Un. Por Lote], MATCH(Ingredientes[[#This Row],[Produto]], CaProdutos[Item], 0)), """")","=IFERROR(
    INDEX(insumos[preço],MATCH(Ingredientes[[#This Row],[item]],insumos[item],0))
    /INDEX(insumos[quantidade],MATCH(Ingredientes[[#This Row],[item]],insumos[item],0))
    *Ingredientes[[#This Row],[qtd.]],
    IFERROR(
        INDEX(CaProdutos[Custo de Produção (1 un.)],MATCH(Ingredientes[[#This Row],[item]],CaProdutos[Item],0))
        *Ingredientes[[#This Row],[qtd.]],
        """"
    )
)",,,,,,,,,,,,,,,,,
,,,"=IFERROR(
INDEX(insumos[ID],MATCH(Ingredientes[[#This Row],[item]],insumos[item],0)),
IFERROR(
INDEX(CaProdutos[ID],MATCH(Ingredientes[[#This Row],[item]],CaProdutos[Item],0)),
""""
))",,,"=IFERROR(
INDEX(insumos[medida],MATCH(Ingredientes[[#This Row],[item]],insumos[item],0)),
IFERROR(
IF(MATCH(Ingredientes[[#This Row],[item]],CaProdutos[Item],0)>0,""Unidades"",""""),
""""
))","=IFERROR(INDEX(CaProdutos[Un. Por Lote], MATCH(Ingredientes[[#This Row],[Produto]], CaProdutos[Item], 0)), """")","=IFERROR(
    INDEX(insumos[preço],MATCH(Ingredientes[[#This Row],[item]],insumos[item],0))
    /INDEX(insumos[quantidade],MATCH(Ingredientes[[#This Row],[item]],insumos[item],0))
    *Ingredientes[[#This Row],[qtd.]],
    IFERROR(
        INDEX(CaProdutos[Custo de Produção (1 un.)],MATCH(Ingredientes[[#This Row],[item]],CaProdutos[Item],0))
        *Ingredientes[[#This Row],[qtd.]],
        """"
    )
)",,,,,,,,,,,,,,,,,
,,,"=IFERROR(
INDEX(insumos[ID],MATCH(Ingredientes[[#This Row],[item]],insumos[item],0)),
IFERROR(
INDEX(CaProdutos[ID],MATCH(Ingredientes[[#This Row],[item]],CaProdutos[Item],0)),
""""
))",,,"=IFERROR(
INDEX(insumos[medida],MATCH(Ingredientes[[#This Row],[item]],insumos[item],0)),
IFERROR(
IF(MATCH(Ingredientes[[#This Row],[item]],CaProdutos[Item],0)>0,""Unidades"",""""),
""""
))","=IFERROR(INDEX(CaProdutos[Un. Por Lote], MATCH(Ingredientes[[#This Row],[Produto]], CaProdutos[Item], 0)), """")","=IFERROR(
    INDEX(insumos[preço],MATCH(Ingredientes[[#This Row],[item]],insumos[item],0))
    /INDEX(insumos[quantidade],MATCH(Ingredientes[[#This Row],[item]],insumos[item],0))
    *Ingredientes[[#This Row],[qtd.]],
    IFERROR(
        INDEX(CaProdutos[Custo de Produção (1 un.)],MATCH(Ingredientes[[#This Row],[item]],CaProdutos[Item],0))
        *Ingredientes[[#This Row],[qtd.]],
        """"
    )
)",,,,,,,,,,,,,,,,,
,,,"=IFERROR(
INDEX(insumos[ID],MATCH(Ingredientes[[#This Row],[item]],insumos[item],0)),
IFERROR(
INDEX(CaProdutos[ID],MATCH(Ingredientes[[#This Row],[item]],CaProdutos[Item],0)),
""""
))",,,"=IFERROR(
INDEX(insumos[medida],MATCH(Ingredientes[[#This Row],[item]],insumos[item],0)),
IFERROR(
IF(MATCH(Ingredientes[[#This Row],[item]],CaProdutos[Item],0)>0,""Unidades"",""""),
""""
))","=IFERROR(INDEX(CaProdutos[Un. Por Lote], MATCH(Ingredientes[[#This Row],[Produto]], CaProdutos[Item], 0)), """")","=IFERROR(
    INDEX(insumos[preço],MATCH(Ingredientes[[#This Row],[item]],insumos[item],0))
    /INDEX(insumos[quantidade],MATCH(Ingredientes[[#This Row],[item]],insumos[item],0))
    *Ingredientes[[#This Row],[qtd.]],
    IFERROR(
        INDEX(CaProdutos[Custo de Produção (1 un.)],MATCH(Ingredientes[[#This Row],[item]],CaProdutos[Item],0))
        *Ingredientes[[#This Row],[qtd.]],
        """"
    )
)",,,,,,,,,,,,,,,,,
,,,"=IFERROR(
INDEX(insumos[ID],MATCH(Ingredientes[[#This Row],[item]],insumos[item],0)),
IFERROR(
INDEX(CaProdutos[ID],MATCH(Ingredientes[[#This Row],[item]],CaProdutos[Item],0)),
""""
))",,,"=IFERROR(
INDEX(insumos[medida],MATCH(Ingredientes[[#This Row],[item]],insumos[item],0)),
IFERROR(
IF(MATCH(Ingredientes[[#This Row],[item]],CaProdutos[Item],0)>0,""Unidades"",""""),
""""
))","=IFERROR(INDEX(CaProdutos[Un. Por Lote], MATCH(Ingredientes[[#This Row],[Produto]], CaProdutos[Item], 0)), """")","=IFERROR(
    INDEX(insumos[preço],MATCH(Ingredientes[[#This Row],[item]],insumos[item],0))
    /INDEX(insumos[quantidade],MATCH(Ingredientes[[#This Row],[item]],insumos[item],0))
    *Ingredientes[[#This Row],[qtd.]],
    IFERROR(
        INDEX(CaProdutos[Custo de Produção (1 un.)],MATCH(Ingredientes[[#This Row],[item]],CaProdutos[Item],0))
        *Ingredientes[[#This Row],[qtd.]],
        """"
    )
)",,,,,,,,,,,,,,,,,
,,,"=IFERROR(
INDEX(insumos[ID],MATCH(Ingredientes[[#This Row],[item]],insumos[item],0)),
IFERROR(
INDEX(CaProdutos[ID],MATCH(Ingredientes[[#This Row],[item]],CaProdutos[Item],0)),
""""
))",,,"=IFERROR(
INDEX(insumos[medida],MATCH(Ingredientes[[#This Row],[item]],insumos[item],0)),
IFERROR(
IF(MATCH(Ingredientes[[#This Row],[item]],CaProdutos[Item],0)>0,""Unidades"",""""),
""""
))","=IFERROR(INDEX(CaProdutos[Un. Por Lote], MATCH(Ingredientes[[#This Row],[Produto]], CaProdutos[Item], 0)), """")","=IFERROR(
    INDEX(insumos[preço],MATCH(Ingredientes[[#This Row],[item]],insumos[item],0))
    /INDEX(insumos[quantidade],MATCH(Ingredientes[[#This Row],[item]],insumos[item],0))
    *Ingredientes[[#This Row],[qtd.]],
    IFERROR(
        INDEX(CaProdutos[Custo de Produção (1 un.)],MATCH(Ingredientes[[#This Row],[item]],CaProdutos[Item],0))
        *Ingredientes[[#This Row],[qtd.]],
        """"
    )
)",,,,,,,,,,,,,,,,,
,,,"=IFERROR(
INDEX(insumos[ID],MATCH(Ingredientes[[#This Row],[item]],insumos[item],0)),
IFERROR(
INDEX(CaProdutos[ID],MATCH(Ingredientes[[#This Row],[item]],CaProdutos[Item],0)),
""""
))",,,"=IFERROR(
INDEX(insumos[medida],MATCH(Ingredientes[[#This Row],[item]],insumos[item],0)),
IFERROR(
IF(MATCH(Ingredientes[[#This Row],[item]],CaProdutos[Item],0)>0,""Unidades"",""""),
""""
))","=IFERROR(INDEX(CaProdutos[Un. Por Lote], MATCH(Ingredientes[[#This Row],[Produto]], CaProdutos[Item], 0)), """")","=IFERROR(
    INDEX(insumos[preço],MATCH(Ingredientes[[#This Row],[item]],insumos[item],0))
    /INDEX(insumos[quantidade],MATCH(Ingredientes[[#This Row],[item]],insumos[item],0))
    *Ingredientes[[#This Row],[qtd.]],
    IFERROR(
        INDEX(CaProdutos[Custo de Produção (1 un.)],MATCH(Ingredientes[[#This Row],[item]],CaProdutos[Item],0))
        *Ingredientes[[#This Row],[qtd.]],
        """"
    )
)",,,,,,,,,,,,,,,,,
,,,"=IFERROR(
INDEX(insumos[ID],MATCH(Ingredientes[[#This Row],[item]],insumos[item],0)),
IFERROR(
INDEX(CaProdutos[ID],MATCH(Ingredientes[[#This Row],[item]],CaProdutos[Item],0)),
""""
))",,,"=IFERROR(
INDEX(insumos[medida],MATCH(Ingredientes[[#This Row],[item]],insumos[item],0)),
IFERROR(
IF(MATCH(Ingredientes[[#This Row],[item]],CaProdutos[Item],0)>0,""Unidades"",""""),
""""
))","=IFERROR(INDEX(CaProdutos[Un. Por Lote], MATCH(Ingredientes[[#This Row],[Produto]], CaProdutos[Item], 0)), """")","=IFERROR(
    INDEX(insumos[preço],MATCH(Ingredientes[[#This Row],[item]],insumos[item],0))
    /INDEX(insumos[quantidade],MATCH(Ingredientes[[#This Row],[item]],insumos[item],0))
    *Ingredientes[[#This Row],[qtd.]],
    IFERROR(
        INDEX(CaProdutos[Custo de Produção (1 un.)],MATCH(Ingredientes[[#This Row],[item]],CaProdutos[Item],0))
        *Ingredientes[[#This Row],[qtd.]],
        """"
    )
)",,,,,,,,,,,,,,,,,
,,,"=IFERROR(
INDEX(insumos[ID],MATCH(Ingredientes[[#This Row],[item]],insumos[item],0)),
IFERROR(
INDEX(CaProdutos[ID],MATCH(Ingredientes[[#This Row],[item]],CaProdutos[Item],0)),
""""
))",,,"=IFERROR(
INDEX(insumos[medida],MATCH(Ingredientes[[#This Row],[item]],insumos[item],0)),
IFERROR(
IF(MATCH(Ingredientes[[#This Row],[item]],CaProdutos[Item],0)>0,""Unidades"",""""),
""""
))","=IFERROR(INDEX(CaProdutos[Un. Por Lote], MATCH(Ingredientes[[#This Row],[Produto]], CaProdutos[Item], 0)), """")","=IFERROR(
    INDEX(insumos[preço],MATCH(Ingredientes[[#This Row],[item]],insumos[item],0))
    /INDEX(insumos[quantidade],MATCH(Ingredientes[[#This Row],[item]],insumos[item],0))
    *Ingredientes[[#This Row],[qtd.]],
    IFERROR(
        INDEX(CaProdutos[Custo de Produção (1 un.)],MATCH(Ingredientes[[#This Row],[item]],CaProdutos[Item],0))
        *Ingredientes[[#This Row],[qtd.]],
        """"
    )
)",,,,,,,,,,,,,,,,,
,,,"=IFERROR(
INDEX(insumos[ID],MATCH(Ingredientes[[#This Row],[item]],insumos[item],0)),
IFERROR(
INDEX(CaProdutos[ID],MATCH(Ingredientes[[#This Row],[item]],CaProdutos[Item],0)),
""""
))",,,"=IFERROR(
INDEX(insumos[medida],MATCH(Ingredientes[[#This Row],[item]],insumos[item],0)),
IFERROR(
IF(MATCH(Ingredientes[[#This Row],[item]],CaProdutos[Item],0)>0,""Unidades"",""""),
""""
))","=IFERROR(INDEX(CaProdutos[Un. Por Lote], MATCH(Ingredientes[[#This Row],[Produto]], CaProdutos[Item], 0)), """")","=IFERROR(
    INDEX(insumos[preço],MATCH(Ingredientes[[#This Row],[item]],insumos[item],0))
    /INDEX(insumos[quantidade],MATCH(Ingredientes[[#This Row],[item]],insumos[item],0))
    *Ingredientes[[#This Row],[qtd.]],
    IFERROR(
        INDEX(CaProdutos[Custo de Produção (1 un.)],MATCH(Ingredientes[[#This Row],[item]],CaProdutos[Item],0))
        *Ingredientes[[#This Row],[qtd.]],
        """"
    )
)",,,,,,,,,,,,,,,,,
,,,"=IFERROR(
INDEX(insumos[ID],MATCH(Ingredientes[[#This Row],[item]],insumos[item],0)),
IFERROR(
INDEX(CaProdutos[ID],MATCH(Ingredientes[[#This Row],[item]],CaProdutos[Item],0)),
""""
))",,,"=IFERROR(
INDEX(insumos[medida],MATCH(Ingredientes[[#This Row],[item]],insumos[item],0)),
IFERROR(
IF(MATCH(Ingredientes[[#This Row],[item]],CaProdutos[Item],0)>0,""Unidades"",""""),
""""
))","=IFERROR(INDEX(CaProdutos[Un. Por Lote], MATCH(Ingredientes[[#This Row],[Produto]], CaProdutos[Item], 0)), """")","=IFERROR(
    INDEX(insumos[preço],MATCH(Ingredientes[[#This Row],[item]],insumos[item],0))
    /INDEX(insumos[quantidade],MATCH(Ingredientes[[#This Row],[item]],insumos[item],0))
    *Ingredientes[[#This Row],[qtd.]],
    IFERROR(
        INDEX(CaProdutos[Custo de Produção (1 un.)],MATCH(Ingredientes[[#This Row],[item]],CaProdutos[Item],0))
        *Ingredientes[[#This Row],[qtd.]],
        """"
    )
)",,,,,,,,,,,,,,,,,
,,,"=IFERROR(
INDEX(insumos[ID],MATCH(Ingredientes[[#This Row],[item]],insumos[item],0)),
IFERROR(
INDEX(CaProdutos[ID],MATCH(Ingredientes[[#This Row],[item]],CaProdutos[Item],0)),
""""
))",,,"=IFERROR(
INDEX(insumos[medida],MATCH(Ingredientes[[#This Row],[item]],insumos[item],0)),
IFERROR(
IF(MATCH(Ingredientes[[#This Row],[item]],CaProdutos[Item],0)>0,""Unidades"",""""),
""""
))","=IFERROR(INDEX(CaProdutos[Un. Por Lote], MATCH(Ingredientes[[#This Row],[Produto]], CaProdutos[Item], 0)), """")","=IFERROR(
    INDEX(insumos[preço],MATCH(Ingredientes[[#This Row],[item]],insumos[item],0))
    /INDEX(insumos[quantidade],MATCH(Ingredientes[[#This Row],[item]],insumos[item],0))
    *Ingredientes[[#This Row],[qtd.]],
    IFERROR(
        INDEX(CaProdutos[Custo de Produção (1 un.)],MATCH(Ingredientes[[#This Row],[item]],CaProdutos[Item],0))
        *Ingredientes[[#This Row],[qtd.]],
        """"
    )
)",,,,,,,,,,,,,,,,,
,,,"=IFERROR(
INDEX(insumos[ID],MATCH(Ingredientes[[#This Row],[item]],insumos[item],0)),
IFERROR(
INDEX(CaProdutos[ID],MATCH(Ingredientes[[#This Row],[item]],CaProdutos[Item],0)),
""""
))",,,"=IFERROR(
INDEX(insumos[medida],MATCH(Ingredientes[[#This Row],[item]],insumos[item],0)),
IFERROR(
IF(MATCH(Ingredientes[[#This Row],[item]],CaProdutos[Item],0)>0,""Unidades"",""""),
""""
))","=IFERROR(INDEX(CaProdutos[Un. Por Lote], MATCH(Ingredientes[[#This Row],[Produto]], CaProdutos[Item], 0)), """")","=IFERROR(
    INDEX(insumos[preço],MATCH(Ingredientes[[#This Row],[item]],insumos[item],0))
    /INDEX(insumos[quantidade],MATCH(Ingredientes[[#This Row],[item]],insumos[item],0))
    *Ingredientes[[#This Row],[qtd.]],
    IFERROR(
        INDEX(CaProdutos[Custo de Produção (1 un.)],MATCH(Ingredientes[[#This Row],[item]],CaProdutos[Item],0))
        *Ingredientes[[#This Row],[qtd.]],
        """"
    )
)",,,,,,,,,,,,,,,,,
,,,"=IFERROR(
INDEX(insumos[ID],MATCH(Ingredientes[[#This Row],[item]],insumos[item],0)),
IFERROR(
INDEX(CaProdutos[ID],MATCH(Ingredientes[[#This Row],[item]],CaProdutos[Item],0)),
""""
))",,,"=IFERROR(
INDEX(insumos[medida],MATCH(Ingredientes[[#This Row],[item]],insumos[item],0)),
IFERROR(
IF(MATCH(Ingredientes[[#This Row],[item]],CaProdutos[Item],0)>0,""Unidades"",""""),
""""
))","=IFERROR(INDEX(CaProdutos[Un. Por Lote], MATCH(Ingredientes[[#This Row],[Produto]], CaProdutos[Item], 0)), """")","=IFERROR(
    INDEX(insumos[preço],MATCH(Ingredientes[[#This Row],[item]],insumos[item],0))
    /INDEX(insumos[quantidade],MATCH(Ingredientes[[#This Row],[item]],insumos[item],0))
    *Ingredientes[[#This Row],[qtd.]],
    IFERROR(
        INDEX(CaProdutos[Custo de Produção (1 un.)],MATCH(Ingredientes[[#This Row],[item]],CaProdutos[Item],0))
        *Ingredientes[[#This Row],[qtd.]],
        """"
    )
)",,,,,,,,,,,,,,,,,
,,,"=IFERROR(
INDEX(insumos[ID],MATCH(Ingredientes[[#This Row],[item]],insumos[item],0)),
IFERROR(
INDEX(CaProdutos[ID],MATCH(Ingredientes[[#This Row],[item]],CaProdutos[Item],0)),
""""
))",,,"=IFERROR(
INDEX(insumos[medida],MATCH(Ingredientes[[#This Row],[item]],insumos[item],0)),
IFERROR(
IF(MATCH(Ingredientes[[#This Row],[item]],CaProdutos[Item],0)>0,""Unidades"",""""),
""""
))","=IFERROR(INDEX(CaProdutos[Un. Por Lote], MATCH(Ingredientes[[#This Row],[Produto]], CaProdutos[Item], 0)), """")","=IFERROR(
    INDEX(insumos[preço],MATCH(Ingredientes[[#This Row],[item]],insumos[item],0))
    /INDEX(insumos[quantidade],MATCH(Ingredientes[[#This Row],[item]],insumos[item],0))
    *Ingredientes[[#This Row],[qtd.]],
    IFERROR(
        INDEX(CaProdutos[Custo de Produção (1 un.)],MATCH(Ingredientes[[#This Row],[item]],CaProdutos[Item],0))
        *Ingredientes[[#This Row],[qtd.]],
        """"
    )
)",,,,,,,,,,,,,,,,,
,,,"=IFERROR(
INDEX(insumos[ID],MATCH(Ingredientes[[#This Row],[item]],insumos[item],0)),
IFERROR(
INDEX(CaProdutos[ID],MATCH(Ingredientes[[#This Row],[item]],CaProdutos[Item],0)),
""""
))",,,"=IFERROR(
INDEX(insumos[medida],MATCH(Ingredientes[[#This Row],[item]],insumos[item],0)),
IFERROR(
IF(MATCH(Ingredientes[[#This Row],[item]],CaProdutos[Item],0)>0,""Unidades"",""""),
""""
))","=IFERROR(INDEX(CaProdutos[Un. Por Lote], MATCH(Ingredientes[[#This Row],[Produto]], CaProdutos[Item], 0)), """")","=IFERROR(
    INDEX(insumos[preço],MATCH(Ingredientes[[#This Row],[item]],insumos[item],0))
    /INDEX(insumos[quantidade],MATCH(Ingredientes[[#This Row],[item]],insumos[item],0))
    *Ingredientes[[#This Row],[qtd.]],
    IFERROR(
        INDEX(CaProdutos[Custo de Produção (1 un.)],MATCH(Ingredientes[[#This Row],[item]],CaProdutos[Item],0))
        *Ingredientes[[#This Row],[qtd.]],
        """"
    )
)",,,,,,,,,,,,,,,,,
,,,"=IFERROR(
INDEX(insumos[ID],MATCH(Ingredientes[[#This Row],[item]],insumos[item],0)),
IFERROR(
INDEX(CaProdutos[ID],MATCH(Ingredientes[[#This Row],[item]],CaProdutos[Item],0)),
""""
))",,,"=IFERROR(
INDEX(insumos[medida],MATCH(Ingredientes[[#This Row],[item]],insumos[item],0)),
IFERROR(
IF(MATCH(Ingredientes[[#This Row],[item]],CaProdutos[Item],0)>0,""Unidades"",""""),
""""
))","=IFERROR(INDEX(CaProdutos[Un. Por Lote], MATCH(Ingredientes[[#This Row],[Produto]], CaProdutos[Item], 0)), """")","=IFERROR(
    INDEX(insumos[preço],MATCH(Ingredientes[[#This Row],[item]],insumos[item],0))
    /INDEX(insumos[quantidade],MATCH(Ingredientes[[#This Row],[item]],insumos[item],0))
    *Ingredientes[[#This Row],[qtd.]],
    IFERROR(
        INDEX(CaProdutos[Custo de Produção (1 un.)],MATCH(Ingredientes[[#This Row],[item]],CaProdutos[Item],0))
        *Ingredientes[[#This Row],[qtd.]],
        """"
    )
)",,,,,,,,,,,,,,,,,
,,,"=IFERROR(
INDEX(insumos[ID],MATCH(Ingredientes[[#This Row],[item]],insumos[item],0)),
IFERROR(
INDEX(CaProdutos[ID],MATCH(Ingredientes[[#This Row],[item]],CaProdutos[Item],0)),
""""
))",,,"=IFERROR(
INDEX(insumos[medida],MATCH(Ingredientes[[#This Row],[item]],insumos[item],0)),
IFERROR(
IF(MATCH(Ingredientes[[#This Row],[item]],CaProdutos[Item],0)>0,""Unidades"",""""),
""""
))","=IFERROR(INDEX(CaProdutos[Un. Por Lote], MATCH(Ingredientes[[#This Row],[Produto]], CaProdutos[Item], 0)), """")","=IFERROR(
    INDEX(insumos[preço],MATCH(Ingredientes[[#This Row],[item]],insumos[item],0))
    /INDEX(insumos[quantidade],MATCH(Ingredientes[[#This Row],[item]],insumos[item],0))
    *Ingredientes[[#This Row],[qtd.]],
    IFERROR(
        INDEX(CaProdutos[Custo de Produção (1 un.)],MATCH(Ingredientes[[#This Row],[item]],CaProdutos[Item],0))
        *Ingredientes[[#This Row],[qtd.]],
        """"
    )
)",,,,,,,,,,,,,,,,,
,,,"=IFERROR(
INDEX(insumos[ID],MATCH(Ingredientes[[#This Row],[item]],insumos[item],0)),
IFERROR(
INDEX(CaProdutos[ID],MATCH(Ingredientes[[#This Row],[item]],CaProdutos[Item],0)),
""""
))",,,"=IFERROR(
INDEX(insumos[medida],MATCH(Ingredientes[[#This Row],[item]],insumos[item],0)),
IFERROR(
IF(MATCH(Ingredientes[[#This Row],[item]],CaProdutos[Item],0)>0,""Unidades"",""""),
""""
))","=IFERROR(INDEX(CaProdutos[Un. Por Lote], MATCH(Ingredientes[[#This Row],[Produto]], CaProdutos[Item], 0)), """")","=IFERROR(
    INDEX(insumos[preço],MATCH(Ingredientes[[#This Row],[item]],insumos[item],0))
    /INDEX(insumos[quantidade],MATCH(Ingredientes[[#This Row],[item]],insumos[item],0))
    *Ingredientes[[#This Row],[qtd.]],
    IFERROR(
        INDEX(CaProdutos[Custo de Produção (1 un.)],MATCH(Ingredientes[[#This Row],[item]],CaProdutos[Item],0))
        *Ingredientes[[#This Row],[qtd.]],
        """"
    )
)",,,,,,,,,,,,,,,,,
,,,"=IFERROR(
INDEX(insumos[ID],MATCH(Ingredientes[[#This Row],[item]],insumos[item],0)),
IFERROR(
INDEX(CaProdutos[ID],MATCH(Ingredientes[[#This Row],[item]],CaProdutos[Item],0)),
""""
))",,,"=IFERROR(
INDEX(insumos[medida],MATCH(Ingredientes[[#This Row],[item]],insumos[item],0)),
IFERROR(
IF(MATCH(Ingredientes[[#This Row],[item]],CaProdutos[Item],0)>0,""Unidades"",""""),
""""
))","=IFERROR(INDEX(CaProdutos[Un. Por Lote], MATCH(Ingredientes[[#This Row],[Produto]], CaProdutos[Item], 0)), """")","=IFERROR(
    INDEX(insumos[preço],MATCH(Ingredientes[[#This Row],[item]],insumos[item],0))
    /INDEX(insumos[quantidade],MATCH(Ingredientes[[#This Row],[item]],insumos[item],0))
    *Ingredientes[[#This Row],[qtd.]],
    IFERROR(
        INDEX(CaProdutos[Custo de Produção (1 un.)],MATCH(Ingredientes[[#This Row],[item]],CaProdutos[Item],0))
        *Ingredientes[[#This Row],[qtd.]],
        """"
    )
)",,,,,,,,,,,,,,,,,
,,,"=IFERROR(
INDEX(insumos[ID],MATCH(Ingredientes[[#This Row],[item]],insumos[item],0)),
IFERROR(
INDEX(CaProdutos[ID],MATCH(Ingredientes[[#This Row],[item]],CaProdutos[Item],0)),
""""
))",,,"=IFERROR(
INDEX(insumos[medida],MATCH(Ingredientes[[#This Row],[item]],insumos[item],0)),
IFERROR(
IF(MATCH(Ingredientes[[#This Row],[item]],CaProdutos[Item],0)>0,""Unidades"",""""),
""""
))","=IFERROR(INDEX(CaProdutos[Un. Por Lote], MATCH(Ingredientes[[#This Row],[Produto]], CaProdutos[Item], 0)), """")","=IFERROR(
    INDEX(insumos[preço],MATCH(Ingredientes[[#This Row],[item]],insumos[item],0))
    /INDEX(insumos[quantidade],MATCH(Ingredientes[[#This Row],[item]],insumos[item],0))
    *Ingredientes[[#This Row],[qtd.]],
    IFERROR(
        INDEX(CaProdutos[Custo de Produção (1 un.)],MATCH(Ingredientes[[#This Row],[item]],CaProdutos[Item],0))
        *Ingredientes[[#This Row],[qtd.]],
        """"
    )
)",,,,,,,,,,,,,,,,,
,,,"=IFERROR(
INDEX(insumos[ID],MATCH(Ingredientes[[#This Row],[item]],insumos[item],0)),
IFERROR(
INDEX(CaProdutos[ID],MATCH(Ingredientes[[#This Row],[item]],CaProdutos[Item],0)),
""""
))",,,"=IFERROR(
INDEX(insumos[medida],MATCH(Ingredientes[[#This Row],[item]],insumos[item],0)),
IFERROR(
IF(MATCH(Ingredientes[[#This Row],[item]],CaProdutos[Item],0)>0,""Unidades"",""""),
""""
))","=IFERROR(INDEX(CaProdutos[Un. Por Lote], MATCH(Ingredientes[[#This Row],[Produto]], CaProdutos[Item], 0)), """")","=IFERROR(
    INDEX(insumos[preço],MATCH(Ingredientes[[#This Row],[item]],insumos[item],0))
    /INDEX(insumos[quantidade],MATCH(Ingredientes[[#This Row],[item]],insumos[item],0))
    *Ingredientes[[#This Row],[qtd.]],
    IFERROR(
        INDEX(CaProdutos[Custo de Produção (1 un.)],MATCH(Ingredientes[[#This Row],[item]],CaProdutos[Item],0))
        *Ingredientes[[#This Row],[qtd.]],
        """"
    )
)",,,,,,,,,,,,,,,,,
,,,"=IFERROR(
INDEX(insumos[ID],MATCH(Ingredientes[[#This Row],[item]],insumos[item],0)),
IFERROR(
INDEX(CaProdutos[ID],MATCH(Ingredientes[[#This Row],[item]],CaProdutos[Item],0)),
""""
))",,,"=IFERROR(
INDEX(insumos[medida],MATCH(Ingredientes[[#This Row],[item]],insumos[item],0)),
IFERROR(
IF(MATCH(Ingredientes[[#This Row],[item]],CaProdutos[Item],0)>0,""Unidades"",""""),
""""
))","=IFERROR(INDEX(CaProdutos[Un. Por Lote], MATCH(Ingredientes[[#This Row],[Produto]], CaProdutos[Item], 0)), """")","=IFERROR(
    INDEX(insumos[preço],MATCH(Ingredientes[[#This Row],[item]],insumos[item],0))
    /INDEX(insumos[quantidade],MATCH(Ingredientes[[#This Row],[item]],insumos[item],0))
    *Ingredientes[[#This Row],[qtd.]],
    IFERROR(
        INDEX(CaProdutos[Custo de Produção (1 un.)],MATCH(Ingredientes[[#This Row],[item]],CaProdutos[Item],0))
        *Ingredientes[[#This Row],[qtd.]],
        """"
    )
)",,,,,,,,,,,,,,,,,
,,,"=IFERROR(
INDEX(insumos[ID],MATCH(Ingredientes[[#This Row],[item]],insumos[item],0)),
IFERROR(
INDEX(CaProdutos[ID],MATCH(Ingredientes[[#This Row],[item]],CaProdutos[Item],0)),
""""
))",,,"=IFERROR(
INDEX(insumos[medida],MATCH(Ingredientes[[#This Row],[item]],insumos[item],0)),
IFERROR(
IF(MATCH(Ingredientes[[#This Row],[item]],CaProdutos[Item],0)>0,""Unidades"",""""),
""""
))","=IFERROR(INDEX(CaProdutos[Un. Por Lote], MATCH(Ingredientes[[#This Row],[Produto]], CaProdutos[Item], 0)), """")","=IFERROR(
    INDEX(insumos[preço],MATCH(Ingredientes[[#This Row],[item]],insumos[item],0))
    /INDEX(insumos[quantidade],MATCH(Ingredientes[[#This Row],[item]],insumos[item],0))
    *Ingredientes[[#This Row],[qtd.]],
    IFERROR(
        INDEX(CaProdutos[Custo de Produção (1 un.)],MATCH(Ingredientes[[#This Row],[item]],CaProdutos[Item],0))
        *Ingredientes[[#This Row],[qtd.]],
        """"
    )
)",,,,,,,,,,,,,,,,,
,,,"=IFERROR(
INDEX(insumos[ID],MATCH(Ingredientes[[#This Row],[item]],insumos[item],0)),
IFERROR(
INDEX(CaProdutos[ID],MATCH(Ingredientes[[#This Row],[item]],CaProdutos[Item],0)),
""""
))",,,"=IFERROR(
INDEX(insumos[medida],MATCH(Ingredientes[[#This Row],[item]],insumos[item],0)),
IFERROR(
IF(MATCH(Ingredientes[[#This Row],[item]],CaProdutos[Item],0)>0,""Unidades"",""""),
""""
))","=IFERROR(INDEX(CaProdutos[Un. Por Lote], MATCH(Ingredientes[[#This Row],[Produto]], CaProdutos[Item], 0)), """")","=IFERROR(
    INDEX(insumos[preço],MATCH(Ingredientes[[#This Row],[item]],insumos[item],0))
    /INDEX(insumos[quantidade],MATCH(Ingredientes[[#This Row],[item]],insumos[item],0))
    *Ingredientes[[#This Row],[qtd.]],
    IFERROR(
        INDEX(CaProdutos[Custo de Produção (1 un.)],MATCH(Ingredientes[[#This Row],[item]],CaProdutos[Item],0))
        *Ingredientes[[#This Row],[qtd.]],
        """"
    )
)",,,,,,,,,,,,,,,,,
,,,"=IFERROR(
INDEX(insumos[ID],MATCH(Ingredientes[[#This Row],[item]],insumos[item],0)),
IFERROR(
INDEX(CaProdutos[ID],MATCH(Ingredientes[[#This Row],[item]],CaProdutos[Item],0)),
""""
))",,,"=IFERROR(
INDEX(insumos[medida],MATCH(Ingredientes[[#This Row],[item]],insumos[item],0)),
IFERROR(
IF(MATCH(Ingredientes[[#This Row],[item]],CaProdutos[Item],0)>0,""Unidades"",""""),
""""
))","=IFERROR(INDEX(CaProdutos[Un. Por Lote], MATCH(Ingredientes[[#This Row],[Produto]], CaProdutos[Item], 0)), """")","=IFERROR(
    INDEX(insumos[preço],MATCH(Ingredientes[[#This Row],[item]],insumos[item],0))
    /INDEX(insumos[quantidade],MATCH(Ingredientes[[#This Row],[item]],insumos[item],0))
    *Ingredientes[[#This Row],[qtd.]],
    IFERROR(
        INDEX(CaProdutos[Custo de Produção (1 un.)],MATCH(Ingredientes[[#This Row],[item]],CaProdutos[Item],0))
        *Ingredientes[[#This Row],[qtd.]],
        """"
    )
)",,,,,,,,,,,,,,,,,
,,,"=IFERROR(
INDEX(insumos[ID],MATCH(Ingredientes[[#This Row],[item]],insumos[item],0)),
IFERROR(
INDEX(CaProdutos[ID],MATCH(Ingredientes[[#This Row],[item]],CaProdutos[Item],0)),
""""
))",,,"=IFERROR(
INDEX(insumos[medida],MATCH(Ingredientes[[#This Row],[item]],insumos[item],0)),
IFERROR(
IF(MATCH(Ingredientes[[#This Row],[item]],CaProdutos[Item],0)>0,""Unidades"",""""),
""""
))","=IFERROR(INDEX(CaProdutos[Un. Por Lote], MATCH(Ingredientes[[#This Row],[Produto]], CaProdutos[Item], 0)), """")","=IFERROR(
    INDEX(insumos[preço],MATCH(Ingredientes[[#This Row],[item]],insumos[item],0))
    /INDEX(insumos[quantidade],MATCH(Ingredientes[[#This Row],[item]],insumos[item],0))
    *Ingredientes[[#This Row],[qtd.]],
    IFERROR(
        INDEX(CaProdutos[Custo de Produção (1 un.)],MATCH(Ingredientes[[#This Row],[item]],CaProdutos[Item],0))
        *Ingredientes[[#This Row],[qtd.]],
        """"
    )
)",,,,,,,,,,,,,,,,,
,,,"=IFERROR(
INDEX(insumos[ID],MATCH(Ingredientes[[#This Row],[item]],insumos[item],0)),
IFERROR(
INDEX(CaProdutos[ID],MATCH(Ingredientes[[#This Row],[item]],CaProdutos[Item],0)),
""""
))",,,"=IFERROR(
INDEX(insumos[medida],MATCH(Ingredientes[[#This Row],[item]],insumos[item],0)),
IFERROR(
IF(MATCH(Ingredientes[[#This Row],[item]],CaProdutos[Item],0)>0,""Unidades"",""""),
""""
))","=IFERROR(INDEX(CaProdutos[Un. Por Lote], MATCH(Ingredientes[[#This Row],[Produto]], CaProdutos[Item], 0)), """")","=IFERROR(
    INDEX(insumos[preço],MATCH(Ingredientes[[#This Row],[item]],insumos[item],0))
    /INDEX(insumos[quantidade],MATCH(Ingredientes[[#This Row],[item]],insumos[item],0))
    *Ingredientes[[#This Row],[qtd.]],
    IFERROR(
        INDEX(CaProdutos[Custo de Produção (1 un.)],MATCH(Ingredientes[[#This Row],[item]],CaProdutos[Item],0))
        *Ingredientes[[#This Row],[qtd.]],
        """"
    )
)",,,,,,,,,,,,,,,,,
,,,"=IFERROR(
INDEX(insumos[ID],MATCH(Ingredientes[[#This Row],[item]],insumos[item],0)),
IFERROR(
INDEX(CaProdutos[ID],MATCH(Ingredientes[[#This Row],[item]],CaProdutos[Item],0)),
""""
))",,,"=IFERROR(
INDEX(insumos[medida],MATCH(Ingredientes[[#This Row],[item]],insumos[item],0)),
IFERROR(
IF(MATCH(Ingredientes[[#This Row],[item]],CaProdutos[Item],0)>0,""Unidades"",""""),
""""
))","=IFERROR(INDEX(CaProdutos[Un. Por Lote], MATCH(Ingredientes[[#This Row],[Produto]], CaProdutos[Item], 0)), """")","=IFERROR(
    INDEX(insumos[preço],MATCH(Ingredientes[[#This Row],[item]],insumos[item],0))
    /INDEX(insumos[quantidade],MATCH(Ingredientes[[#This Row],[item]],insumos[item],0))
    *Ingredientes[[#This Row],[qtd.]],
    IFERROR(
        INDEX(CaProdutos[Custo de Produção (1 un.)],MATCH(Ingredientes[[#This Row],[item]],CaProdutos[Item],0))
        *Ingredientes[[#This Row],[qtd.]],
        """"
    )
)",,,,,,,,,,,,,,,,,
,,,"=IFERROR(
INDEX(insumos[ID],MATCH(Ingredientes[[#This Row],[item]],insumos[item],0)),
IFERROR(
INDEX(CaProdutos[ID],MATCH(Ingredientes[[#This Row],[item]],CaProdutos[Item],0)),
""""
))",,,"=IFERROR(
INDEX(insumos[medida],MATCH(Ingredientes[[#This Row],[item]],insumos[item],0)),
IFERROR(
IF(MATCH(Ingredientes[[#This Row],[item]],CaProdutos[Item],0)>0,""Unidades"",""""),
""""
))","=IFERROR(INDEX(CaProdutos[Un. Por Lote], MATCH(Ingredientes[[#This Row],[Produto]], CaProdutos[Item], 0)), """")","=IFERROR(
    INDEX(insumos[preço],MATCH(Ingredientes[[#This Row],[item]],insumos[item],0))
    /INDEX(insumos[quantidade],MATCH(Ingredientes[[#This Row],[item]],insumos[item],0))
    *Ingredientes[[#This Row],[qtd.]],
    IFERROR(
        INDEX(CaProdutos[Custo de Produção (1 un.)],MATCH(Ingredientes[[#This Row],[item]],CaProdutos[Item],0))
        *Ingredientes[[#This Row],[qtd.]],
        """"
    )
)",,,,,,,,,,,,,,,,,
,,,"=IFERROR(
INDEX(insumos[ID],MATCH(Ingredientes[[#This Row],[item]],insumos[item],0)),
IFERROR(
INDEX(CaProdutos[ID],MATCH(Ingredientes[[#This Row],[item]],CaProdutos[Item],0)),
""""
))",,,"=IFERROR(
INDEX(insumos[medida],MATCH(Ingredientes[[#This Row],[item]],insumos[item],0)),
IFERROR(
IF(MATCH(Ingredientes[[#This Row],[item]],CaProdutos[Item],0)>0,""Unidades"",""""),
""""
))","=IFERROR(INDEX(CaProdutos[Un. Por Lote], MATCH(Ingredientes[[#This Row],[Produto]], CaProdutos[Item], 0)), """")","=IFERROR(
    INDEX(insumos[preço],MATCH(Ingredientes[[#This Row],[item]],insumos[item],0))
    /INDEX(insumos[quantidade],MATCH(Ingredientes[[#This Row],[item]],insumos[item],0))
    *Ingredientes[[#This Row],[qtd.]],
    IFERROR(
        INDEX(CaProdutos[Custo de Produção (1 un.)],MATCH(Ingredientes[[#This Row],[item]],CaProdutos[Item],0))
        *Ingredientes[[#This Row],[qtd.]],
        """"
    )
)",,,,,,,,,,,,,,,,,
,,,"=IFERROR(
INDEX(insumos[ID],MATCH(Ingredientes[[#This Row],[item]],insumos[item],0)),
IFERROR(
INDEX(CaProdutos[ID],MATCH(Ingredientes[[#This Row],[item]],CaProdutos[Item],0)),
""""
))",,,"=IFERROR(
INDEX(insumos[medida],MATCH(Ingredientes[[#This Row],[item]],insumos[item],0)),
IFERROR(
IF(MATCH(Ingredientes[[#This Row],[item]],CaProdutos[Item],0)>0,""Unidades"",""""),
""""
))","=IFERROR(INDEX(CaProdutos[Un. Por Lote], MATCH(Ingredientes[[#This Row],[Produto]], CaProdutos[Item], 0)), """")","=IFERROR(
    INDEX(insumos[preço],MATCH(Ingredientes[[#This Row],[item]],insumos[item],0))
    /INDEX(insumos[quantidade],MATCH(Ingredientes[[#This Row],[item]],insumos[item],0))
    *Ingredientes[[#This Row],[qtd.]],
    IFERROR(
        INDEX(CaProdutos[Custo de Produção (1 un.)],MATCH(Ingredientes[[#This Row],[item]],CaProdutos[Item],0))
        *Ingredientes[[#This Row],[qtd.]],
        """"
    )
)",,,,,,,,,,,,,,,,,
,,,"=IFERROR(
INDEX(insumos[ID],MATCH(Ingredientes[[#This Row],[item]],insumos[item],0)),
IFERROR(
INDEX(CaProdutos[ID],MATCH(Ingredientes[[#This Row],[item]],CaProdutos[Item],0)),
""""
))",,,"=IFERROR(
INDEX(insumos[medida],MATCH(Ingredientes[[#This Row],[item]],insumos[item],0)),
IFERROR(
IF(MATCH(Ingredientes[[#This Row],[item]],CaProdutos[Item],0)>0,""Unidades"",""""),
""""
))","=IFERROR(INDEX(CaProdutos[Un. Por Lote], MATCH(Ingredientes[[#This Row],[Produto]], CaProdutos[Item], 0)), """")","=IFERROR(
    INDEX(insumos[preço],MATCH(Ingredientes[[#This Row],[item]],insumos[item],0))
    /INDEX(insumos[quantidade],MATCH(Ingredientes[[#This Row],[item]],insumos[item],0))
    *Ingredientes[[#This Row],[qtd.]],
    IFERROR(
        INDEX(CaProdutos[Custo de Produção (1 un.)],MATCH(Ingredientes[[#This Row],[item]],CaProdutos[Item],0))
        *Ingredientes[[#This Row],[qtd.]],
        """"
    )
)",,,,,,,,,,,,,,,,,
,,,"=IFERROR(
INDEX(insumos[ID],MATCH(Ingredientes[[#This Row],[item]],insumos[item],0)),
IFERROR(
INDEX(CaProdutos[ID],MATCH(Ingredientes[[#This Row],[item]],CaProdutos[Item],0)),
""""
))",,,"=IFERROR(
INDEX(insumos[medida],MATCH(Ingredientes[[#This Row],[item]],insumos[item],0)),
IFERROR(
IF(MATCH(Ingredientes[[#This Row],[item]],CaProdutos[Item],0)>0,""Unidades"",""""),
""""
))","=IFERROR(INDEX(CaProdutos[Un. Por Lote], MATCH(Ingredientes[[#This Row],[Produto]], CaProdutos[Item], 0)), """")","=IFERROR(
    INDEX(insumos[preço],MATCH(Ingredientes[[#This Row],[item]],insumos[item],0))
    /INDEX(insumos[quantidade],MATCH(Ingredientes[[#This Row],[item]],insumos[item],0))
    *Ingredientes[[#This Row],[qtd.]],
    IFERROR(
        INDEX(CaProdutos[Custo de Produção (1 un.)],MATCH(Ingredientes[[#This Row],[item]],CaProdutos[Item],0))
        *Ingredientes[[#This Row],[qtd.]],
        """"
    )
)",,,,,,,,,,,,,,,,,
,,,"=IFERROR(
INDEX(insumos[ID],MATCH(Ingredientes[[#This Row],[item]],insumos[item],0)),
IFERROR(
INDEX(CaProdutos[ID],MATCH(Ingredientes[[#This Row],[item]],CaProdutos[Item],0)),
""""
))",,,"=IFERROR(
INDEX(insumos[medida],MATCH(Ingredientes[[#This Row],[item]],insumos[item],0)),
IFERROR(
IF(MATCH(Ingredientes[[#This Row],[item]],CaProdutos[Item],0)>0,""Unidades"",""""),
""""
))","=IFERROR(INDEX(CaProdutos[Un. Por Lote], MATCH(Ingredientes[[#This Row],[Produto]], CaProdutos[Item], 0)), """")","=IFERROR(
    INDEX(insumos[preço],MATCH(Ingredientes[[#This Row],[item]],insumos[item],0))
    /INDEX(insumos[quantidade],MATCH(Ingredientes[[#This Row],[item]],insumos[item],0))
    *Ingredientes[[#This Row],[qtd.]],
    IFERROR(
        INDEX(CaProdutos[Custo de Produção (1 un.)],MATCH(Ingredientes[[#This Row],[item]],CaProdutos[Item],0))
        *Ingredientes[[#This Row],[qtd.]],
        """"
    )
)",,,,,,,,,,,,,,,,,
,,,"=IFERROR(
INDEX(insumos[ID],MATCH(Ingredientes[[#This Row],[item]],insumos[item],0)),
IFERROR(
INDEX(CaProdutos[ID],MATCH(Ingredientes[[#This Row],[item]],CaProdutos[Item],0)),
""""
))",,,"=IFERROR(
INDEX(insumos[medida],MATCH(Ingredientes[[#This Row],[item]],insumos[item],0)),
IFERROR(
IF(MATCH(Ingredientes[[#This Row],[item]],CaProdutos[Item],0)>0,""Unidades"",""""),
""""
))","=IFERROR(INDEX(CaProdutos[Un. Por Lote], MATCH(Ingredientes[[#This Row],[Produto]], CaProdutos[Item], 0)), """")","=IFERROR(
    INDEX(insumos[preço],MATCH(Ingredientes[[#This Row],[item]],insumos[item],0))
    /INDEX(insumos[quantidade],MATCH(Ingredientes[[#This Row],[item]],insumos[item],0))
    *Ingredientes[[#This Row],[qtd.]],
    IFERROR(
        INDEX(CaProdutos[Custo de Produção (1 un.)],MATCH(Ingredientes[[#This Row],[item]],CaProdutos[Item],0))
        *Ingredientes[[#This Row],[qtd.]],
        """"
    )
)",,,,,,,,,,,,,,,,,
,,,"=IFERROR(
INDEX(insumos[ID],MATCH(Ingredientes[[#This Row],[item]],insumos[item],0)),
IFERROR(
INDEX(CaProdutos[ID],MATCH(Ingredientes[[#This Row],[item]],CaProdutos[Item],0)),
""""
))",,,"=IFERROR(
INDEX(insumos[medida],MATCH(Ingredientes[[#This Row],[item]],insumos[item],0)),
IFERROR(
IF(MATCH(Ingredientes[[#This Row],[item]],CaProdutos[Item],0)>0,""Unidades"",""""),
""""
))","=IFERROR(INDEX(CaProdutos[Un. Por Lote], MATCH(Ingredientes[[#This Row],[Produto]], CaProdutos[Item], 0)), """")","=IFERROR(
    INDEX(insumos[preço],MATCH(Ingredientes[[#This Row],[item]],insumos[item],0))
    /INDEX(insumos[quantidade],MATCH(Ingredientes[[#This Row],[item]],insumos[item],0))
    *Ingredientes[[#This Row],[qtd.]],
    IFERROR(
        INDEX(CaProdutos[Custo de Produção (1 un.)],MATCH(Ingredientes[[#This Row],[item]],CaProdutos[Item],0))
        *Ingredientes[[#This Row],[qtd.]],
        """"
    )
)",,,,,,,,,,,,,,,,,
,,,"=IFERROR(
INDEX(insumos[ID],MATCH(Ingredientes[[#This Row],[item]],insumos[item],0)),
IFERROR(
INDEX(CaProdutos[ID],MATCH(Ingredientes[[#This Row],[item]],CaProdutos[Item],0)),
""""
))",,,"=IFERROR(
INDEX(insumos[medida],MATCH(Ingredientes[[#This Row],[item]],insumos[item],0)),
IFERROR(
IF(MATCH(Ingredientes[[#This Row],[item]],CaProdutos[Item],0)>0,""Unidades"",""""),
""""
))","=IFERROR(INDEX(CaProdutos[Un. Por Lote], MATCH(Ingredientes[[#This Row],[Produto]], CaProdutos[Item], 0)), """")","=IFERROR(
    INDEX(insumos[preço],MATCH(Ingredientes[[#This Row],[item]],insumos[item],0))
    /INDEX(insumos[quantidade],MATCH(Ingredientes[[#This Row],[item]],insumos[item],0))
    *Ingredientes[[#This Row],[qtd.]],
    IFERROR(
        INDEX(CaProdutos[Custo de Produção (1 un.)],MATCH(Ingredientes[[#This Row],[item]],CaProdutos[Item],0))
        *Ingredientes[[#This Row],[qtd.]],
        """"
    )
)",,,,,,,,,,,,,,,,,
,,,"=IFERROR(
INDEX(insumos[ID],MATCH(Ingredientes[[#This Row],[item]],insumos[item],0)),
IFERROR(
INDEX(CaProdutos[ID],MATCH(Ingredientes[[#This Row],[item]],CaProdutos[Item],0)),
""""
))",,,"=IFERROR(
INDEX(insumos[medida],MATCH(Ingredientes[[#This Row],[item]],insumos[item],0)),
IFERROR(
IF(MATCH(Ingredientes[[#This Row],[item]],CaProdutos[Item],0)>0,""Unidades"",""""),
""""
))","=IFERROR(INDEX(CaProdutos[Un. Por Lote], MATCH(Ingredientes[[#This Row],[Produto]], CaProdutos[Item], 0)), """")","=IFERROR(
    INDEX(insumos[preço],MATCH(Ingredientes[[#This Row],[item]],insumos[item],0))
    /INDEX(insumos[quantidade],MATCH(Ingredientes[[#This Row],[item]],insumos[item],0))
    *Ingredientes[[#This Row],[qtd.]],
    IFERROR(
        INDEX(CaProdutos[Custo de Produção (1 un.)],MATCH(Ingredientes[[#This Row],[item]],CaProdutos[Item],0))
        *Ingredientes[[#This Row],[qtd.]],
        """"
    )
)",,,,,,,,,,,,,,,,,
,,,"=IFERROR(
INDEX(insumos[ID],MATCH(Ingredientes[[#This Row],[item]],insumos[item],0)),
IFERROR(
INDEX(CaProdutos[ID],MATCH(Ingredientes[[#This Row],[item]],CaProdutos[Item],0)),
""""
))",,,"=IFERROR(
INDEX(insumos[medida],MATCH(Ingredientes[[#This Row],[item]],insumos[item],0)),
IFERROR(
IF(MATCH(Ingredientes[[#This Row],[item]],CaProdutos[Item],0)>0,""Unidades"",""""),
""""
))","=IFERROR(INDEX(CaProdutos[Un. Por Lote], MATCH(Ingredientes[[#This Row],[Produto]], CaProdutos[Item], 0)), """")","=IFERROR(
    INDEX(insumos[preço],MATCH(Ingredientes[[#This Row],[item]],insumos[item],0))
    /INDEX(insumos[quantidade],MATCH(Ingredientes[[#This Row],[item]],insumos[item],0))
    *Ingredientes[[#This Row],[qtd.]],
    IFERROR(
        INDEX(CaProdutos[Custo de Produção (1 un.)],MATCH(Ingredientes[[#This Row],[item]],CaProdutos[Item],0))
        *Ingredientes[[#This Row],[qtd.]],
        """"
    )
)",,,,,,,,,,,,,,,,,
,,,"=IFERROR(
INDEX(insumos[ID],MATCH(Ingredientes[[#This Row],[item]],insumos[item],0)),
IFERROR(
INDEX(CaProdutos[ID],MATCH(Ingredientes[[#This Row],[item]],CaProdutos[Item],0)),
""""
))",,,"=IFERROR(
INDEX(insumos[medida],MATCH(Ingredientes[[#This Row],[item]],insumos[item],0)),
IFERROR(
IF(MATCH(Ingredientes[[#This Row],[item]],CaProdutos[Item],0)>0,""Unidades"",""""),
""""
))","=IFERROR(INDEX(CaProdutos[Un. Por Lote], MATCH(Ingredientes[[#This Row],[Produto]], CaProdutos[Item], 0)), """")","=IFERROR(
    INDEX(insumos[preço],MATCH(Ingredientes[[#This Row],[item]],insumos[item],0))
    /INDEX(insumos[quantidade],MATCH(Ingredientes[[#This Row],[item]],insumos[item],0))
    *Ingredientes[[#This Row],[qtd.]],
    IFERROR(
        INDEX(CaProdutos[Custo de Produção (1 un.)],MATCH(Ingredientes[[#This Row],[item]],CaProdutos[Item],0))
        *Ingredientes[[#This Row],[qtd.]],
        """"
    )
)",,,,,,,,,,,,,,,,,
,,,"=IFERROR(
INDEX(insumos[ID],MATCH(Ingredientes[[#This Row],[item]],insumos[item],0)),
IFERROR(
INDEX(CaProdutos[ID],MATCH(Ingredientes[[#This Row],[item]],CaProdutos[Item],0)),
""""
))",,,"=IFERROR(
INDEX(insumos[medida],MATCH(Ingredientes[[#This Row],[item]],insumos[item],0)),
IFERROR(
IF(MATCH(Ingredientes[[#This Row],[item]],CaProdutos[Item],0)>0,""Unidades"",""""),
""""
))","=IFERROR(INDEX(CaProdutos[Un. Por Lote], MATCH(Ingredientes[[#This Row],[Produto]], CaProdutos[Item], 0)), """")","=IFERROR(
    INDEX(insumos[preço],MATCH(Ingredientes[[#This Row],[item]],insumos[item],0))
    /INDEX(insumos[quantidade],MATCH(Ingredientes[[#This Row],[item]],insumos[item],0))
    *Ingredientes[[#This Row],[qtd.]],
    IFERROR(
        INDEX(CaProdutos[Custo de Produção (1 un.)],MATCH(Ingredientes[[#This Row],[item]],CaProdutos[Item],0))
        *Ingredientes[[#This Row],[qtd.]],
        """"
    )
)",,,,,,,,,,,,,,,,,
,,,"=IFERROR(
INDEX(insumos[ID],MATCH(Ingredientes[[#This Row],[item]],insumos[item],0)),
IFERROR(
INDEX(CaProdutos[ID],MATCH(Ingredientes[[#This Row],[item]],CaProdutos[Item],0)),
""""
))",,,"=IFERROR(
INDEX(insumos[medida],MATCH(Ingredientes[[#This Row],[item]],insumos[item],0)),
IFERROR(
IF(MATCH(Ingredientes[[#This Row],[item]],CaProdutos[Item],0)>0,""Unidades"",""""),
""""
))","=IFERROR(INDEX(CaProdutos[Un. Por Lote], MATCH(Ingredientes[[#This Row],[Produto]], CaProdutos[Item], 0)), """")","=IFERROR(
    INDEX(insumos[preço],MATCH(Ingredientes[[#This Row],[item]],insumos[item],0))
    /INDEX(insumos[quantidade],MATCH(Ingredientes[[#This Row],[item]],insumos[item],0))
    *Ingredientes[[#This Row],[qtd.]],
    IFERROR(
        INDEX(CaProdutos[Custo de Produção (1 un.)],MATCH(Ingredientes[[#This Row],[item]],CaProdutos[Item],0))
        *Ingredientes[[#This Row],[qtd.]],
        """"
    )
)",,,,,,,,,,,,,,,,,
,,,"=IFERROR(
INDEX(insumos[ID],MATCH(Ingredientes[[#This Row],[item]],insumos[item],0)),
IFERROR(
INDEX(CaProdutos[ID],MATCH(Ingredientes[[#This Row],[item]],CaProdutos[Item],0)),
""""
))",,,"=IFERROR(
INDEX(insumos[medida],MATCH(Ingredientes[[#This Row],[item]],insumos[item],0)),
IFERROR(
IF(MATCH(Ingredientes[[#This Row],[item]],CaProdutos[Item],0)>0,""Unidades"",""""),
""""
))","=IFERROR(INDEX(CaProdutos[Un. Por Lote], MATCH(Ingredientes[[#This Row],[Produto]], CaProdutos[Item], 0)), """")","=IFERROR(
    INDEX(insumos[preço],MATCH(Ingredientes[[#This Row],[item]],insumos[item],0))
    /INDEX(insumos[quantidade],MATCH(Ingredientes[[#This Row],[item]],insumos[item],0))
    *Ingredientes[[#This Row],[qtd.]],
    IFERROR(
        INDEX(CaProdutos[Custo de Produção (1 un.)],MATCH(Ingredientes[[#This Row],[item]],CaProdutos[Item],0))
        *Ingredientes[[#This Row],[qtd.]],
        """"
    )
)",,,,,,,,,,,,,,,,,
,,,"=IFERROR(
INDEX(insumos[ID],MATCH(Ingredientes[[#This Row],[item]],insumos[item],0)),
IFERROR(
INDEX(CaProdutos[ID],MATCH(Ingredientes[[#This Row],[item]],CaProdutos[Item],0)),
""""
))",,,"=IFERROR(
INDEX(insumos[medida],MATCH(Ingredientes[[#This Row],[item]],insumos[item],0)),
IFERROR(
IF(MATCH(Ingredientes[[#This Row],[item]],CaProdutos[Item],0)>0,""Unidades"",""""),
""""
))","=IFERROR(INDEX(CaProdutos[Un. Por Lote], MATCH(Ingredientes[[#This Row],[Produto]], CaProdutos[Item], 0)), """")","=IFERROR(
    INDEX(insumos[preço],MATCH(Ingredientes[[#This Row],[item]],insumos[item],0))
    /INDEX(insumos[quantidade],MATCH(Ingredientes[[#This Row],[item]],insumos[item],0))
    *Ingredientes[[#This Row],[qtd.]],
    IFERROR(
        INDEX(CaProdutos[Custo de Produção (1 un.)],MATCH(Ingredientes[[#This Row],[item]],CaProdutos[Item],0))
        *Ingredientes[[#This Row],[qtd.]],
        """"
    )
)",,,,,,,,,,,,,,,,,
,,,"=IFERROR(
INDEX(insumos[ID],MATCH(Ingredientes[[#This Row],[item]],insumos[item],0)),
IFERROR(
INDEX(CaProdutos[ID],MATCH(Ingredientes[[#This Row],[item]],CaProdutos[Item],0)),
""""
))",,,"=IFERROR(
INDEX(insumos[medida],MATCH(Ingredientes[[#This Row],[item]],insumos[item],0)),
IFERROR(
IF(MATCH(Ingredientes[[#This Row],[item]],CaProdutos[Item],0)>0,""Unidades"",""""),
""""
))","=IFERROR(INDEX(CaProdutos[Un. Por Lote], MATCH(Ingredientes[[#This Row],[Produto]], CaProdutos[Item], 0)), """")","=IFERROR(
    INDEX(insumos[preço],MATCH(Ingredientes[[#This Row],[item]],insumos[item],0))
    /INDEX(insumos[quantidade],MATCH(Ingredientes[[#This Row],[item]],insumos[item],0))
    *Ingredientes[[#This Row],[qtd.]],
    IFERROR(
        INDEX(CaProdutos[Custo de Produção (1 un.)],MATCH(Ingredientes[[#This Row],[item]],CaProdutos[Item],0))
        *Ingredientes[[#This Row],[qtd.]],
        """"
    )
)",,,,,,,,,,,,,,,,,
,,,"=IFERROR(
INDEX(insumos[ID],MATCH(Ingredientes[[#This Row],[item]],insumos[item],0)),
IFERROR(
INDEX(CaProdutos[ID],MATCH(Ingredientes[[#This Row],[item]],CaProdutos[Item],0)),
""""
))",,,"=IFERROR(
INDEX(insumos[medida],MATCH(Ingredientes[[#This Row],[item]],insumos[item],0)),
IFERROR(
IF(MATCH(Ingredientes[[#This Row],[item]],CaProdutos[Item],0)>0,""Unidades"",""""),
""""
))","=IFERROR(INDEX(CaProdutos[Un. Por Lote], MATCH(Ingredientes[[#This Row],[Produto]], CaProdutos[Item], 0)), """")","=IFERROR(
    INDEX(insumos[preço],MATCH(Ingredientes[[#This Row],[item]],insumos[item],0))
    /INDEX(insumos[quantidade],MATCH(Ingredientes[[#This Row],[item]],insumos[item],0))
    *Ingredientes[[#This Row],[qtd.]],
    IFERROR(
        INDEX(CaProdutos[Custo de Produção (1 un.)],MATCH(Ingredientes[[#This Row],[item]],CaProdutos[Item],0))
        *Ingredientes[[#This Row],[qtd.]],
        """"
    )
)",,,,,,,,,,,,,,,,,
,,,"=IFERROR(
INDEX(insumos[ID],MATCH(Ingredientes[[#This Row],[item]],insumos[item],0)),
IFERROR(
INDEX(CaProdutos[ID],MATCH(Ingredientes[[#This Row],[item]],CaProdutos[Item],0)),
""""
))",,,"=IFERROR(
INDEX(insumos[medida],MATCH(Ingredientes[[#This Row],[item]],insumos[item],0)),
IFERROR(
IF(MATCH(Ingredientes[[#This Row],[item]],CaProdutos[Item],0)>0,""Unidades"",""""),
""""
))","=IFERROR(INDEX(CaProdutos[Un. Por Lote], MATCH(Ingredientes[[#This Row],[Produto]], CaProdutos[Item], 0)), """")","=IFERROR(
    INDEX(insumos[preço],MATCH(Ingredientes[[#This Row],[item]],insumos[item],0))
    /INDEX(insumos[quantidade],MATCH(Ingredientes[[#This Row],[item]],insumos[item],0))
    *Ingredientes[[#This Row],[qtd.]],
    IFERROR(
        INDEX(CaProdutos[Custo de Produção (1 un.)],MATCH(Ingredientes[[#This Row],[item]],CaProdutos[Item],0))
        *Ingredientes[[#This Row],[qtd.]],
        """"
    )
)",,,,,,,,,,,,,,,,,
,,,"=IFERROR(
INDEX(insumos[ID],MATCH(Ingredientes[[#This Row],[item]],insumos[item],0)),
IFERROR(
INDEX(CaProdutos[ID],MATCH(Ingredientes[[#This Row],[item]],CaProdutos[Item],0)),
""""
))",,,"=IFERROR(
INDEX(insumos[medida],MATCH(Ingredientes[[#This Row],[item]],insumos[item],0)),
IFERROR(
IF(MATCH(Ingredientes[[#This Row],[item]],CaProdutos[Item],0)>0,""Unidades"",""""),
""""
))","=IFERROR(INDEX(CaProdutos[Un. Por Lote], MATCH(Ingredientes[[#This Row],[Produto]], CaProdutos[Item], 0)), """")","=IFERROR(
    INDEX(insumos[preço],MATCH(Ingredientes[[#This Row],[item]],insumos[item],0))
    /INDEX(insumos[quantidade],MATCH(Ingredientes[[#This Row],[item]],insumos[item],0))
    *Ingredientes[[#This Row],[qtd.]],
    IFERROR(
        INDEX(CaProdutos[Custo de Produção (1 un.)],MATCH(Ingredientes[[#This Row],[item]],CaProdutos[Item],0))
        *Ingredientes[[#This Row],[qtd.]],
        """"
    )
)",,,,,,,,,,,,,,,,,
,,,"=IFERROR(
INDEX(insumos[ID],MATCH(Ingredientes[[#This Row],[item]],insumos[item],0)),
IFERROR(
INDEX(CaProdutos[ID],MATCH(Ingredientes[[#This Row],[item]],CaProdutos[Item],0)),
""""
))",,,"=IFERROR(
INDEX(insumos[medida],MATCH(Ingredientes[[#This Row],[item]],insumos[item],0)),
IFERROR(
IF(MATCH(Ingredientes[[#This Row],[item]],CaProdutos[Item],0)>0,""Unidades"",""""),
""""
))","=IFERROR(INDEX(CaProdutos[Un. Por Lote], MATCH(Ingredientes[[#This Row],[Produto]], CaProdutos[Item], 0)), """")","=IFERROR(
    INDEX(insumos[preço],MATCH(Ingredientes[[#This Row],[item]],insumos[item],0))
    /INDEX(insumos[quantidade],MATCH(Ingredientes[[#This Row],[item]],insumos[item],0))
    *Ingredientes[[#This Row],[qtd.]],
    IFERROR(
        INDEX(CaProdutos[Custo de Produção (1 un.)],MATCH(Ingredientes[[#This Row],[item]],CaProdutos[Item],0))
        *Ingredientes[[#This Row],[qtd.]],
        """"
    )
)",,,,,,,,,,,,,,,,,
,,,"=IFERROR(
INDEX(insumos[ID],MATCH(Ingredientes[[#This Row],[item]],insumos[item],0)),
IFERROR(
INDEX(CaProdutos[ID],MATCH(Ingredientes[[#This Row],[item]],CaProdutos[Item],0)),
""""
))",,,"=IFERROR(
INDEX(insumos[medida],MATCH(Ingredientes[[#This Row],[item]],insumos[item],0)),
IFERROR(
IF(MATCH(Ingredientes[[#This Row],[item]],CaProdutos[Item],0)>0,""Unidades"",""""),
""""
))","=IFERROR(INDEX(CaProdutos[Un. Por Lote], MATCH(Ingredientes[[#This Row],[Produto]], CaProdutos[Item], 0)), """")","=IFERROR(
    INDEX(insumos[preço],MATCH(Ingredientes[[#This Row],[item]],insumos[item],0))
    /INDEX(insumos[quantidade],MATCH(Ingredientes[[#This Row],[item]],insumos[item],0))
    *Ingredientes[[#This Row],[qtd.]],
    IFERROR(
        INDEX(CaProdutos[Custo de Produção (1 un.)],MATCH(Ingredientes[[#This Row],[item]],CaProdutos[Item],0))
        *Ingredientes[[#This Row],[qtd.]],
        """"
    )
)",,,,,,,,,,,,,,,,,
,,,"=IFERROR(
INDEX(insumos[ID],MATCH(Ingredientes[[#This Row],[item]],insumos[item],0)),
IFERROR(
INDEX(CaProdutos[ID],MATCH(Ingredientes[[#This Row],[item]],CaProdutos[Item],0)),
""""
))",,,"=IFERROR(
INDEX(insumos[medida],MATCH(Ingredientes[[#This Row],[item]],insumos[item],0)),
IFERROR(
IF(MATCH(Ingredientes[[#This Row],[item]],CaProdutos[Item],0)>0,""Unidades"",""""),
""""
))","=IFERROR(INDEX(CaProdutos[Un. Por Lote], MATCH(Ingredientes[[#This Row],[Produto]], CaProdutos[Item], 0)), """")","=IFERROR(
    INDEX(insumos[preço],MATCH(Ingredientes[[#This Row],[item]],insumos[item],0))
    /INDEX(insumos[quantidade],MATCH(Ingredientes[[#This Row],[item]],insumos[item],0))
    *Ingredientes[[#This Row],[qtd.]],
    IFERROR(
        INDEX(CaProdutos[Custo de Produção (1 un.)],MATCH(Ingredientes[[#This Row],[item]],CaProdutos[Item],0))
        *Ingredientes[[#This Row],[qtd.]],
        """"
    )
)",,,,,,,,,,,,,,,,,
,,,"=IFERROR(
INDEX(insumos[ID],MATCH(Ingredientes[[#This Row],[item]],insumos[item],0)),
IFERROR(
INDEX(CaProdutos[ID],MATCH(Ingredientes[[#This Row],[item]],CaProdutos[Item],0)),
""""
))",,,"=IFERROR(
INDEX(insumos[medida],MATCH(Ingredientes[[#This Row],[item]],insumos[item],0)),
IFERROR(
IF(MATCH(Ingredientes[[#This Row],[item]],CaProdutos[Item],0)>0,""Unidades"",""""),
""""
))","=IFERROR(INDEX(CaProdutos[Un. Por Lote], MATCH(Ingredientes[[#This Row],[Produto]], CaProdutos[Item], 0)), """")","=IFERROR(
    INDEX(insumos[preço],MATCH(Ingredientes[[#This Row],[item]],insumos[item],0))
    /INDEX(insumos[quantidade],MATCH(Ingredientes[[#This Row],[item]],insumos[item],0))
    *Ingredientes[[#This Row],[qtd.]],
    IFERROR(
        INDEX(CaProdutos[Custo de Produção (1 un.)],MATCH(Ingredientes[[#This Row],[item]],CaProdutos[Item],0))
        *Ingredientes[[#This Row],[qtd.]],
        """"
    )
)",,,,,,,,,,,,,,,,,
,,,"=IFERROR(
INDEX(insumos[ID],MATCH(Ingredientes[[#This Row],[item]],insumos[item],0)),
IFERROR(
INDEX(CaProdutos[ID],MATCH(Ingredientes[[#This Row],[item]],CaProdutos[Item],0)),
""""
))",,,"=IFERROR(
INDEX(insumos[medida],MATCH(Ingredientes[[#This Row],[item]],insumos[item],0)),
IFERROR(
IF(MATCH(Ingredientes[[#This Row],[item]],CaProdutos[Item],0)>0,""Unidades"",""""),
""""
))","=IFERROR(INDEX(CaProdutos[Un. Por Lote], MATCH(Ingredientes[[#This Row],[Produto]], CaProdutos[Item], 0)), """")","=IFERROR(
    INDEX(insumos[preço],MATCH(Ingredientes[[#This Row],[item]],insumos[item],0))
    /INDEX(insumos[quantidade],MATCH(Ingredientes[[#This Row],[item]],insumos[item],0))
    *Ingredientes[[#This Row],[qtd.]],
    IFERROR(
        INDEX(CaProdutos[Custo de Produção (1 un.)],MATCH(Ingredientes[[#This Row],[item]],CaProdutos[Item],0))
        *Ingredientes[[#This Row],[qtd.]],
        """"
    )
)",,,,,,,,,,,,,,,,,
,,,"=IFERROR(
INDEX(insumos[ID],MATCH(Ingredientes[[#This Row],[item]],insumos[item],0)),
IFERROR(
INDEX(CaProdutos[ID],MATCH(Ingredientes[[#This Row],[item]],CaProdutos[Item],0)),
""""
))",,,"=IFERROR(
INDEX(insumos[medida],MATCH(Ingredientes[[#This Row],[item]],insumos[item],0)),
IFERROR(
IF(MATCH(Ingredientes[[#This Row],[item]],CaProdutos[Item],0)>0,""Unidades"",""""),
""""
))","=IFERROR(INDEX(CaProdutos[Un. Por Lote], MATCH(Ingredientes[[#This Row],[Produto]], CaProdutos[Item], 0)), """")","=IFERROR(
    INDEX(insumos[preço],MATCH(Ingredientes[[#This Row],[item]],insumos[item],0))
    /INDEX(insumos[quantidade],MATCH(Ingredientes[[#This Row],[item]],insumos[item],0))
    *Ingredientes[[#This Row],[qtd.]],
    IFERROR(
        INDEX(CaProdutos[Custo de Produção (1 un.)],MATCH(Ingredientes[[#This Row],[item]],CaProdutos[Item],0))
        *Ingredientes[[#This Row],[qtd.]],
        """"
    )
)",,,,,,,,,,,,,,,,,
,,,"=IFERROR(
INDEX(insumos[ID],MATCH(Ingredientes[[#This Row],[item]],insumos[item],0)),
IFERROR(
INDEX(CaProdutos[ID],MATCH(Ingredientes[[#This Row],[item]],CaProdutos[Item],0)),
""""
))",,,"=IFERROR(
INDEX(insumos[medida],MATCH(Ingredientes[[#This Row],[item]],insumos[item],0)),
IFERROR(
IF(MATCH(Ingredientes[[#This Row],[item]],CaProdutos[Item],0)>0,""Unidades"",""""),
""""
))","=IFERROR(INDEX(CaProdutos[Un. Por Lote], MATCH(Ingredientes[[#This Row],[Produto]], CaProdutos[Item], 0)), """")","=IFERROR(
    INDEX(insumos[preço],MATCH(Ingredientes[[#This Row],[item]],insumos[item],0))
    /INDEX(insumos[quantidade],MATCH(Ingredientes[[#This Row],[item]],insumos[item],0))
    *Ingredientes[[#This Row],[qtd.]],
    IFERROR(
        INDEX(CaProdutos[Custo de Produção (1 un.)],MATCH(Ingredientes[[#This Row],[item]],CaProdutos[Item],0))
        *Ingredientes[[#This Row],[qtd.]],
        """"
    )
)",,,,,,,,,,,,,,,,,
,,,"=IFERROR(
INDEX(insumos[ID],MATCH(Ingredientes[[#This Row],[item]],insumos[item],0)),
IFERROR(
INDEX(CaProdutos[ID],MATCH(Ingredientes[[#This Row],[item]],CaProdutos[Item],0)),
""""
))",,,"=IFERROR(
INDEX(insumos[medida],MATCH(Ingredientes[[#This Row],[item]],insumos[item],0)),
IFERROR(
IF(MATCH(Ingredientes[[#This Row],[item]],CaProdutos[Item],0)>0,""Unidades"",""""),
""""
))","=IFERROR(INDEX(CaProdutos[Un. Por Lote], MATCH(Ingredientes[[#This Row],[Produto]], CaProdutos[Item], 0)), """")","=IFERROR(
    INDEX(insumos[preço],MATCH(Ingredientes[[#This Row],[item]],insumos[item],0))
    /INDEX(insumos[quantidade],MATCH(Ingredientes[[#This Row],[item]],insumos[item],0))
    *Ingredientes[[#This Row],[qtd.]],
    IFERROR(
        INDEX(CaProdutos[Custo de Produção (1 un.)],MATCH(Ingredientes[[#This Row],[item]],CaProdutos[Item],0))
        *Ingredientes[[#This Row],[qtd.]],
        """"
    )
)",,,,,,,,,,,,,,,,,
,,,"=IFERROR(
INDEX(insumos[ID],MATCH(Ingredientes[[#This Row],[item]],insumos[item],0)),
IFERROR(
INDEX(CaProdutos[ID],MATCH(Ingredientes[[#This Row],[item]],CaProdutos[Item],0)),
""""
))",,,"=IFERROR(
INDEX(insumos[medida],MATCH(Ingredientes[[#This Row],[item]],insumos[item],0)),
IFERROR(
IF(MATCH(Ingredientes[[#This Row],[item]],CaProdutos[Item],0)>0,""Unidades"",""""),
""""
))","=IFERROR(INDEX(CaProdutos[Un. Por Lote], MATCH(Ingredientes[[#This Row],[Produto]], CaProdutos[Item], 0)), """")","=IFERROR(
    INDEX(insumos[preço],MATCH(Ingredientes[[#This Row],[item]],insumos[item],0))
    /INDEX(insumos[quantidade],MATCH(Ingredientes[[#This Row],[item]],insumos[item],0))
    *Ingredientes[[#This Row],[qtd.]],
    IFERROR(
        INDEX(CaProdutos[Custo de Produção (1 un.)],MATCH(Ingredientes[[#This Row],[item]],CaProdutos[Item],0))
        *Ingredientes[[#This Row],[qtd.]],
        """"
    )
)",,,,,,,,,,,,,,,,,
,,,"=IFERROR(
INDEX(insumos[ID],MATCH(Ingredientes[[#This Row],[item]],insumos[item],0)),
IFERROR(
INDEX(CaProdutos[ID],MATCH(Ingredientes[[#This Row],[item]],CaProdutos[Item],0)),
""""
))",,,"=IFERROR(
INDEX(insumos[medida],MATCH(Ingredientes[[#This Row],[item]],insumos[item],0)),
IFERROR(
IF(MATCH(Ingredientes[[#This Row],[item]],CaProdutos[Item],0)>0,""Unidades"",""""),
""""
))","=IFERROR(INDEX(CaProdutos[Un. Por Lote], MATCH(Ingredientes[[#This Row],[Produto]], CaProdutos[Item], 0)), """")","=IFERROR(
    INDEX(insumos[preço],MATCH(Ingredientes[[#This Row],[item]],insumos[item],0))
    /INDEX(insumos[quantidade],MATCH(Ingredientes[[#This Row],[item]],insumos[item],0))
    *Ingredientes[[#This Row],[qtd.]],
    IFERROR(
        INDEX(CaProdutos[Custo de Produção (1 un.)],MATCH(Ingredientes[[#This Row],[item]],CaProdutos[Item],0))
        *Ingredientes[[#This Row],[qtd.]],
        """"
    )
)",,,,,,,,,,,,,,,,,
,,,"=IFERROR(
INDEX(insumos[ID],MATCH(Ingredientes[[#This Row],[item]],insumos[item],0)),
IFERROR(
INDEX(CaProdutos[ID],MATCH(Ingredientes[[#This Row],[item]],CaProdutos[Item],0)),
""""
))",,,"=IFERROR(
INDEX(insumos[medida],MATCH(Ingredientes[[#This Row],[item]],insumos[item],0)),
IFERROR(
IF(MATCH(Ingredientes[[#This Row],[item]],CaProdutos[Item],0)>0,""Unidades"",""""),
""""
))","=IFERROR(INDEX(CaProdutos[Un. Por Lote], MATCH(Ingredientes[[#This Row],[Produto]], CaProdutos[Item], 0)), """")","=IFERROR(
    INDEX(insumos[preço],MATCH(Ingredientes[[#This Row],[item]],insumos[item],0))
    /INDEX(insumos[quantidade],MATCH(Ingredientes[[#This Row],[item]],insumos[item],0))
    *Ingredientes[[#This Row],[qtd.]],
    IFERROR(
        INDEX(CaProdutos[Custo de Produção (1 un.)],MATCH(Ingredientes[[#This Row],[item]],CaProdutos[Item],0))
        *Ingredientes[[#This Row],[qtd.]],
        """"
    )
)",,,,,,,,,,,,,,,,,
,,,"=IFERROR(
INDEX(insumos[ID],MATCH(Ingredientes[[#This Row],[item]],insumos[item],0)),
IFERROR(
INDEX(CaProdutos[ID],MATCH(Ingredientes[[#This Row],[item]],CaProdutos[Item],0)),
""""
))",,,"=IFERROR(
INDEX(insumos[medida],MATCH(Ingredientes[[#This Row],[item]],insumos[item],0)),
IFERROR(
IF(MATCH(Ingredientes[[#This Row],[item]],CaProdutos[Item],0)>0,""Unidades"",""""),
""""
))","=IFERROR(INDEX(CaProdutos[Un. Por Lote], MATCH(Ingredientes[[#This Row],[Produto]], CaProdutos[Item], 0)), """")","=IFERROR(
    INDEX(insumos[preço],MATCH(Ingredientes[[#This Row],[item]],insumos[item],0))
    /INDEX(insumos[quantidade],MATCH(Ingredientes[[#This Row],[item]],insumos[item],0))
    *Ingredientes[[#This Row],[qtd.]],
    IFERROR(
        INDEX(CaProdutos[Custo de Produção (1 un.)],MATCH(Ingredientes[[#This Row],[item]],CaProdutos[Item],0))
        *Ingredientes[[#This Row],[qtd.]],
        """"
    )
)",,,,,,,,,,,,,,,,,
,,,"=IFERROR(
INDEX(insumos[ID],MATCH(Ingredientes[[#This Row],[item]],insumos[item],0)),
IFERROR(
INDEX(CaProdutos[ID],MATCH(Ingredientes[[#This Row],[item]],CaProdutos[Item],0)),
""""
))",,,"=IFERROR(
INDEX(insumos[medida],MATCH(Ingredientes[[#This Row],[item]],insumos[item],0)),
IFERROR(
IF(MATCH(Ingredientes[[#This Row],[item]],CaProdutos[Item],0)>0,""Unidades"",""""),
""""
))","=IFERROR(INDEX(CaProdutos[Un. Por Lote], MATCH(Ingredientes[[#This Row],[Produto]], CaProdutos[Item], 0)), """")","=IFERROR(
    INDEX(insumos[preço],MATCH(Ingredientes[[#This Row],[item]],insumos[item],0))
    /INDEX(insumos[quantidade],MATCH(Ingredientes[[#This Row],[item]],insumos[item],0))
    *Ingredientes[[#This Row],[qtd.]],
    IFERROR(
        INDEX(CaProdutos[Custo de Produção (1 un.)],MATCH(Ingredientes[[#This Row],[item]],CaProdutos[Item],0))
        *Ingredientes[[#This Row],[qtd.]],
        """"
    )
)",,,,,,,,,,,,,,,,,
,,,"=IFERROR(
INDEX(insumos[ID],MATCH(Ingredientes[[#This Row],[item]],insumos[item],0)),
IFERROR(
INDEX(CaProdutos[ID],MATCH(Ingredientes[[#This Row],[item]],CaProdutos[Item],0)),
""""
))",,,"=IFERROR(
INDEX(insumos[medida],MATCH(Ingredientes[[#This Row],[item]],insumos[item],0)),
IFERROR(
IF(MATCH(Ingredientes[[#This Row],[item]],CaProdutos[Item],0)>0,""Unidades"",""""),
""""
))","=IFERROR(INDEX(CaProdutos[Un. Por Lote], MATCH(Ingredientes[[#This Row],[Produto]], CaProdutos[Item], 0)), """")","=IFERROR(
    INDEX(insumos[preço],MATCH(Ingredientes[[#This Row],[item]],insumos[item],0))
    /INDEX(insumos[quantidade],MATCH(Ingredientes[[#This Row],[item]],insumos[item],0))
    *Ingredientes[[#This Row],[qtd.]],
    IFERROR(
        INDEX(CaProdutos[Custo de Produção (1 un.)],MATCH(Ingredientes[[#This Row],[item]],CaProdutos[Item],0))
        *Ingredientes[[#This Row],[qtd.]],
        """"
    )
)",,,,,,,,,,,,,,,,,
,,,"=IFERROR(
INDEX(insumos[ID],MATCH(Ingredientes[[#This Row],[item]],insumos[item],0)),
IFERROR(
INDEX(CaProdutos[ID],MATCH(Ingredientes[[#This Row],[item]],CaProdutos[Item],0)),
""""
))",,,"=IFERROR(
INDEX(insumos[medida],MATCH(Ingredientes[[#This Row],[item]],insumos[item],0)),
IFERROR(
IF(MATCH(Ingredientes[[#This Row],[item]],CaProdutos[Item],0)>0,""Unidades"",""""),
""""
))","=IFERROR(INDEX(CaProdutos[Un. Por Lote], MATCH(Ingredientes[[#This Row],[Produto]], CaProdutos[Item], 0)), """")","=IFERROR(
    INDEX(insumos[preço],MATCH(Ingredientes[[#This Row],[item]],insumos[item],0))
    /INDEX(insumos[quantidade],MATCH(Ingredientes[[#This Row],[item]],insumos[item],0))
    *Ingredientes[[#This Row],[qtd.]],
    IFERROR(
        INDEX(CaProdutos[Custo de Produção (1 un.)],MATCH(Ingredientes[[#This Row],[item]],CaProdutos[Item],0))
        *Ingredientes[[#This Row],[qtd.]],
        """"
    )
)",,,,,,,,,,,,,,,,,
,,,"=IFERROR(
INDEX(insumos[ID],MATCH(Ingredientes[[#This Row],[item]],insumos[item],0)),
IFERROR(
INDEX(CaProdutos[ID],MATCH(Ingredientes[[#This Row],[item]],CaProdutos[Item],0)),
""""
))",,,"=IFERROR(
INDEX(insumos[medida],MATCH(Ingredientes[[#This Row],[item]],insumos[item],0)),
IFERROR(
IF(MATCH(Ingredientes[[#This Row],[item]],CaProdutos[Item],0)>0,""Unidades"",""""),
""""
))","=IFERROR(INDEX(CaProdutos[Un. Por Lote], MATCH(Ingredientes[[#This Row],[Produto]], CaProdutos[Item], 0)), """")","=IFERROR(
    INDEX(insumos[preço],MATCH(Ingredientes[[#This Row],[item]],insumos[item],0))
    /INDEX(insumos[quantidade],MATCH(Ingredientes[[#This Row],[item]],insumos[item],0))
    *Ingredientes[[#This Row],[qtd.]],
    IFERROR(
        INDEX(CaProdutos[Custo de Produção (1 un.)],MATCH(Ingredientes[[#This Row],[item]],CaProdutos[Item],0))
        *Ingredientes[[#This Row],[qtd.]],
        """"
    )
)",,,,,,,,,,,,,,,,,
,,,"=IFERROR(
INDEX(insumos[ID],MATCH(Ingredientes[[#This Row],[item]],insumos[item],0)),
IFERROR(
INDEX(CaProdutos[ID],MATCH(Ingredientes[[#This Row],[item]],CaProdutos[Item],0)),
""""
))",,,"=IFERROR(
INDEX(insumos[medida],MATCH(Ingredientes[[#This Row],[item]],insumos[item],0)),
IFERROR(
IF(MATCH(Ingredientes[[#This Row],[item]],CaProdutos[Item],0)>0,""Unidades"",""""),
""""
))","=IFERROR(INDEX(CaProdutos[Un. Por Lote], MATCH(Ingredientes[[#This Row],[Produto]], CaProdutos[Item], 0)), """")","=IFERROR(
    INDEX(insumos[preço],MATCH(Ingredientes[[#This Row],[item]],insumos[item],0))
    /INDEX(insumos[quantidade],MATCH(Ingredientes[[#This Row],[item]],insumos[item],0))
    *Ingredientes[[#This Row],[qtd.]],
    IFERROR(
        INDEX(CaProdutos[Custo de Produção (1 un.)],MATCH(Ingredientes[[#This Row],[item]],CaProdutos[Item],0))
        *Ingredientes[[#This Row],[qtd.]],
        """"
    )
)",,,,,,,,,,,,,,,,,
,,,"=IFERROR(
INDEX(insumos[ID],MATCH(Ingredientes[[#This Row],[item]],insumos[item],0)),
IFERROR(
INDEX(CaProdutos[ID],MATCH(Ingredientes[[#This Row],[item]],CaProdutos[Item],0)),
""""
))",,,"=IFERROR(
INDEX(insumos[medida],MATCH(Ingredientes[[#This Row],[item]],insumos[item],0)),
IFERROR(
IF(MATCH(Ingredientes[[#This Row],[item]],CaProdutos[Item],0)>0,""Unidades"",""""),
""""
))","=IFERROR(INDEX(CaProdutos[Un. Por Lote], MATCH(Ingredientes[[#This Row],[Produto]], CaProdutos[Item], 0)), """")","=IFERROR(
    INDEX(insumos[preço],MATCH(Ingredientes[[#This Row],[item]],insumos[item],0))
    /INDEX(insumos[quantidade],MATCH(Ingredientes[[#This Row],[item]],insumos[item],0))
    *Ingredientes[[#This Row],[qtd.]],
    IFERROR(
        INDEX(CaProdutos[Custo de Produção (1 un.)],MATCH(Ingredientes[[#This Row],[item]],CaProdutos[Item],0))
        *Ingredientes[[#This Row],[qtd.]],
        """"
    )
)",,,,,,,,,,,,,,,,,
,,,"=IFERROR(
INDEX(insumos[ID],MATCH(Ingredientes[[#This Row],[item]],insumos[item],0)),
IFERROR(
INDEX(CaProdutos[ID],MATCH(Ingredientes[[#This Row],[item]],CaProdutos[Item],0)),
""""
))",,,"=IFERROR(
INDEX(insumos[medida],MATCH(Ingredientes[[#This Row],[item]],insumos[item],0)),
IFERROR(
IF(MATCH(Ingredientes[[#This Row],[item]],CaProdutos[Item],0)>0,""Unidades"",""""),
""""
))","=IFERROR(INDEX(CaProdutos[Un. Por Lote], MATCH(Ingredientes[[#This Row],[Produto]], CaProdutos[Item], 0)), """")","=IFERROR(
    INDEX(insumos[preço],MATCH(Ingredientes[[#This Row],[item]],insumos[item],0))
    /INDEX(insumos[quantidade],MATCH(Ingredientes[[#This Row],[item]],insumos[item],0))
    *Ingredientes[[#This Row],[qtd.]],
    IFERROR(
        INDEX(CaProdutos[Custo de Produção (1 un.)],MATCH(Ingredientes[[#This Row],[item]],CaProdutos[Item],0))
        *Ingredientes[[#This Row],[qtd.]],
        """"
    )
)",,,,,,,,,,,,,,,,,
,,,"=IFERROR(
INDEX(insumos[ID],MATCH(Ingredientes[[#This Row],[item]],insumos[item],0)),
IFERROR(
INDEX(CaProdutos[ID],MATCH(Ingredientes[[#This Row],[item]],CaProdutos[Item],0)),
""""
))",,,"=IFERROR(
INDEX(insumos[medida],MATCH(Ingredientes[[#This Row],[item]],insumos[item],0)),
IFERROR(
IF(MATCH(Ingredientes[[#This Row],[item]],CaProdutos[Item],0)>0,""Unidades"",""""),
""""
))","=IFERROR(INDEX(CaProdutos[Un. Por Lote], MATCH(Ingredientes[[#This Row],[Produto]], CaProdutos[Item], 0)), """")","=IFERROR(
    INDEX(insumos[preço],MATCH(Ingredientes[[#This Row],[item]],insumos[item],0))
    /INDEX(insumos[quantidade],MATCH(Ingredientes[[#This Row],[item]],insumos[item],0))
    *Ingredientes[[#This Row],[qtd.]],
    IFERROR(
        INDEX(CaProdutos[Custo de Produção (1 un.)],MATCH(Ingredientes[[#This Row],[item]],CaProdutos[Item],0))
        *Ingredientes[[#This Row],[qtd.]],
        """"
    )
)",,,,,,,,,,,,,,,,,
,,,"=IFERROR(
INDEX(insumos[ID],MATCH(Ingredientes[[#This Row],[item]],insumos[item],0)),
IFERROR(
INDEX(CaProdutos[ID],MATCH(Ingredientes[[#This Row],[item]],CaProdutos[Item],0)),
""""
))",,,"=IFERROR(
INDEX(insumos[medida],MATCH(Ingredientes[[#This Row],[item]],insumos[item],0)),
IFERROR(
IF(MATCH(Ingredientes[[#This Row],[item]],CaProdutos[Item],0)>0,""Unidades"",""""),
""""
))","=IFERROR(INDEX(CaProdutos[Un. Por Lote], MATCH(Ingredientes[[#This Row],[Produto]], CaProdutos[Item], 0)), """")","=IFERROR(
    INDEX(insumos[preço],MATCH(Ingredientes[[#This Row],[item]],insumos[item],0))
    /INDEX(insumos[quantidade],MATCH(Ingredientes[[#This Row],[item]],insumos[item],0))
    *Ingredientes[[#This Row],[qtd.]],
    IFERROR(
        INDEX(CaProdutos[Custo de Produção (1 un.)],MATCH(Ingredientes[[#This Row],[item]],CaProdutos[Item],0))
        *Ingredientes[[#This Row],[qtd.]],
        """"
    )
)",,,,,,,,,,,,,,,,,
,,,"=IFERROR(
INDEX(insumos[ID],MATCH(Ingredientes[[#This Row],[item]],insumos[item],0)),
IFERROR(
INDEX(CaProdutos[ID],MATCH(Ingredientes[[#This Row],[item]],CaProdutos[Item],0)),
""""
))",,,"=IFERROR(
INDEX(insumos[medida],MATCH(Ingredientes[[#This Row],[item]],insumos[item],0)),
IFERROR(
IF(MATCH(Ingredientes[[#This Row],[item]],CaProdutos[Item],0)>0,""Unidades"",""""),
""""
))","=IFERROR(INDEX(CaProdutos[Un. Por Lote], MATCH(Ingredientes[[#This Row],[Produto]], CaProdutos[Item], 0)), """")","=IFERROR(
    INDEX(insumos[preço],MATCH(Ingredientes[[#This Row],[item]],insumos[item],0))
    /INDEX(insumos[quantidade],MATCH(Ingredientes[[#This Row],[item]],insumos[item],0))
    *Ingredientes[[#This Row],[qtd.]],
    IFERROR(
        INDEX(CaProdutos[Custo de Produção (1 un.)],MATCH(Ingredientes[[#This Row],[item]],CaProdutos[Item],0))
        *Ingredientes[[#This Row],[qtd.]],
        """"
    )
)",,,,,,,,,,,,,,,,,
,,,"=IFERROR(
INDEX(insumos[ID],MATCH(Ingredientes[[#This Row],[item]],insumos[item],0)),
IFERROR(
INDEX(CaProdutos[ID],MATCH(Ingredientes[[#This Row],[item]],CaProdutos[Item],0)),
""""
))",,,"=IFERROR(
INDEX(insumos[medida],MATCH(Ingredientes[[#This Row],[item]],insumos[item],0)),
IFERROR(
IF(MATCH(Ingredientes[[#This Row],[item]],CaProdutos[Item],0)>0,""Unidades"",""""),
""""
))","=IFERROR(INDEX(CaProdutos[Un. Por Lote], MATCH(Ingredientes[[#This Row],[Produto]], CaProdutos[Item], 0)), """")","=IFERROR(
    INDEX(insumos[preço],MATCH(Ingredientes[[#This Row],[item]],insumos[item],0))
    /INDEX(insumos[quantidade],MATCH(Ingredientes[[#This Row],[item]],insumos[item],0))
    *Ingredientes[[#This Row],[qtd.]],
    IFERROR(
        INDEX(CaProdutos[Custo de Produção (1 un.)],MATCH(Ingredientes[[#This Row],[item]],CaProdutos[Item],0))
        *Ingredientes[[#This Row],[qtd.]],
        """"
    )
)",,,,,,,,,,,,,,,,,
,,,"=IFERROR(
INDEX(insumos[ID],MATCH(Ingredientes[[#This Row],[item]],insumos[item],0)),
IFERROR(
INDEX(CaProdutos[ID],MATCH(Ingredientes[[#This Row],[item]],CaProdutos[Item],0)),
""""
))",,,"=IFERROR(
INDEX(insumos[medida],MATCH(Ingredientes[[#This Row],[item]],insumos[item],0)),
IFERROR(
IF(MATCH(Ingredientes[[#This Row],[item]],CaProdutos[Item],0)>0,""Unidades"",""""),
""""
))","=IFERROR(INDEX(CaProdutos[Un. Por Lote], MATCH(Ingredientes[[#This Row],[Produto]], CaProdutos[Item], 0)), """")","=IFERROR(
    INDEX(insumos[preço],MATCH(Ingredientes[[#This Row],[item]],insumos[item],0))
    /INDEX(insumos[quantidade],MATCH(Ingredientes[[#This Row],[item]],insumos[item],0))
    *Ingredientes[[#This Row],[qtd.]],
    IFERROR(
        INDEX(CaProdutos[Custo de Produção (1 un.)],MATCH(Ingredientes[[#This Row],[item]],CaProdutos[Item],0))
        *Ingredientes[[#This Row],[qtd.]],
        """"
    )
)",,,,,,,,,,,,,,,,,
,,,"=IFERROR(
INDEX(insumos[ID],MATCH(Ingredientes[[#This Row],[item]],insumos[item],0)),
IFERROR(
INDEX(CaProdutos[ID],MATCH(Ingredientes[[#This Row],[item]],CaProdutos[Item],0)),
""""
))",,,"=IFERROR(
INDEX(insumos[medida],MATCH(Ingredientes[[#This Row],[item]],insumos[item],0)),
IFERROR(
IF(MATCH(Ingredientes[[#This Row],[item]],CaProdutos[Item],0)>0,""Unidades"",""""),
""""
))","=IFERROR(INDEX(CaProdutos[Un. Por Lote], MATCH(Ingredientes[[#This Row],[Produto]], CaProdutos[Item], 0)), """")","=IFERROR(
    INDEX(insumos[preço],MATCH(Ingredientes[[#This Row],[item]],insumos[item],0))
    /INDEX(insumos[quantidade],MATCH(Ingredientes[[#This Row],[item]],insumos[item],0))
    *Ingredientes[[#This Row],[qtd.]],
    IFERROR(
        INDEX(CaProdutos[Custo de Produção (1 un.)],MATCH(Ingredientes[[#This Row],[item]],CaProdutos[Item],0))
        *Ingredientes[[#This Row],[qtd.]],
        """"
    )
)",,,,,,,,,,,,,,,,,
,,,"=IFERROR(
INDEX(insumos[ID],MATCH(Ingredientes[[#This Row],[item]],insumos[item],0)),
IFERROR(
INDEX(CaProdutos[ID],MATCH(Ingredientes[[#This Row],[item]],CaProdutos[Item],0)),
""""
))",,,"=IFERROR(
INDEX(insumos[medida],MATCH(Ingredientes[[#This Row],[item]],insumos[item],0)),
IFERROR(
IF(MATCH(Ingredientes[[#This Row],[item]],CaProdutos[Item],0)>0,""Unidades"",""""),
""""
))","=IFERROR(INDEX(CaProdutos[Un. Por Lote], MATCH(Ingredientes[[#This Row],[Produto]], CaProdutos[Item], 0)), """")","=IFERROR(
    INDEX(insumos[preço],MATCH(Ingredientes[[#This Row],[item]],insumos[item],0))
    /INDEX(insumos[quantidade],MATCH(Ingredientes[[#This Row],[item]],insumos[item],0))
    *Ingredientes[[#This Row],[qtd.]],
    IFERROR(
        INDEX(CaProdutos[Custo de Produção (1 un.)],MATCH(Ingredientes[[#This Row],[item]],CaProdutos[Item],0))
        *Ingredientes[[#This Row],[qtd.]],
        """"
    )
)",,,,,,,,,,,,,,,,,
,,,"=IFERROR(
INDEX(insumos[ID],MATCH(Ingredientes[[#This Row],[item]],insumos[item],0)),
IFERROR(
INDEX(CaProdutos[ID],MATCH(Ingredientes[[#This Row],[item]],CaProdutos[Item],0)),
""""
))",,,"=IFERROR(
INDEX(insumos[medida],MATCH(Ingredientes[[#This Row],[item]],insumos[item],0)),
IFERROR(
IF(MATCH(Ingredientes[[#This Row],[item]],CaProdutos[Item],0)>0,""Unidades"",""""),
""""
))","=IFERROR(INDEX(CaProdutos[Un. Por Lote], MATCH(Ingredientes[[#This Row],[Produto]], CaProdutos[Item], 0)), """")","=IFERROR(
    INDEX(insumos[preço],MATCH(Ingredientes[[#This Row],[item]],insumos[item],0))
    /INDEX(insumos[quantidade],MATCH(Ingredientes[[#This Row],[item]],insumos[item],0))
    *Ingredientes[[#This Row],[qtd.]],
    IFERROR(
        INDEX(CaProdutos[Custo de Produção (1 un.)],MATCH(Ingredientes[[#This Row],[item]],CaProdutos[Item],0))
        *Ingredientes[[#This Row],[qtd.]],
        """"
    )
)",,,,,,,,,,,,,,,,,
,,,"=IFERROR(
INDEX(insumos[ID],MATCH(Ingredientes[[#This Row],[item]],insumos[item],0)),
IFERROR(
INDEX(CaProdutos[ID],MATCH(Ingredientes[[#This Row],[item]],CaProdutos[Item],0)),
""""
))",,,"=IFERROR(
INDEX(insumos[medida],MATCH(Ingredientes[[#This Row],[item]],insumos[item],0)),
IFERROR(
IF(MATCH(Ingredientes[[#This Row],[item]],CaProdutos[Item],0)>0,""Unidades"",""""),
""""
))","=IFERROR(INDEX(CaProdutos[Un. Por Lote], MATCH(Ingredientes[[#This Row],[Produto]], CaProdutos[Item], 0)), """")","=IFERROR(
    INDEX(insumos[preço],MATCH(Ingredientes[[#This Row],[item]],insumos[item],0))
    /INDEX(insumos[quantidade],MATCH(Ingredientes[[#This Row],[item]],insumos[item],0))
    *Ingredientes[[#This Row],[qtd.]],
    IFERROR(
        INDEX(CaProdutos[Custo de Produção (1 un.)],MATCH(Ingredientes[[#This Row],[item]],CaProdutos[Item],0))
        *Ingredientes[[#This Row],[qtd.]],
        """"
    )
)",,,,,,,,,,,,,,,,,
,,,"=IFERROR(
INDEX(insumos[ID],MATCH(Ingredientes[[#This Row],[item]],insumos[item],0)),
IFERROR(
INDEX(CaProdutos[ID],MATCH(Ingredientes[[#This Row],[item]],CaProdutos[Item],0)),
""""
))",,,"=IFERROR(
INDEX(insumos[medida],MATCH(Ingredientes[[#This Row],[item]],insumos[item],0)),
IFERROR(
IF(MATCH(Ingredientes[[#This Row],[item]],CaProdutos[Item],0)>0,""Unidades"",""""),
""""
))","=IFERROR(INDEX(CaProdutos[Un. Por Lote], MATCH(Ingredientes[[#This Row],[Produto]], CaProdutos[Item], 0)), """")","=IFERROR(
    INDEX(insumos[preço],MATCH(Ingredientes[[#This Row],[item]],insumos[item],0))
    /INDEX(insumos[quantidade],MATCH(Ingredientes[[#This Row],[item]],insumos[item],0))
    *Ingredientes[[#This Row],[qtd.]],
    IFERROR(
        INDEX(CaProdutos[Custo de Produção (1 un.)],MATCH(Ingredientes[[#This Row],[item]],CaProdutos[Item],0))
        *Ingredientes[[#This Row],[qtd.]],
        """"
    )
)",,,,,,,,,,,,,,,,,
,,,"=IFERROR(
INDEX(insumos[ID],MATCH(Ingredientes[[#This Row],[item]],insumos[item],0)),
IFERROR(
INDEX(CaProdutos[ID],MATCH(Ingredientes[[#This Row],[item]],CaProdutos[Item],0)),
""""
))",,,"=IFERROR(
INDEX(insumos[medida],MATCH(Ingredientes[[#This Row],[item]],insumos[item],0)),
IFERROR(
IF(MATCH(Ingredientes[[#This Row],[item]],CaProdutos[Item],0)>0,""Unidades"",""""),
""""
))","=IFERROR(INDEX(CaProdutos[Un. Por Lote], MATCH(Ingredientes[[#This Row],[Produto]], CaProdutos[Item], 0)), """")","=IFERROR(
    INDEX(insumos[preço],MATCH(Ingredientes[[#This Row],[item]],insumos[item],0))
    /INDEX(insumos[quantidade],MATCH(Ingredientes[[#This Row],[item]],insumos[item],0))
    *Ingredientes[[#This Row],[qtd.]],
    IFERROR(
        INDEX(CaProdutos[Custo de Produção (1 un.)],MATCH(Ingredientes[[#This Row],[item]],CaProdutos[Item],0))
        *Ingredientes[[#This Row],[qtd.]],
        """"
    )
)",,,,,,,,,,,,,,,,,
,,,"=IFERROR(
INDEX(insumos[ID],MATCH(Ingredientes[[#This Row],[item]],insumos[item],0)),
IFERROR(
INDEX(CaProdutos[ID],MATCH(Ingredientes[[#This Row],[item]],CaProdutos[Item],0)),
""""
))",,,"=IFERROR(
INDEX(insumos[medida],MATCH(Ingredientes[[#This Row],[item]],insumos[item],0)),
IFERROR(
IF(MATCH(Ingredientes[[#This Row],[item]],CaProdutos[Item],0)>0,""Unidades"",""""),
""""
))","=IFERROR(INDEX(CaProdutos[Un. Por Lote], MATCH(Ingredientes[[#This Row],[Produto]], CaProdutos[Item], 0)), """")","=IFERROR(
    INDEX(insumos[preço],MATCH(Ingredientes[[#This Row],[item]],insumos[item],0))
    /INDEX(insumos[quantidade],MATCH(Ingredientes[[#This Row],[item]],insumos[item],0))
    *Ingredientes[[#This Row],[qtd.]],
    IFERROR(
        INDEX(CaProdutos[Custo de Produção (1 un.)],MATCH(Ingredientes[[#This Row],[item]],CaProdutos[Item],0))
        *Ingredientes[[#This Row],[qtd.]],
        """"
    )
)",,,,,,,,,,,,,,,,,
,,,"=IFERROR(
INDEX(insumos[ID],MATCH(Ingredientes[[#This Row],[item]],insumos[item],0)),
IFERROR(
INDEX(CaProdutos[ID],MATCH(Ingredientes[[#This Row],[item]],CaProdutos[Item],0)),
""""
))",,,"=IFERROR(
INDEX(insumos[medida],MATCH(Ingredientes[[#This Row],[item]],insumos[item],0)),
IFERROR(
IF(MATCH(Ingredientes[[#This Row],[item]],CaProdutos[Item],0)>0,""Unidades"",""""),
""""
))","=IFERROR(INDEX(CaProdutos[Un. Por Lote], MATCH(Ingredientes[[#This Row],[Produto]], CaProdutos[Item], 0)), """")","=IFERROR(
    INDEX(insumos[preço],MATCH(Ingredientes[[#This Row],[item]],insumos[item],0))
    /INDEX(insumos[quantidade],MATCH(Ingredientes[[#This Row],[item]],insumos[item],0))
    *Ingredientes[[#This Row],[qtd.]],
    IFERROR(
        INDEX(CaProdutos[Custo de Produção (1 un.)],MATCH(Ingredientes[[#This Row],[item]],CaProdutos[Item],0))
        *Ingredientes[[#This Row],[qtd.]],
        """"
    )
)",,,,,,,,,,,,,,,,,
,,,"=IFERROR(
INDEX(insumos[ID],MATCH(Ingredientes[[#This Row],[item]],insumos[item],0)),
IFERROR(
INDEX(CaProdutos[ID],MATCH(Ingredientes[[#This Row],[item]],CaProdutos[Item],0)),
""""
))",,,"=IFERROR(
INDEX(insumos[medida],MATCH(Ingredientes[[#This Row],[item]],insumos[item],0)),
IFERROR(
IF(MATCH(Ingredientes[[#This Row],[item]],CaProdutos[Item],0)>0,""Unidades"",""""),
""""
))","=IFERROR(INDEX(CaProdutos[Un. Por Lote], MATCH(Ingredientes[[#This Row],[Produto]], CaProdutos[Item], 0)), """")","=IFERROR(
    INDEX(insumos[preço],MATCH(Ingredientes[[#This Row],[item]],insumos[item],0))
    /INDEX(insumos[quantidade],MATCH(Ingredientes[[#This Row],[item]],insumos[item],0))
    *Ingredientes[[#This Row],[qtd.]],
    IFERROR(
        INDEX(CaProdutos[Custo de Produção (1 un.)],MATCH(Ingredientes[[#This Row],[item]],CaProdutos[Item],0))
        *Ingredientes[[#This Row],[qtd.]],
        """"
    )
)",,,,,,,,,,,,,,,,,
,,,"=IFERROR(
INDEX(insumos[ID],MATCH(Ingredientes[[#This Row],[item]],insumos[item],0)),
IFERROR(
INDEX(CaProdutos[ID],MATCH(Ingredientes[[#This Row],[item]],CaProdutos[Item],0)),
""""
))",,,"=IFERROR(
INDEX(insumos[medida],MATCH(Ingredientes[[#This Row],[item]],insumos[item],0)),
IFERROR(
IF(MATCH(Ingredientes[[#This Row],[item]],CaProdutos[Item],0)>0,""Unidades"",""""),
""""
))","=IFERROR(INDEX(CaProdutos[Un. Por Lote], MATCH(Ingredientes[[#This Row],[Produto]], CaProdutos[Item], 0)), """")","=IFERROR(
    INDEX(insumos[preço],MATCH(Ingredientes[[#This Row],[item]],insumos[item],0))
    /INDEX(insumos[quantidade],MATCH(Ingredientes[[#This Row],[item]],insumos[item],0))
    *Ingredientes[[#This Row],[qtd.]],
    IFERROR(
        INDEX(CaProdutos[Custo de Produção (1 un.)],MATCH(Ingredientes[[#This Row],[item]],CaProdutos[Item],0))
        *Ingredientes[[#This Row],[qtd.]],
        """"
    )
)",,,,,,,,,,,,,,,,,
,,,"=IFERROR(
INDEX(insumos[ID],MATCH(Ingredientes[[#This Row],[item]],insumos[item],0)),
IFERROR(
INDEX(CaProdutos[ID],MATCH(Ingredientes[[#This Row],[item]],CaProdutos[Item],0)),
""""
))",,,"=IFERROR(
INDEX(insumos[medida],MATCH(Ingredientes[[#This Row],[item]],insumos[item],0)),
IFERROR(
IF(MATCH(Ingredientes[[#This Row],[item]],CaProdutos[Item],0)>0,""Unidades"",""""),
""""
))","=IFERROR(INDEX(CaProdutos[Un. Por Lote], MATCH(Ingredientes[[#This Row],[Produto]], CaProdutos[Item], 0)), """")","=IFERROR(
    INDEX(insumos[preço],MATCH(Ingredientes[[#This Row],[item]],insumos[item],0))
    /INDEX(insumos[quantidade],MATCH(Ingredientes[[#This Row],[item]],insumos[item],0))
    *Ingredientes[[#This Row],[qtd.]],
    IFERROR(
        INDEX(CaProdutos[Custo de Produção (1 un.)],MATCH(Ingredientes[[#This Row],[item]],CaProdutos[Item],0))
        *Ingredientes[[#This Row],[qtd.]],
        """"
    )
)",,,,,,,,,,,,,,,,,
,,,"=IFERROR(
INDEX(insumos[ID],MATCH(Ingredientes[[#This Row],[item]],insumos[item],0)),
IFERROR(
INDEX(CaProdutos[ID],MATCH(Ingredientes[[#This Row],[item]],CaProdutos[Item],0)),
""""
))",,,"=IFERROR(
INDEX(insumos[medida],MATCH(Ingredientes[[#This Row],[item]],insumos[item],0)),
IFERROR(
IF(MATCH(Ingredientes[[#This Row],[item]],CaProdutos[Item],0)>0,""Unidades"",""""),
""""
))","=IFERROR(INDEX(CaProdutos[Un. Por Lote], MATCH(Ingredientes[[#This Row],[Produto]], CaProdutos[Item], 0)), """")","=IFERROR(
    INDEX(insumos[preço],MATCH(Ingredientes[[#This Row],[item]],insumos[item],0))
    /INDEX(insumos[quantidade],MATCH(Ingredientes[[#This Row],[item]],insumos[item],0))
    *Ingredientes[[#This Row],[qtd.]],
    IFERROR(
        INDEX(CaProdutos[Custo de Produção (1 un.)],MATCH(Ingredientes[[#This Row],[item]],CaProdutos[Item],0))
        *Ingredientes[[#This Row],[qtd.]],
        """"
    )
)",,,,,,,,,,,,,,,,,
,,,"=IFERROR(
INDEX(insumos[ID],MATCH(Ingredientes[[#This Row],[item]],insumos[item],0)),
IFERROR(
INDEX(CaProdutos[ID],MATCH(Ingredientes[[#This Row],[item]],CaProdutos[Item],0)),
""""
))",,,"=IFERROR(
INDEX(insumos[medida],MATCH(Ingredientes[[#This Row],[item]],insumos[item],0)),
IFERROR(
IF(MATCH(Ingredientes[[#This Row],[item]],CaProdutos[Item],0)>0,""Unidades"",""""),
""""
))","=IFERROR(INDEX(CaProdutos[Un. Por Lote], MATCH(Ingredientes[[#This Row],[Produto]], CaProdutos[Item], 0)), """")","=IFERROR(
    INDEX(insumos[preço],MATCH(Ingredientes[[#This Row],[item]],insumos[item],0))
    /INDEX(insumos[quantidade],MATCH(Ingredientes[[#This Row],[item]],insumos[item],0))
    *Ingredientes[[#This Row],[qtd.]],
    IFERROR(
        INDEX(CaProdutos[Custo de Produção (1 un.)],MATCH(Ingredientes[[#This Row],[item]],CaProdutos[Item],0))
        *Ingredientes[[#This Row],[qtd.]],
        """"
    )
)",,,,,,,,,,,,,,,,,
,,,"=IFERROR(
INDEX(insumos[ID],MATCH(Ingredientes[[#This Row],[item]],insumos[item],0)),
IFERROR(
INDEX(CaProdutos[ID],MATCH(Ingredientes[[#This Row],[item]],CaProdutos[Item],0)),
""""
))",,,"=IFERROR(
INDEX(insumos[medida],MATCH(Ingredientes[[#This Row],[item]],insumos[item],0)),
IFERROR(
IF(MATCH(Ingredientes[[#This Row],[item]],CaProdutos[Item],0)>0,""Unidades"",""""),
""""
))","=IFERROR(INDEX(CaProdutos[Un. Por Lote], MATCH(Ingredientes[[#This Row],[Produto]], CaProdutos[Item], 0)), """")","=IFERROR(
    INDEX(insumos[preço],MATCH(Ingredientes[[#This Row],[item]],insumos[item],0))
    /INDEX(insumos[quantidade],MATCH(Ingredientes[[#This Row],[item]],insumos[item],0))
    *Ingredientes[[#This Row],[qtd.]],
    IFERROR(
        INDEX(CaProdutos[Custo de Produção (1 un.)],MATCH(Ingredientes[[#This Row],[item]],CaProdutos[Item],0))
        *Ingredientes[[#This Row],[qtd.]],
        """"
    )
)",,,,,,,,,,,,,,,,,
,,,"=IFERROR(
INDEX(insumos[ID],MATCH(Ingredientes[[#This Row],[item]],insumos[item],0)),
IFERROR(
INDEX(CaProdutos[ID],MATCH(Ingredientes[[#This Row],[item]],CaProdutos[Item],0)),
""""
))",,,"=IFERROR(
INDEX(insumos[medida],MATCH(Ingredientes[[#This Row],[item]],insumos[item],0)),
IFERROR(
IF(MATCH(Ingredientes[[#This Row],[item]],CaProdutos[Item],0)>0,""Unidades"",""""),
""""
))","=IFERROR(INDEX(CaProdutos[Un. Por Lote], MATCH(Ingredientes[[#This Row],[Produto]], CaProdutos[Item], 0)), """")","=IFERROR(
    INDEX(insumos[preço],MATCH(Ingredientes[[#This Row],[item]],insumos[item],0))
    /INDEX(insumos[quantidade],MATCH(Ingredientes[[#This Row],[item]],insumos[item],0))
    *Ingredientes[[#This Row],[qtd.]],
    IFERROR(
        INDEX(CaProdutos[Custo de Produção (1 un.)],MATCH(Ingredientes[[#This Row],[item]],CaProdutos[Item],0))
        *Ingredientes[[#This Row],[qtd.]],
        """"
    )
)",,,,,,,,,,,,,,,,,
,,,"=IFERROR(
INDEX(insumos[ID],MATCH(Ingredientes[[#This Row],[item]],insumos[item],0)),
IFERROR(
INDEX(CaProdutos[ID],MATCH(Ingredientes[[#This Row],[item]],CaProdutos[Item],0)),
""""
))",,,"=IFERROR(
INDEX(insumos[medida],MATCH(Ingredientes[[#This Row],[item]],insumos[item],0)),
IFERROR(
IF(MATCH(Ingredientes[[#This Row],[item]],CaProdutos[Item],0)>0,""Unidades"",""""),
""""
))","=IFERROR(INDEX(CaProdutos[Un. Por Lote], MATCH(Ingredientes[[#This Row],[Produto]], CaProdutos[Item], 0)), """")","=IFERROR(
    INDEX(insumos[preço],MATCH(Ingredientes[[#This Row],[item]],insumos[item],0))
    /INDEX(insumos[quantidade],MATCH(Ingredientes[[#This Row],[item]],insumos[item],0))
    *Ingredientes[[#This Row],[qtd.]],
    IFERROR(
        INDEX(CaProdutos[Custo de Produção (1 un.)],MATCH(Ingredientes[[#This Row],[item]],CaProdutos[Item],0))
        *Ingredientes[[#This Row],[qtd.]],
        """"
    )
)",,,,,,,,,,,,,,,,,
,,,"=IFERROR(
INDEX(insumos[ID],MATCH(Ingredientes[[#This Row],[item]],insumos[item],0)),
IFERROR(
INDEX(CaProdutos[ID],MATCH(Ingredientes[[#This Row],[item]],CaProdutos[Item],0)),
""""
))",,,"=IFERROR(
INDEX(insumos[medida],MATCH(Ingredientes[[#This Row],[item]],insumos[item],0)),
IFERROR(
IF(MATCH(Ingredientes[[#This Row],[item]],CaProdutos[Item],0)>0,""Unidades"",""""),
""""
))","=IFERROR(INDEX(CaProdutos[Un. Por Lote], MATCH(Ingredientes[[#This Row],[Produto]], CaProdutos[Item], 0)), """")","=IFERROR(
    INDEX(insumos[preço],MATCH(Ingredientes[[#This Row],[item]],insumos[item],0))
    /INDEX(insumos[quantidade],MATCH(Ingredientes[[#This Row],[item]],insumos[item],0))
    *Ingredientes[[#This Row],[qtd.]],
    IFERROR(
        INDEX(CaProdutos[Custo de Produção (1 un.)],MATCH(Ingredientes[[#This Row],[item]],CaProdutos[Item],0))
        *Ingredientes[[#This Row],[qtd.]],
        """"
    )
)",,,,,,,,,,,,,,,,,
,,,"=IFERROR(
INDEX(insumos[ID],MATCH(Ingredientes[[#This Row],[item]],insumos[item],0)),
IFERROR(
INDEX(CaProdutos[ID],MATCH(Ingredientes[[#This Row],[item]],CaProdutos[Item],0)),
""""
))",,,"=IFERROR(
INDEX(insumos[medida],MATCH(Ingredientes[[#This Row],[item]],insumos[item],0)),
IFERROR(
IF(MATCH(Ingredientes[[#This Row],[item]],CaProdutos[Item],0)>0,""Unidades"",""""),
""""
))","=IFERROR(INDEX(CaProdutos[Un. Por Lote], MATCH(Ingredientes[[#This Row],[Produto]], CaProdutos[Item], 0)), """")","=IFERROR(
    INDEX(insumos[preço],MATCH(Ingredientes[[#This Row],[item]],insumos[item],0))
    /INDEX(insumos[quantidade],MATCH(Ingredientes[[#This Row],[item]],insumos[item],0))
    *Ingredientes[[#This Row],[qtd.]],
    IFERROR(
        INDEX(CaProdutos[Custo de Produção (1 un.)],MATCH(Ingredientes[[#This Row],[item]],CaProdutos[Item],0))
        *Ingredientes[[#This Row],[qtd.]],
        """"
    )
)",,,,,,,,,,,,,,,,,
,,,"=IFERROR(
INDEX(insumos[ID],MATCH(Ingredientes[[#This Row],[item]],insumos[item],0)),
IFERROR(
INDEX(CaProdutos[ID],MATCH(Ingredientes[[#This Row],[item]],CaProdutos[Item],0)),
""""
))",,,"=IFERROR(
INDEX(insumos[medida],MATCH(Ingredientes[[#This Row],[item]],insumos[item],0)),
IFERROR(
IF(MATCH(Ingredientes[[#This Row],[item]],CaProdutos[Item],0)>0,""Unidades"",""""),
""""
))","=IFERROR(INDEX(CaProdutos[Un. Por Lote], MATCH(Ingredientes[[#This Row],[Produto]], CaProdutos[Item], 0)), """")","=IFERROR(
    INDEX(insumos[preço],MATCH(Ingredientes[[#This Row],[item]],insumos[item],0))
    /INDEX(insumos[quantidade],MATCH(Ingredientes[[#This Row],[item]],insumos[item],0))
    *Ingredientes[[#This Row],[qtd.]],
    IFERROR(
        INDEX(CaProdutos[Custo de Produção (1 un.)],MATCH(Ingredientes[[#This Row],[item]],CaProdutos[Item],0))
        *Ingredientes[[#This Row],[qtd.]],
        """"
    )
)",,,,,,,,,,,,,,,,,
,,,"=IFERROR(
INDEX(insumos[ID],MATCH(Ingredientes[[#This Row],[item]],insumos[item],0)),
IFERROR(
INDEX(CaProdutos[ID],MATCH(Ingredientes[[#This Row],[item]],CaProdutos[Item],0)),
""""
))",,,"=IFERROR(
INDEX(insumos[medida],MATCH(Ingredientes[[#This Row],[item]],insumos[item],0)),
IFERROR(
IF(MATCH(Ingredientes[[#This Row],[item]],CaProdutos[Item],0)>0,""Unidades"",""""),
""""
))","=IFERROR(INDEX(CaProdutos[Un. Por Lote], MATCH(Ingredientes[[#This Row],[Produto]], CaProdutos[Item], 0)), """")","=IFERROR(
    INDEX(insumos[preço],MATCH(Ingredientes[[#This Row],[item]],insumos[item],0))
    /INDEX(insumos[quantidade],MATCH(Ingredientes[[#This Row],[item]],insumos[item],0))
    *Ingredientes[[#This Row],[qtd.]],
    IFERROR(
        INDEX(CaProdutos[Custo de Produção (1 un.)],MATCH(Ingredientes[[#This Row],[item]],CaProdutos[Item],0))
        *Ingredientes[[#This Row],[qtd.]],
        """"
    )
)",,,,,,,,,,,,,,,,,
,,,"=IFERROR(
INDEX(insumos[ID],MATCH(Ingredientes[[#This Row],[item]],insumos[item],0)),
IFERROR(
INDEX(CaProdutos[ID],MATCH(Ingredientes[[#This Row],[item]],CaProdutos[Item],0)),
""""
))",,,"=IFERROR(
INDEX(insumos[medida],MATCH(Ingredientes[[#This Row],[item]],insumos[item],0)),
IFERROR(
IF(MATCH(Ingredientes[[#This Row],[item]],CaProdutos[Item],0)>0,""Unidades"",""""),
""""
))","=IFERROR(INDEX(CaProdutos[Un. Por Lote], MATCH(Ingredientes[[#This Row],[Produto]], CaProdutos[Item], 0)), """")","=IFERROR(
    INDEX(insumos[preço],MATCH(Ingredientes[[#This Row],[item]],insumos[item],0))
    /INDEX(insumos[quantidade],MATCH(Ingredientes[[#This Row],[item]],insumos[item],0))
    *Ingredientes[[#This Row],[qtd.]],
    IFERROR(
        INDEX(CaProdutos[Custo de Produção (1 un.)],MATCH(Ingredientes[[#This Row],[item]],CaProdutos[Item],0))
        *Ingredientes[[#This Row],[qtd.]],
        """"
    )
)",,,,,,,,,,,,,,,,,
,,,"=IFERROR(
INDEX(insumos[ID],MATCH(Ingredientes[[#This Row],[item]],insumos[item],0)),
IFERROR(
INDEX(CaProdutos[ID],MATCH(Ingredientes[[#This Row],[item]],CaProdutos[Item],0)),
""""
))",,,"=IFERROR(
INDEX(insumos[medida],MATCH(Ingredientes[[#This Row],[item]],insumos[item],0)),
IFERROR(
IF(MATCH(Ingredientes[[#This Row],[item]],CaProdutos[Item],0)>0,""Unidades"",""""),
""""
))","=IFERROR(INDEX(CaProdutos[Un. Por Lote], MATCH(Ingredientes[[#This Row],[Produto]], CaProdutos[Item], 0)), """")","=IFERROR(
    INDEX(insumos[preço],MATCH(Ingredientes[[#This Row],[item]],insumos[item],0))
    /INDEX(insumos[quantidade],MATCH(Ingredientes[[#This Row],[item]],insumos[item],0))
    *Ingredientes[[#This Row],[qtd.]],
    IFERROR(
        INDEX(CaProdutos[Custo de Produção (1 un.)],MATCH(Ingredientes[[#This Row],[item]],CaProdutos[Item],0))
        *Ingredientes[[#This Row],[qtd.]],
        """"
    )
)",,,,,,,,,,,,,,,,,
,,,"=IFERROR(
INDEX(insumos[ID],MATCH(Ingredientes[[#This Row],[item]],insumos[item],0)),
IFERROR(
INDEX(CaProdutos[ID],MATCH(Ingredientes[[#This Row],[item]],CaProdutos[Item],0)),
""""
))",,,"=IFERROR(
INDEX(insumos[medida],MATCH(Ingredientes[[#This Row],[item]],insumos[item],0)),
IFERROR(
IF(MATCH(Ingredientes[[#This Row],[item]],CaProdutos[Item],0)>0,""Unidades"",""""),
""""
))","=IFERROR(INDEX(CaProdutos[Un. Por Lote], MATCH(Ingredientes[[#This Row],[Produto]], CaProdutos[Item], 0)), """")","=IFERROR(
    INDEX(insumos[preço],MATCH(Ingredientes[[#This Row],[item]],insumos[item],0))
    /INDEX(insumos[quantidade],MATCH(Ingredientes[[#This Row],[item]],insumos[item],0))
    *Ingredientes[[#This Row],[qtd.]],
    IFERROR(
        INDEX(CaProdutos[Custo de Produção (1 un.)],MATCH(Ingredientes[[#This Row],[item]],CaProdutos[Item],0))
        *Ingredientes[[#This Row],[qtd.]],
        """"
    )
)",,,,,,,,,,,,,,,,,
,,,"=IFERROR(
INDEX(insumos[ID],MATCH(Ingredientes[[#This Row],[item]],insumos[item],0)),
IFERROR(
INDEX(CaProdutos[ID],MATCH(Ingredientes[[#This Row],[item]],CaProdutos[Item],0)),
""""
))",,,"=IFERROR(
INDEX(insumos[medida],MATCH(Ingredientes[[#This Row],[item]],insumos[item],0)),
IFERROR(
IF(MATCH(Ingredientes[[#This Row],[item]],CaProdutos[Item],0)>0,""Unidades"",""""),
""""
))","=IFERROR(INDEX(CaProdutos[Un. Por Lote], MATCH(Ingredientes[[#This Row],[Produto]], CaProdutos[Item], 0)), """")","=IFERROR(
    INDEX(insumos[preço],MATCH(Ingredientes[[#This Row],[item]],insumos[item],0))
    /INDEX(insumos[quantidade],MATCH(Ingredientes[[#This Row],[item]],insumos[item],0))
    *Ingredientes[[#This Row],[qtd.]],
    IFERROR(
        INDEX(CaProdutos[Custo de Produção (1 un.)],MATCH(Ingredientes[[#This Row],[item]],CaProdutos[Item],0))
        *Ingredientes[[#This Row],[qtd.]],
        """"
    )
)",,,,,,,,,,,,,,,,,
,,,"=IFERROR(
INDEX(insumos[ID],MATCH(Ingredientes[[#This Row],[item]],insumos[item],0)),
IFERROR(
INDEX(CaProdutos[ID],MATCH(Ingredientes[[#This Row],[item]],CaProdutos[Item],0)),
""""
))",,,"=IFERROR(
INDEX(insumos[medida],MATCH(Ingredientes[[#This Row],[item]],insumos[item],0)),
IFERROR(
IF(MATCH(Ingredientes[[#This Row],[item]],CaProdutos[Item],0)>0,""Unidades"",""""),
""""
))","=IFERROR(INDEX(CaProdutos[Un. Por Lote], MATCH(Ingredientes[[#This Row],[Produto]], CaProdutos[Item], 0)), """")","=IFERROR(
    INDEX(insumos[preço],MATCH(Ingredientes[[#This Row],[item]],insumos[item],0))
    /INDEX(insumos[quantidade],MATCH(Ingredientes[[#This Row],[item]],insumos[item],0))
    *Ingredientes[[#This Row],[qtd.]],
    IFERROR(
        INDEX(CaProdutos[Custo de Produção (1 un.)],MATCH(Ingredientes[[#This Row],[item]],CaProdutos[Item],0))
        *Ingredientes[[#This Row],[qtd.]],
        """"
    )
)",,,,,,,,,,,,,,,,,
,,,"=IFERROR(
INDEX(insumos[ID],MATCH(Ingredientes[[#This Row],[item]],insumos[item],0)),
IFERROR(
INDEX(CaProdutos[ID],MATCH(Ingredientes[[#This Row],[item]],CaProdutos[Item],0)),
""""
))",,,"=IFERROR(
INDEX(insumos[medida],MATCH(Ingredientes[[#This Row],[item]],insumos[item],0)),
IFERROR(
IF(MATCH(Ingredientes[[#This Row],[item]],CaProdutos[Item],0)>0,""Unidades"",""""),
""""
))","=IFERROR(INDEX(CaProdutos[Un. Por Lote], MATCH(Ingredientes[[#This Row],[Produto]], CaProdutos[Item], 0)), """")","=IFERROR(
    INDEX(insumos[preço],MATCH(Ingredientes[[#This Row],[item]],insumos[item],0))
    /INDEX(insumos[quantidade],MATCH(Ingredientes[[#This Row],[item]],insumos[item],0))
    *Ingredientes[[#This Row],[qtd.]],
    IFERROR(
        INDEX(CaProdutos[Custo de Produção (1 un.)],MATCH(Ingredientes[[#This Row],[item]],CaProdutos[Item],0))
        *Ingredientes[[#This Row],[qtd.]],
        """"
    )
)",,,,,,,,,,,,,,,,,
,,,"=IFERROR(
INDEX(insumos[ID],MATCH(Ingredientes[[#This Row],[item]],insumos[item],0)),
IFERROR(
INDEX(CaProdutos[ID],MATCH(Ingredientes[[#This Row],[item]],CaProdutos[Item],0)),
""""
))",,,"=IFERROR(
INDEX(insumos[medida],MATCH(Ingredientes[[#This Row],[item]],insumos[item],0)),
IFERROR(
IF(MATCH(Ingredientes[[#This Row],[item]],CaProdutos[Item],0)>0,""Unidades"",""""),
""""
))","=IFERROR(INDEX(CaProdutos[Un. Por Lote], MATCH(Ingredientes[[#This Row],[Produto]], CaProdutos[Item], 0)), """")","=IFERROR(
    INDEX(insumos[preço],MATCH(Ingredientes[[#This Row],[item]],insumos[item],0))
    /INDEX(insumos[quantidade],MATCH(Ingredientes[[#This Row],[item]],insumos[item],0))
    *Ingredientes[[#This Row],[qtd.]],
    IFERROR(
        INDEX(CaProdutos[Custo de Produção (1 un.)],MATCH(Ingredientes[[#This Row],[item]],CaProdutos[Item],0))
        *Ingredientes[[#This Row],[qtd.]],
        """"
    )
)",,,,,,,,,,,,,,,,,
,,,"=IFERROR(
INDEX(insumos[ID],MATCH(Ingredientes[[#This Row],[item]],insumos[item],0)),
IFERROR(
INDEX(CaProdutos[ID],MATCH(Ingredientes[[#This Row],[item]],CaProdutos[Item],0)),
""""
))",,,"=IFERROR(
INDEX(insumos[medida],MATCH(Ingredientes[[#This Row],[item]],insumos[item],0)),
IFERROR(
IF(MATCH(Ingredientes[[#This Row],[item]],CaProdutos[Item],0)>0,""Unidades"",""""),
""""
))","=IFERROR(INDEX(CaProdutos[Un. Por Lote], MATCH(Ingredientes[[#This Row],[Produto]], CaProdutos[Item], 0)), """")","=IFERROR(
    INDEX(insumos[preço],MATCH(Ingredientes[[#This Row],[item]],insumos[item],0))
    /INDEX(insumos[quantidade],MATCH(Ingredientes[[#This Row],[item]],insumos[item],0))
    *Ingredientes[[#This Row],[qtd.]],
    IFERROR(
        INDEX(CaProdutos[Custo de Produção (1 un.)],MATCH(Ingredientes[[#This Row],[item]],CaProdutos[Item],0))
        *Ingredientes[[#This Row],[qtd.]],
        """"
    )
)",,,,,,,,,,,,,,,,,
,,,"=IFERROR(
INDEX(insumos[ID],MATCH(Ingredientes[[#This Row],[item]],insumos[item],0)),
IFERROR(
INDEX(CaProdutos[ID],MATCH(Ingredientes[[#This Row],[item]],CaProdutos[Item],0)),
""""
))",,,"=IFERROR(
INDEX(insumos[medida],MATCH(Ingredientes[[#This Row],[item]],insumos[item],0)),
IFERROR(
IF(MATCH(Ingredientes[[#This Row],[item]],CaProdutos[Item],0)>0,""Unidades"",""""),
""""
))","=IFERROR(INDEX(CaProdutos[Un. Por Lote], MATCH(Ingredientes[[#This Row],[Produto]], CaProdutos[Item], 0)), """")","=IFERROR(
    INDEX(insumos[preço],MATCH(Ingredientes[[#This Row],[item]],insumos[item],0))
    /INDEX(insumos[quantidade],MATCH(Ingredientes[[#This Row],[item]],insumos[item],0))
    *Ingredientes[[#This Row],[qtd.]],
    IFERROR(
        INDEX(CaProdutos[Custo de Produção (1 un.)],MATCH(Ingredientes[[#This Row],[item]],CaProdutos[Item],0))
        *Ingredientes[[#This Row],[qtd.]],
        """"
    )
)",,,,,,,,,,,,,,,,,
,,,"=IFERROR(
INDEX(insumos[ID],MATCH(Ingredientes[[#This Row],[item]],insumos[item],0)),
IFERROR(
INDEX(CaProdutos[ID],MATCH(Ingredientes[[#This Row],[item]],CaProdutos[Item],0)),
""""
))",,,"=IFERROR(
INDEX(insumos[medida],MATCH(Ingredientes[[#This Row],[item]],insumos[item],0)),
IFERROR(
IF(MATCH(Ingredientes[[#This Row],[item]],CaProdutos[Item],0)>0,""Unidades"",""""),
""""
))","=IFERROR(INDEX(CaProdutos[Un. Por Lote], MATCH(Ingredientes[[#This Row],[Produto]], CaProdutos[Item], 0)), """")","=IFERROR(
    INDEX(insumos[preço],MATCH(Ingredientes[[#This Row],[item]],insumos[item],0))
    /INDEX(insumos[quantidade],MATCH(Ingredientes[[#This Row],[item]],insumos[item],0))
    *Ingredientes[[#This Row],[qtd.]],
    IFERROR(
        INDEX(CaProdutos[Custo de Produção (1 un.)],MATCH(Ingredientes[[#This Row],[item]],CaProdutos[Item],0))
        *Ingredientes[[#This Row],[qtd.]],
        """"
    )
)",,,,,,,,,,,,,,,,,
,,,"=IFERROR(
INDEX(insumos[ID],MATCH(Ingredientes[[#This Row],[item]],insumos[item],0)),
IFERROR(
INDEX(CaProdutos[ID],MATCH(Ingredientes[[#This Row],[item]],CaProdutos[Item],0)),
""""
))",,,"=IFERROR(
INDEX(insumos[medida],MATCH(Ingredientes[[#This Row],[item]],insumos[item],0)),
IFERROR(
IF(MATCH(Ingredientes[[#This Row],[item]],CaProdutos[Item],0)>0,""Unidades"",""""),
""""
))","=IFERROR(INDEX(CaProdutos[Un. Por Lote], MATCH(Ingredientes[[#This Row],[Produto]], CaProdutos[Item], 0)), """")","=IFERROR(
    INDEX(insumos[preço],MATCH(Ingredientes[[#This Row],[item]],insumos[item],0))
    /INDEX(insumos[quantidade],MATCH(Ingredientes[[#This Row],[item]],insumos[item],0))
    *Ingredientes[[#This Row],[qtd.]],
    IFERROR(
        INDEX(CaProdutos[Custo de Produção (1 un.)],MATCH(Ingredientes[[#This Row],[item]],CaProdutos[Item],0))
        *Ingredientes[[#This Row],[qtd.]],
        """"
    )
)",,,,,,,,,,,,,,,,,
,,,"=IFERROR(
INDEX(insumos[ID],MATCH(Ingredientes[[#This Row],[item]],insumos[item],0)),
IFERROR(
INDEX(CaProdutos[ID],MATCH(Ingredientes[[#This Row],[item]],CaProdutos[Item],0)),
""""
))",,,"=IFERROR(
INDEX(insumos[medida],MATCH(Ingredientes[[#This Row],[item]],insumos[item],0)),
IFERROR(
IF(MATCH(Ingredientes[[#This Row],[item]],CaProdutos[Item],0)>0,""Unidades"",""""),
""""
))","=IFERROR(INDEX(CaProdutos[Un. Por Lote], MATCH(Ingredientes[[#This Row],[Produto]], CaProdutos[Item], 0)), """")","=IFERROR(
    INDEX(insumos[preço],MATCH(Ingredientes[[#This Row],[item]],insumos[item],0))
    /INDEX(insumos[quantidade],MATCH(Ingredientes[[#This Row],[item]],insumos[item],0))
    *Ingredientes[[#This Row],[qtd.]],
    IFERROR(
        INDEX(CaProdutos[Custo de Produção (1 un.)],MATCH(Ingredientes[[#This Row],[item]],CaProdutos[Item],0))
        *Ingredientes[[#This Row],[qtd.]],
        """"
    )
)",,,,,,,,,,,,,,,,,
,,,"=IFERROR(
INDEX(insumos[ID],MATCH(Ingredientes[[#This Row],[item]],insumos[item],0)),
IFERROR(
INDEX(CaProdutos[ID],MATCH(Ingredientes[[#This Row],[item]],CaProdutos[Item],0)),
""""
))",,,"=IFERROR(
INDEX(insumos[medida],MATCH(Ingredientes[[#This Row],[item]],insumos[item],0)),
IFERROR(
IF(MATCH(Ingredientes[[#This Row],[item]],CaProdutos[Item],0)>0,""Unidades"",""""),
""""
))","=IFERROR(INDEX(CaProdutos[Un. Por Lote], MATCH(Ingredientes[[#This Row],[Produto]], CaProdutos[Item], 0)), """")","=IFERROR(
    INDEX(insumos[preço],MATCH(Ingredientes[[#This Row],[item]],insumos[item],0))
    /INDEX(insumos[quantidade],MATCH(Ingredientes[[#This Row],[item]],insumos[item],0))
    *Ingredientes[[#This Row],[qtd.]],
    IFERROR(
        INDEX(CaProdutos[Custo de Produção (1 un.)],MATCH(Ingredientes[[#This Row],[item]],CaProdutos[Item],0))
        *Ingredientes[[#This Row],[qtd.]],
        """"
    )
)",,,,,,,,,,,,,,,,,
,,,"=IFERROR(
INDEX(insumos[ID],MATCH(Ingredientes[[#This Row],[item]],insumos[item],0)),
IFERROR(
INDEX(CaProdutos[ID],MATCH(Ingredientes[[#This Row],[item]],CaProdutos[Item],0)),
""""
))",,,"=IFERROR(
INDEX(insumos[medida],MATCH(Ingredientes[[#This Row],[item]],insumos[item],0)),
IFERROR(
IF(MATCH(Ingredientes[[#This Row],[item]],CaProdutos[Item],0)>0,""Unidades"",""""),
""""
))","=IFERROR(INDEX(CaProdutos[Un. Por Lote], MATCH(Ingredientes[[#This Row],[Produto]], CaProdutos[Item], 0)), """")","=IFERROR(
    INDEX(insumos[preço],MATCH(Ingredientes[[#This Row],[item]],insumos[item],0))
    /INDEX(insumos[quantidade],MATCH(Ingredientes[[#This Row],[item]],insumos[item],0))
    *Ingredientes[[#This Row],[qtd.]],
    IFERROR(
        INDEX(CaProdutos[Custo de Produção (1 un.)],MATCH(Ingredientes[[#This Row],[item]],CaProdutos[Item],0))
        *Ingredientes[[#This Row],[qtd.]],
        """"
    )
)",,,,,,,,,,,,,,,,,
,,,"=IFERROR(
INDEX(insumos[ID],MATCH(Ingredientes[[#This Row],[item]],insumos[item],0)),
IFERROR(
INDEX(CaProdutos[ID],MATCH(Ingredientes[[#This Row],[item]],CaProdutos[Item],0)),
""""
))",,,"=IFERROR(
INDEX(insumos[medida],MATCH(Ingredientes[[#This Row],[item]],insumos[item],0)),
IFERROR(
IF(MATCH(Ingredientes[[#This Row],[item]],CaProdutos[Item],0)>0,""Unidades"",""""),
""""
))","=IFERROR(INDEX(CaProdutos[Un. Por Lote], MATCH(Ingredientes[[#This Row],[Produto]], CaProdutos[Item], 0)), """")","=IFERROR(
    INDEX(insumos[preço],MATCH(Ingredientes[[#This Row],[item]],insumos[item],0))
    /INDEX(insumos[quantidade],MATCH(Ingredientes[[#This Row],[item]],insumos[item],0))
    *Ingredientes[[#This Row],[qtd.]],
    IFERROR(
        INDEX(CaProdutos[Custo de Produção (1 un.)],MATCH(Ingredientes[[#This Row],[item]],CaProdutos[Item],0))
        *Ingredientes[[#This Row],[qtd.]],
        """"
    )
)",,,,,,,,,,,,,,,,,
,,,"=IFERROR(
INDEX(insumos[ID],MATCH(Ingredientes[[#This Row],[item]],insumos[item],0)),
IFERROR(
INDEX(CaProdutos[ID],MATCH(Ingredientes[[#This Row],[item]],CaProdutos[Item],0)),
""""
))",,,"=IFERROR(
INDEX(insumos[medida],MATCH(Ingredientes[[#This Row],[item]],insumos[item],0)),
IFERROR(
IF(MATCH(Ingredientes[[#This Row],[item]],CaProdutos[Item],0)>0,""Unidades"",""""),
""""
))","=IFERROR(INDEX(CaProdutos[Un. Por Lote], MATCH(Ingredientes[[#This Row],[Produto]], CaProdutos[Item], 0)), """")","=IFERROR(
    INDEX(insumos[preço],MATCH(Ingredientes[[#This Row],[item]],insumos[item],0))
    /INDEX(insumos[quantidade],MATCH(Ingredientes[[#This Row],[item]],insumos[item],0))
    *Ingredientes[[#This Row],[qtd.]],
    IFERROR(
        INDEX(CaProdutos[Custo de Produção (1 un.)],MATCH(Ingredientes[[#This Row],[item]],CaProdutos[Item],0))
        *Ingredientes[[#This Row],[qtd.]],
        """"
    )
)",,,,,,,,,,,,,,,,,
,,,"=IFERROR(
INDEX(insumos[ID],MATCH(Ingredientes[[#This Row],[item]],insumos[item],0)),
IFERROR(
INDEX(CaProdutos[ID],MATCH(Ingredientes[[#This Row],[item]],CaProdutos[Item],0)),
""""
))",,,"=IFERROR(
INDEX(insumos[medida],MATCH(Ingredientes[[#This Row],[item]],insumos[item],0)),
IFERROR(
IF(MATCH(Ingredientes[[#This Row],[item]],CaProdutos[Item],0)>0,""Unidades"",""""),
""""
))","=IFERROR(INDEX(CaProdutos[Un. Por Lote], MATCH(Ingredientes[[#This Row],[Produto]], CaProdutos[Item], 0)), """")","=IFERROR(
    INDEX(insumos[preço],MATCH(Ingredientes[[#This Row],[item]],insumos[item],0))
    /INDEX(insumos[quantidade],MATCH(Ingredientes[[#This Row],[item]],insumos[item],0))
    *Ingredientes[[#This Row],[qtd.]],
    IFERROR(
        INDEX(CaProdutos[Custo de Produção (1 un.)],MATCH(Ingredientes[[#This Row],[item]],CaProdutos[Item],0))
        *Ingredientes[[#This Row],[qtd.]],
        """"
    )
)",,,,,,,,,,,,,,,,,
,,,"=IFERROR(
INDEX(insumos[ID],MATCH(Ingredientes[[#This Row],[item]],insumos[item],0)),
IFERROR(
INDEX(CaProdutos[ID],MATCH(Ingredientes[[#This Row],[item]],CaProdutos[Item],0)),
""""
))",,,"=IFERROR(
INDEX(insumos[medida],MATCH(Ingredientes[[#This Row],[item]],insumos[item],0)),
IFERROR(
IF(MATCH(Ingredientes[[#This Row],[item]],CaProdutos[Item],0)>0,""Unidades"",""""),
""""
))","=IFERROR(INDEX(CaProdutos[Un. Por Lote], MATCH(Ingredientes[[#This Row],[Produto]], CaProdutos[Item], 0)), """")","=IFERROR(
    INDEX(insumos[preço],MATCH(Ingredientes[[#This Row],[item]],insumos[item],0))
    /INDEX(insumos[quantidade],MATCH(Ingredientes[[#This Row],[item]],insumos[item],0))
    *Ingredientes[[#This Row],[qtd.]],
    IFERROR(
        INDEX(CaProdutos[Custo de Produção (1 un.)],MATCH(Ingredientes[[#This Row],[item]],CaProdutos[Item],0))
        *Ingredientes[[#This Row],[qtd.]],
        """"
    )
)",,,,,,,,,,,,,,,,,
,,,"=IFERROR(
INDEX(insumos[ID],MATCH(Ingredientes[[#This Row],[item]],insumos[item],0)),
IFERROR(
INDEX(CaProdutos[ID],MATCH(Ingredientes[[#This Row],[item]],CaProdutos[Item],0)),
""""
))",,,"=IFERROR(
INDEX(insumos[medida],MATCH(Ingredientes[[#This Row],[item]],insumos[item],0)),
IFERROR(
IF(MATCH(Ingredientes[[#This Row],[item]],CaProdutos[Item],0)>0,""Unidades"",""""),
""""
))","=IFERROR(INDEX(CaProdutos[Un. Por Lote], MATCH(Ingredientes[[#This Row],[Produto]], CaProdutos[Item], 0)), """")","=IFERROR(
    INDEX(insumos[preço],MATCH(Ingredientes[[#This Row],[item]],insumos[item],0))
    /INDEX(insumos[quantidade],MATCH(Ingredientes[[#This Row],[item]],insumos[item],0))
    *Ingredientes[[#This Row],[qtd.]],
    IFERROR(
        INDEX(CaProdutos[Custo de Produção (1 un.)],MATCH(Ingredientes[[#This Row],[item]],CaProdutos[Item],0))
        *Ingredientes[[#This Row],[qtd.]],
        """"
    )
)",,,,,,,,,,,,,,,,,
,,,"=IFERROR(
INDEX(insumos[ID],MATCH(Ingredientes[[#This Row],[item]],insumos[item],0)),
IFERROR(
INDEX(CaProdutos[ID],MATCH(Ingredientes[[#This Row],[item]],CaProdutos[Item],0)),
""""
))",,,"=IFERROR(
INDEX(insumos[medida],MATCH(Ingredientes[[#This Row],[item]],insumos[item],0)),
IFERROR(
IF(MATCH(Ingredientes[[#This Row],[item]],CaProdutos[Item],0)>0,""Unidades"",""""),
""""
))","=IFERROR(INDEX(CaProdutos[Un. Por Lote], MATCH(Ingredientes[[#This Row],[Produto]], CaProdutos[Item], 0)), """")","=IFERROR(
    INDEX(insumos[preço],MATCH(Ingredientes[[#This Row],[item]],insumos[item],0))
    /INDEX(insumos[quantidade],MATCH(Ingredientes[[#This Row],[item]],insumos[item],0))
    *Ingredientes[[#This Row],[qtd.]],
    IFERROR(
        INDEX(CaProdutos[Custo de Produção (1 un.)],MATCH(Ingredientes[[#This Row],[item]],CaProdutos[Item],0))
        *Ingredientes[[#This Row],[qtd.]],
        """"
    )
)",,,,,,,,,,,,,,,,,
,,,"=IFERROR(
INDEX(insumos[ID],MATCH(Ingredientes[[#This Row],[item]],insumos[item],0)),
IFERROR(
INDEX(CaProdutos[ID],MATCH(Ingredientes[[#This Row],[item]],CaProdutos[Item],0)),
""""
))",,,"=IFERROR(
INDEX(insumos[medida],MATCH(Ingredientes[[#This Row],[item]],insumos[item],0)),
IFERROR(
IF(MATCH(Ingredientes[[#This Row],[item]],CaProdutos[Item],0)>0,""Unidades"",""""),
""""
))","=IFERROR(INDEX(CaProdutos[Un. Por Lote], MATCH(Ingredientes[[#This Row],[Produto]], CaProdutos[Item], 0)), """")","=IFERROR(
    INDEX(insumos[preço],MATCH(Ingredientes[[#This Row],[item]],insumos[item],0))
    /INDEX(insumos[quantidade],MATCH(Ingredientes[[#This Row],[item]],insumos[item],0))
    *Ingredientes[[#This Row],[qtd.]],
    IFERROR(
        INDEX(CaProdutos[Custo de Produção (1 un.)],MATCH(Ingredientes[[#This Row],[item]],CaProdutos[Item],0))
        *Ingredientes[[#This Row],[qtd.]],
        """"
    )
)",,,,,,,,,,,,,,,,,
,,,"=IFERROR(
INDEX(insumos[ID],MATCH(Ingredientes[[#This Row],[item]],insumos[item],0)),
IFERROR(
INDEX(CaProdutos[ID],MATCH(Ingredientes[[#This Row],[item]],CaProdutos[Item],0)),
""""
))",,,"=IFERROR(
INDEX(insumos[medida],MATCH(Ingredientes[[#This Row],[item]],insumos[item],0)),
IFERROR(
IF(MATCH(Ingredientes[[#This Row],[item]],CaProdutos[Item],0)>0,""Unidades"",""""),
""""
))","=IFERROR(INDEX(CaProdutos[Un. Por Lote], MATCH(Ingredientes[[#This Row],[Produto]], CaProdutos[Item], 0)), """")","=IFERROR(
    INDEX(insumos[preço],MATCH(Ingredientes[[#This Row],[item]],insumos[item],0))
    /INDEX(insumos[quantidade],MATCH(Ingredientes[[#This Row],[item]],insumos[item],0))
    *Ingredientes[[#This Row],[qtd.]],
    IFERROR(
        INDEX(CaProdutos[Custo de Produção (1 un.)],MATCH(Ingredientes[[#This Row],[item]],CaProdutos[Item],0))
        *Ingredientes[[#This Row],[qtd.]],
        """"
    )
)",,,,,,,,,,,,,,,,,
,,,"=IFERROR(
INDEX(insumos[ID],MATCH(Ingredientes[[#This Row],[item]],insumos[item],0)),
IFERROR(
INDEX(CaProdutos[ID],MATCH(Ingredientes[[#This Row],[item]],CaProdutos[Item],0)),
""""
))",,,"=IFERROR(
INDEX(insumos[medida],MATCH(Ingredientes[[#This Row],[item]],insumos[item],0)),
IFERROR(
IF(MATCH(Ingredientes[[#This Row],[item]],CaProdutos[Item],0)>0,""Unidades"",""""),
""""
))","=IFERROR(INDEX(CaProdutos[Un. Por Lote], MATCH(Ingredientes[[#This Row],[Produto]], CaProdutos[Item], 0)), """")","=IFERROR(
    INDEX(insumos[preço],MATCH(Ingredientes[[#This Row],[item]],insumos[item],0))
    /INDEX(insumos[quantidade],MATCH(Ingredientes[[#This Row],[item]],insumos[item],0))
    *Ingredientes[[#This Row],[qtd.]],
    IFERROR(
        INDEX(CaProdutos[Custo de Produção (1 un.)],MATCH(Ingredientes[[#This Row],[item]],CaProdutos[Item],0))
        *Ingredientes[[#This Row],[qtd.]],
        """"
    )
)",,,,,,,,,,,,,,,,,
,,,"=IFERROR(
INDEX(insumos[ID],MATCH(Ingredientes[[#This Row],[item]],insumos[item],0)),
IFERROR(
INDEX(CaProdutos[ID],MATCH(Ingredientes[[#This Row],[item]],CaProdutos[Item],0)),
""""
))",,,"=IFERROR(
INDEX(insumos[medida],MATCH(Ingredientes[[#This Row],[item]],insumos[item],0)),
IFERROR(
IF(MATCH(Ingredientes[[#This Row],[item]],CaProdutos[Item],0)>0,""Unidades"",""""),
""""
))","=IFERROR(INDEX(CaProdutos[Un. Por Lote], MATCH(Ingredientes[[#This Row],[Produto]], CaProdutos[Item], 0)), """")","=IFERROR(
    INDEX(insumos[preço],MATCH(Ingredientes[[#This Row],[item]],insumos[item],0))
    /INDEX(insumos[quantidade],MATCH(Ingredientes[[#This Row],[item]],insumos[item],0))
    *Ingredientes[[#This Row],[qtd.]],
    IFERROR(
        INDEX(CaProdutos[Custo de Produção (1 un.)],MATCH(Ingredientes[[#This Row],[item]],CaProdutos[Item],0))
        *Ingredientes[[#This Row],[qtd.]],
        """"
    )
)",,,,,,,,,,,,,,,,,
,,,"=IFERROR(
INDEX(insumos[ID],MATCH(Ingredientes[[#This Row],[item]],insumos[item],0)),
IFERROR(
INDEX(CaProdutos[ID],MATCH(Ingredientes[[#This Row],[item]],CaProdutos[Item],0)),
""""
))",,,"=IFERROR(
INDEX(insumos[medida],MATCH(Ingredientes[[#This Row],[item]],insumos[item],0)),
IFERROR(
IF(MATCH(Ingredientes[[#This Row],[item]],CaProdutos[Item],0)>0,""Unidades"",""""),
""""
))","=IFERROR(INDEX(CaProdutos[Un. Por Lote], MATCH(Ingredientes[[#This Row],[Produto]], CaProdutos[Item], 0)), """")","=IFERROR(
    INDEX(insumos[preço],MATCH(Ingredientes[[#This Row],[item]],insumos[item],0))
    /INDEX(insumos[quantidade],MATCH(Ingredientes[[#This Row],[item]],insumos[item],0))
    *Ingredientes[[#This Row],[qtd.]],
    IFERROR(
        INDEX(CaProdutos[Custo de Produção (1 un.)],MATCH(Ingredientes[[#This Row],[item]],CaProdutos[Item],0))
        *Ingredientes[[#This Row],[qtd.]],
        """"
    )
)",,,,,,,,,,,,,,,,,
,,,"=IFERROR(
INDEX(insumos[ID],MATCH(Ingredientes[[#This Row],[item]],insumos[item],0)),
IFERROR(
INDEX(CaProdutos[ID],MATCH(Ingredientes[[#This Row],[item]],CaProdutos[Item],0)),
""""
))",,,"=IFERROR(
INDEX(insumos[medida],MATCH(Ingredientes[[#This Row],[item]],insumos[item],0)),
IFERROR(
IF(MATCH(Ingredientes[[#This Row],[item]],CaProdutos[Item],0)>0,""Unidades"",""""),
""""
))","=IFERROR(INDEX(CaProdutos[Un. Por Lote], MATCH(Ingredientes[[#This Row],[Produto]], CaProdutos[Item], 0)), """")","=IFERROR(
    INDEX(insumos[preço],MATCH(Ingredientes[[#This Row],[item]],insumos[item],0))
    /INDEX(insumos[quantidade],MATCH(Ingredientes[[#This Row],[item]],insumos[item],0))
    *Ingredientes[[#This Row],[qtd.]],
    IFERROR(
        INDEX(CaProdutos[Custo de Produção (1 un.)],MATCH(Ingredientes[[#This Row],[item]],CaProdutos[Item],0))
        *Ingredientes[[#This Row],[qtd.]],
        """"
    )
)",,,,,,,,,,,,,,,,,
,,,"=IFERROR(
INDEX(insumos[ID],MATCH(Ingredientes[[#This Row],[item]],insumos[item],0)),
IFERROR(
INDEX(CaProdutos[ID],MATCH(Ingredientes[[#This Row],[item]],CaProdutos[Item],0)),
""""
))",,,"=IFERROR(
INDEX(insumos[medida],MATCH(Ingredientes[[#This Row],[item]],insumos[item],0)),
IFERROR(
IF(MATCH(Ingredientes[[#This Row],[item]],CaProdutos[Item],0)>0,""Unidades"",""""),
""""
))","=IFERROR(INDEX(CaProdutos[Un. Por Lote], MATCH(Ingredientes[[#This Row],[Produto]], CaProdutos[Item], 0)), """")","=IFERROR(
    INDEX(insumos[preço],MATCH(Ingredientes[[#This Row],[item]],insumos[item],0))
    /INDEX(insumos[quantidade],MATCH(Ingredientes[[#This Row],[item]],insumos[item],0))
    *Ingredientes[[#This Row],[qtd.]],
    IFERROR(
        INDEX(CaProdutos[Custo de Produção (1 un.)],MATCH(Ingredientes[[#This Row],[item]],CaProdutos[Item],0))
        *Ingredientes[[#This Row],[qtd.]],
        """"
    )
)",,,,,,,,,,,,,,,,,
,,,"=IFERROR(
INDEX(insumos[ID],MATCH(Ingredientes[[#This Row],[item]],insumos[item],0)),
IFERROR(
INDEX(CaProdutos[ID],MATCH(Ingredientes[[#This Row],[item]],CaProdutos[Item],0)),
""""
))",,,"=IFERROR(
INDEX(insumos[medida],MATCH(Ingredientes[[#This Row],[item]],insumos[item],0)),
IFERROR(
IF(MATCH(Ingredientes[[#This Row],[item]],CaProdutos[Item],0)>0,""Unidades"",""""),
""""
))","=IFERROR(INDEX(CaProdutos[Un. Por Lote], MATCH(Ingredientes[[#This Row],[Produto]], CaProdutos[Item], 0)), """")","=IFERROR(
    INDEX(insumos[preço],MATCH(Ingredientes[[#This Row],[item]],insumos[item],0))
    /INDEX(insumos[quantidade],MATCH(Ingredientes[[#This Row],[item]],insumos[item],0))
    *Ingredientes[[#This Row],[qtd.]],
    IFERROR(
        INDEX(CaProdutos[Custo de Produção (1 un.)],MATCH(Ingredientes[[#This Row],[item]],CaProdutos[Item],0))
        *Ingredientes[[#This Row],[qtd.]],
        """"
    )
)",,,,,,,,,,,,,,,,,
,,,"=IFERROR(
INDEX(insumos[ID],MATCH(Ingredientes[[#This Row],[item]],insumos[item],0)),
IFERROR(
INDEX(CaProdutos[ID],MATCH(Ingredientes[[#This Row],[item]],CaProdutos[Item],0)),
""""
))",,,"=IFERROR(
INDEX(insumos[medida],MATCH(Ingredientes[[#This Row],[item]],insumos[item],0)),
IFERROR(
IF(MATCH(Ingredientes[[#This Row],[item]],CaProdutos[Item],0)>0,""Unidades"",""""),
""""
))","=IFERROR(INDEX(CaProdutos[Un. Por Lote], MATCH(Ingredientes[[#This Row],[Produto]], CaProdutos[Item], 0)), """")","=IFERROR(
    INDEX(insumos[preço],MATCH(Ingredientes[[#This Row],[item]],insumos[item],0))
    /INDEX(insumos[quantidade],MATCH(Ingredientes[[#This Row],[item]],insumos[item],0))
    *Ingredientes[[#This Row],[qtd.]],
    IFERROR(
        INDEX(CaProdutos[Custo de Produção (1 un.)],MATCH(Ingredientes[[#This Row],[item]],CaProdutos[Item],0))
        *Ingredientes[[#This Row],[qtd.]],
        """"
    )
)",,,,,,,,,,,,,,,,,
,,,"=IFERROR(
INDEX(insumos[ID],MATCH(Ingredientes[[#This Row],[item]],insumos[item],0)),
IFERROR(
INDEX(CaProdutos[ID],MATCH(Ingredientes[[#This Row],[item]],CaProdutos[Item],0)),
""""
))",,,"=IFERROR(
INDEX(insumos[medida],MATCH(Ingredientes[[#This Row],[item]],insumos[item],0)),
IFERROR(
IF(MATCH(Ingredientes[[#This Row],[item]],CaProdutos[Item],0)>0,""Unidades"",""""),
""""
))","=IFERROR(INDEX(CaProdutos[Un. Por Lote], MATCH(Ingredientes[[#This Row],[Produto]], CaProdutos[Item], 0)), """")","=IFERROR(
    INDEX(insumos[preço],MATCH(Ingredientes[[#This Row],[item]],insumos[item],0))
    /INDEX(insumos[quantidade],MATCH(Ingredientes[[#This Row],[item]],insumos[item],0))
    *Ingredientes[[#This Row],[qtd.]],
    IFERROR(
        INDEX(CaProdutos[Custo de Produção (1 un.)],MATCH(Ingredientes[[#This Row],[item]],CaProdutos[Item],0))
        *Ingredientes[[#This Row],[qtd.]],
        """"
    )
)",,,,,,,,,,,,,,,,,
,,,"=IFERROR(
INDEX(insumos[ID],MATCH(Ingredientes[[#This Row],[item]],insumos[item],0)),
IFERROR(
INDEX(CaProdutos[ID],MATCH(Ingredientes[[#This Row],[item]],CaProdutos[Item],0)),
""""
))",,,"=IFERROR(
INDEX(insumos[medida],MATCH(Ingredientes[[#This Row],[item]],insumos[item],0)),
IFERROR(
IF(MATCH(Ingredientes[[#This Row],[item]],CaProdutos[Item],0)>0,""Unidades"",""""),
""""
))","=IFERROR(INDEX(CaProdutos[Un. Por Lote], MATCH(Ingredientes[[#This Row],[Produto]], CaProdutos[Item], 0)), """")","=IFERROR(
    INDEX(insumos[preço],MATCH(Ingredientes[[#This Row],[item]],insumos[item],0))
    /INDEX(insumos[quantidade],MATCH(Ingredientes[[#This Row],[item]],insumos[item],0))
    *Ingredientes[[#This Row],[qtd.]],
    IFERROR(
        INDEX(CaProdutos[Custo de Produção (1 un.)],MATCH(Ingredientes[[#This Row],[item]],CaProdutos[Item],0))
        *Ingredientes[[#This Row],[qtd.]],
        """"
    )
)",,,,,,,,,,,,,,,,,
,,,"=IFERROR(
INDEX(insumos[ID],MATCH(Ingredientes[[#This Row],[item]],insumos[item],0)),
IFERROR(
INDEX(CaProdutos[ID],MATCH(Ingredientes[[#This Row],[item]],CaProdutos[Item],0)),
""""
))",,,"=IFERROR(
INDEX(insumos[medida],MATCH(Ingredientes[[#This Row],[item]],insumos[item],0)),
IFERROR(
IF(MATCH(Ingredientes[[#This Row],[item]],CaProdutos[Item],0)>0,""Unidades"",""""),
""""
))","=IFERROR(INDEX(CaProdutos[Un. Por Lote], MATCH(Ingredientes[[#This Row],[Produto]], CaProdutos[Item], 0)), """")","=IFERROR(
    INDEX(insumos[preço],MATCH(Ingredientes[[#This Row],[item]],insumos[item],0))
    /INDEX(insumos[quantidade],MATCH(Ingredientes[[#This Row],[item]],insumos[item],0))
    *Ingredientes[[#This Row],[qtd.]],
    IFERROR(
        INDEX(CaProdutos[Custo de Produção (1 un.)],MATCH(Ingredientes[[#This Row],[item]],CaProdutos[Item],0))
        *Ingredientes[[#This Row],[qtd.]],
        """"
    )
)",,,,,,,,,,,,,,,,,
,,,"=IFERROR(
INDEX(insumos[ID],MATCH(Ingredientes[[#This Row],[item]],insumos[item],0)),
IFERROR(
INDEX(CaProdutos[ID],MATCH(Ingredientes[[#This Row],[item]],CaProdutos[Item],0)),
""""
))",,,"=IFERROR(
INDEX(insumos[medida],MATCH(Ingredientes[[#This Row],[item]],insumos[item],0)),
IFERROR(
IF(MATCH(Ingredientes[[#This Row],[item]],CaProdutos[Item],0)>0,""Unidades"",""""),
""""
))","=IFERROR(INDEX(CaProdutos[Un. Por Lote], MATCH(Ingredientes[[#This Row],[Produto]], CaProdutos[Item], 0)), """")","=IFERROR(
    INDEX(insumos[preço],MATCH(Ingredientes[[#This Row],[item]],insumos[item],0))
    /INDEX(insumos[quantidade],MATCH(Ingredientes[[#This Row],[item]],insumos[item],0))
    *Ingredientes[[#This Row],[qtd.]],
    IFERROR(
        INDEX(CaProdutos[Custo de Produção (1 un.)],MATCH(Ingredientes[[#This Row],[item]],CaProdutos[Item],0))
        *Ingredientes[[#This Row],[qtd.]],
        """"
    )
)",,,,,,,,,,,,,,,,,
,,Total,,,,,,105.34463447936102,,,,,,,,,,,,,,,,,
